date,open,high,low,close,adj_close,volume
2011-01-03,1557.0,1564.65,1470.0,1476.5,988.46,982492
2011-01-04,1479.0,1484.8,1420.65,1429.8,957.2,1781719
2011-01-05,1430.0,1430.0,1368.3,1374.5,920.18,1518567
2011-01-06,1383.2,1391.25,1321.7,1327.85,888.95,2462539
2011-01-07,1330.0,1352.0,1302.0,1316.6,881.42,2314796
2011-01-10,1327.9,1331.85,1256.0,1261.75,844.7,1396888
2011-01-11,1273.0,1321.0,1273.0,1305.7,874.12,1530693
2011-01-12,1316.0,1322.5,1265.0,1286.95,861.57,1263340
2011-01-13,1292.0,1310.0,1277.45,1286.55,861.3,633826
2011-01-14,1286.1,1295.2,1237.2,1246.8,834.69,582403
2011-01-17,1244.0,1276.0,1223.45,1268.4,849.15,563657
2011-01-18,1270.25,1299.0,1267.2,1294.7,866.76,508333
2011-01-19,1293.0,1325.0,1275.0,1321.8,884.9,2156558
2011-01-20,1322.1,1340.0,1287.6,1300.2,870.44,1113436
2011-01-21,1302.0,1329.3,1295.3,1313.3,879.21,739175
2011-01-24,1327.0,1338.7,1305.05,1307.35,875.22,262029
2011-01-25,1315.0,1320.1,1286.5,1294.35,866.52,335407
2011-01-27,1310.0,1318.4,1275.0,1286.15,861.03,816579
2011-01-28,1289.0,1289.0,1245.0,1260.65,843.96,476550
2011-01-31,1250.0,1263.8,1165.65,1245.95,834.12,444674
2011-02-01,1269.6,1274.4,1236.0,1246.1,834.22,387073
2011-02-02,1254.0,1262.0,1205.0,1214.3,812.93,644948
2011-02-03,1214.0,1229.8,1201.2,1209.55,809.75,663136
2011-02-04,1214.0,1250.0,1212.0,1226.8,821.3,796378
2011-02-07,1230.0,1233.4,1204.4,1217.8,815.27,197837
2011-02-08,1230.0,1254.0,1212.1,1239.2,829.6,501472
2011-02-09,1226.0,1231.15,1190.0,1204.15,806.14,819790
2011-02-10,1190.0,1228.3,1190.0,1209.9,809.98,482022
2011-02-11,1200.0,1269.0,1200.0,1255.9,840.78,441480
2011-02-14,1265.0,1304.9,1261.35,1298.5,869.3,451725
2011-02-15,1307.4,1558.15,1291.9,1328.1,889.12,1026155
2011-02-16,1335.0,1350.0,1318.0,1332.1,891.79,267440
2011-02-17,1335.0,1359.2,1330.05,1351.25,904.61,499086
2011-02-18,1351.25,1362.9,1325.2,1339.1,896.48,1018163
2011-02-21,1330.0,1345.0,1322.85,1335.75,894.24,555142
2011-02-22,1336.0,1352.2,1321.1,1329.8,890.25,687636
2011-02-23,1326.0,1330.0,1304.0,1307.2,875.12,598564
2011-02-24,1306.0,1306.0,1255.3,1264.3,846.4,833565
2011-02-25,1292.0,1294.9,1245.25,1282.25,858.42,643336
2011-02-28,1285.0,1320.0,1258.5,1269.15,849.65,460075
2011-03-01,1276.7,1340.0,1276.7,1335.5,894.07,725413
2011-03-03,1335.0,1369.0,1324.45,1350.1,903.84,693914
2011-03-04,1384.8,1389.0,1367.4,1376.9,921.79,828802
2011-03-07,1368.0,1374.9,1344.6,1365.45,914.12,391399
2011-03-08,1372.0,1396.5,1366.05,1390.6,930.96,429662
2011-03-09,1399.0,1419.9,1392.0,1417.05,948.66,696814
2011-03-10,1409.7,1413.15,1393.35,1401.3,938.12,216107
2011-03-11,1395.0,1401.3,1353.0,1374.15,919.94,235351
2011-03-14,1370.05,1392.9,1354.0,1383.3,926.07,419990
2011-03-15,1354.1,1388.0,1341.15,1365.95,914.45,221618
2011-03-16,1381.85,1387.15,1366.1,1372.35,918.74,283084
2011-03-17,1362.0,1386.0,1350.0,1358.95,909.77,158326
2011-03-18,1368.0,1385.0,1350.0,1358.35,909.37,251842
2011-03-21,1358.5,1369.25,1342.55,1355.5,907.46,154595
2011-03-22,1361.9,1370.0,1356.25,1362.0,911.81,93168
2011-03-23,1363.0,1378.05,1348.9,1359.95,910.44,211796
2011-03-24,1362.55,1374.5,1346.75,1354.45,906.76,172216
2011-03-25,1370.0,1386.5,1351.0,1381.2,924.66,286138
2011-03-28,1390.0,1412.45,1385.05,1402.6,938.99,333428
2011-03-29,1400.0,1422.0,1400.0,1406.9,941.87,327406
2011-03-30,1419.9,1430.0,1407.1,1420.95,951.27,518724
2011-03-31,1433.0,1474.0,1421.9,1463.25,979.59,976586
2011-04-01,1478.0,1481.9,1448.05,1458.95,976.71,431413
2011-04-04,1472.0,1474.4,1440.0,1456.95,975.38,446712
2011-04-05,1458.7,1458.7,1433.75,1438.15,962.79,451815
2011-04-06,1440.0,1465.0,1435.95,1451.6,971.79,280888
2011-04-07,1459.95,1459.95,1436.0,1440.25,964.2,323494
2011-04-08,1448.9,1450.0,1407.6,1416.95,948.6,371850
2011-04-11,1410.0,1410.1,1369.6,1382.1,925.27,307606
2011-04-13,1376.0,1404.95,1363.0,1398.75,936.41,443721
2011-04-15,1395.25,1425.0,1386.25,1419.65,950.4,208812
2011-04-18,1430.0,1453.0,1420.5,1437.8,962.56,451399
2011-04-19,1430.2,1460.95,1419.4,1452.55,972.43,469376
2011-04-20,1460.0,1479.4,1443.0,1474.4,987.06,306158
2011-04-21,1480.0,1484.15,1460.0,1465.0,980.76,341855
2011-04-25,1465.0,1484.2,1463.0,1477.7,989.27,168382
2011-04-26,1477.0,1490.0,1452.6,1485.6,994.56,222698
2011-04-27,1489.9,1495.0,1466.0,1474.45,987.09,274411
2011-04-28,1476.55,1495.0,1470.95,1477.7,989.27,391248
2011-04-29,1473.0,1500.5,1450.0,1474.0,986.79,477427
2011-05-02,1478.3,1496.35,1425.25,1440.55,964.4,386419
2011-05-03,1426.15,1455.0,1357.25,1367.15,915.26,679514
2011-05-04,1362.0,1362.0,1287.45,1303.35,872.55,1205843
2011-05-05,1304.0,1313.55,1273.7,1285.9,860.86,745379
2011-05-06,1290.0,1325.0,1270.0,1319.0,883.02,446238
2011-05-09,1330.0,1341.8,1288.1,1295.9,867.56,323265
2011-05-10,1297.0,1326.5,1283.35,1310.85,877.57,297707
2011-05-11,1315.8,1329.95,1299.0,1319.25,883.19,313478
2011-05-12,1318.8,1340.0,1301.25,1308.45,875.96,377341
2011-05-13,1310.1,1363.0,1301.3,1336.6,894.81,329942
2011-05-16,1328.9,1331.0,1294.3,1299.65,870.07,284556
2011-05-17,1302.0,1320.0,1285.0,1310.15,877.1,345369
2011-05-18,1317.1,1329.8,1260.3,1287.4,861.87,2270962
2011-05-19,1300.0,1309.8,1286.3,1292.9,865.55,582485
2011-05-20,1298.0,1335.4,1294.0,1330.8,890.92,594444
2011-05-23,1320.0,1323.0,1297.1,1305.05,873.68,363973
2011-05-24,1327.0,1327.0,1301.5,1311.55,878.04,249414
2011-05-25,1309.0,1309.1,1282.1,1290.25,863.78,514221
2011-05-26,1299.0,1307.0,1285.05,1297.05,868.33,493544
2011-05-27,1301.0,1322.0,1288.2,1316.5,881.35,460670
2011-05-30,1320.0,1336.0,1305.15,1327.9,888.98,283192
2011-05-31,1327.9,1354.0,1327.9,1344.5,900.09,395629
2011-06-01,1346.2,1364.9,1325.0,1335.6,894.14,577275
2011-06-02,1325.0,1374.8,1310.6,1368.5,916.16,669185
2011-06-03,1375.0,1389.0,1367.15,1375.8,921.05,360138
2011-06-06,1360.0,1368.9,1338.0,1361.7,911.61,214882
2011-06-07,1360.0,1360.0,1339.4,1350.05,903.81,246553
2011-06-08,1351.0,1352.0,1325.0,1330.9,890.99,172948
2011-06-09,1338.5,1344.0,1321.4,1333.4,892.66,173463
2011-06-10,1336.0,1338.8,1319.2,1324.85,886.94,222635
2011-06-13,1334.9,1347.9,1328.0,1345.1,900.5,301987
2011-06-14,1345.25,1377.0,1345.25,1373.65,919.61,301741
2011-06-15,1378.0,1379.2,1362.35,1369.7,916.96,387760
2011-06-16,1365.0,1365.0,1340.0,1344.95,900.4,340304
2011-06-17,1340.25,1364.45,1331.25,1342.7,898.89,175279
2011-06-20,1333.0,1343.7,1295.0,1311.8,878.2,413744
2011-06-21,1320.0,1329.0,1306.25,1321.35,884.6,363199
2011-06-22,1325.65,1347.0,1321.5,1342.45,898.72,124333
2011-06-23,1344.0,1399.85,1326.6,1336.55,894.77,159166
2011-06-24,1340.0,1395.0,1339.95,1387.75,929.05,568712
2011-06-27,1391.0,1444.0,1375.0,1383.3,926.07,656355
2011-06-28,1389.7,1425.25,1380.05,1420.1,950.71,269656
2011-06-29,1394.0,1419.0,1385.0,1401.85,965.69,545318
2011-06-30,1414.8,1420.75,1396.0,1407.1,969.31,621078
2011-07-01,1432.1,1438.8,1405.0,1423.15,980.36,215369
2011-07-04,1452.8,1452.8,1420.0,1424.45,981.26,176103
2011-07-05,1425.9,1445.0,1422.4,1427.7,983.5,270435
2011-07-06,1417.0,1443.0,1417.0,1437.25,990.07,242012
2011-07-07,1433.0,1464.0,1428.5,1455.95,1002.96,413183
2011-07-08,1462.5,1476.5,1452.5,1459.8,1005.61,284939
2011-07-11,1460.05,1463.0,1439.65,1452.1,1000.3,243921
2011-07-12,1440.5,1455.0,1415.0,1425.85,982.22,203996
2011-07-13,1435.0,1458.0,1430.2,1451.8,1000.1,234212
2011-07-14,1459.0,1463.2,1406.3,1430.7,985.56,1165031
2011-07-15,1415.3,1429.0,1406.0,1422.2,979.71,308621
2011-07-18,1425.65,1435.0,1410.0,1416.9,976.06,214540
2011-07-19,1428.7,1443.0,1413.3,1434.75,988.35,271726
2011-07-20,1440.0,1448.2,1417.05,1424.55,981.33,174533
2011-07-21,1427.0,1433.75,1410.0,1419.5,977.85,213747
2011-07-22,1430.0,1450.2,1427.55,1448.55,997.86,242857
2011-07-25,1449.4,1456.0,1431.25,1446.4,996.38,329369
2011-07-26,1446.0,1453.85,1417.05,1425.75,982.15,291149
2011-07-27,1425.0,1445.05,1418.4,1434.4,988.11,301919
2011-07-28,1433.5,1453.0,1418.25,1448.35,997.72,257304
2011-07-29,1447.0,1482.0,1430.8,1469.6,1012.36,520835
2011-08-01,1472.5,1497.4,1472.5,1486.4,1023.93,340907
2011-08-02,1479.45,1504.85,1476.0,1484.8,1022.83,355385
2011-08-03,1461.1,1474.0,1446.55,1454.65,1002.06,315262
2011-08-04,1455.0,1459.4,1412.0,1419.65,977.95,242418
2011-08-05,1397.0,1419.8,1356.25,1398.55,963.42,290820
2011-08-08,1362.25,1447.3,1362.25,1415.7,975.23,439840
2011-08-09,1359.0,1468.9,1356.0,1426.2,982.46,598448
2011-08-10,1441.0,1493.65,1427.5,1486.05,1023.69,589716
2011-08-11,1475.0,1484.5,1449.95,1456.85,1003.58,363465
2011-08-12,1465.0,1468.95,1440.0,1454.55,1001.99,423239
2011-08-16,1460.0,1471.9,1448.5,1456.35,1003.23,259015
2011-08-17,1465.0,1473.05,1435.0,1452.4,1000.51,236156
2011-08-18,1450.25,1457.95,1403.2,1437.75,990.42,497113
2011-08-19,1413.0,1454.5,1400.85,1427.15,983.12,450277
2011-08-22,1429.8,1491.8,1401.25,1481.25,1020.38,550604
2011-08-23,1485.0,1570.5,1470.0,1544.85,1064.2,708844
2011-08-24,1559.0,1565.9,1491.75,1516.05,1044.36,546455
2011-08-25,1520.25,1560.0,1502.2,1517.4,1045.29,624893
2011-08-26,1515.0,1542.5,1480.0,1503.7,1035.85,488399
2011-08-29,1505.0,1617.0,1505.0,1573.55,1083.97,1010232
2011-08-30,1589.0,1590.0,1548.4,1573.55,1083.97,643577
2011-09-02,1639.0,1639.5,1586.0,1628.1,1121.55,679766
2011-09-05,1624.0,1689.7,1612.35,1667.0,1148.34,712904
2011-09-06,1670.0,1694.85,1628.1,1643.7,1132.29,586133
2011-09-07,1645.7,1672.0,1631.0,1640.45,1130.05,407606
2011-09-08,1638.2,1648.9,1601.8,1625.0,1119.41,472420
2011-09-09,1628.0,1650.0,1623.15,1625.45,1119.72,297225
2011-09-12,1606.0,1620.0,1565.0,1573.35,1083.83,358546
2011-09-13,1584.95,1626.65,1573.55,1600.15,1102.29,389232
2011-09-14,1605.0,1642.6,1580.5,1629.3,1122.37,794550
2011-09-15,1635.0,1642.5,1606.0,1628.6,1121.89,316196
2011-09-16,1630.25,1638.45,1610.0,1626.15,1120.2,317907
2011-09-19,1629.85,1631.0,1592.2,1601.95,1103.53,278761
2011-09-20,1607.0,1630.0,1605.3,1628.1,1121.55,291674
2011-09-21,1628.15,1633.5,1595.1,1603.1,1104.32,263863
2011-09-22,1595.0,1595.0,1536.6,1542.35,1062.47,565257
2011-09-23,1535.0,1565.6,1520.85,1548.6,1066.78,508073
2011-09-26,1551.0,1551.0,1485.0,1509.0,1039.5,468201
2011-09-27,1525.0,1550.0,1509.4,1545.4,1064.58,483498
2011-09-28,1545.85,1545.85,1502.3,1515.4,1043.91,821979
2011-09-29,1505.0,1548.3,1494.0,1539.0,1060.17,564047
2011-09-30,1530.0,1565.45,1514.0,1535.95,1058.07,386423
2011-10-03,1525.0,1548.9,1502.45,1519.5,1046.73,474547
2011-10-04,1519.5,1533.15,1477.2,1493.6,1028.89,482145
2011-10-05,1501.9,1514.5,1482.3,1497.95,1031.89,289106
2011-10-07,1517.4,1538.5,1489.1,1503.1,1035.44,414572
2011-10-10,1495.1,1572.9,1493.1,1553.55,1070.19,420110
2011-10-11,1568.0,1589.5,1568.0,1578.75,1087.55,648631
2011-10-12,1585.0,1616.95,1557.0,1586.25,1092.72,626689
2011-10-13,1586.5,1604.9,1577.05,1586.3,1092.75,303763
2011-10-14,1586.3,1639.95,1580.05,1633.4,1125.2,310643
2011-10-17,1648.0,1662.65,1626.25,1654.35,1139.63,320667
2011-10-18,1635.0,1649.95,1598.55,1607.65,1107.46,261766
2011-10-19,1624.0,1648.0,1621.5,1636.65,1127.43,509465
2011-10-20,1643.0,1655.0,1555.15,1613.55,1111.52,1371301
2011-10-21,1629.0,1654.95,1614.4,1641.3,1130.64,692109
2011-10-24,1662.0,1706.0,1656.0,1694.4,1167.22,645780
2011-10-25,1705.0,1764.8,1678.65,1751.65,1206.65,515279
2011-10-28,1799.7,1823.55,1751.0,1756.7,1210.13,487888
2011-10-31,1763.0,1769.65,1721.25,1729.9,1191.67,319157
2011-11-01,1728.4,1750.0,1691.0,1713.5,1180.37,317896
2011-11-02,1705.0,1747.95,1700.0,1718.6,1183.89,460966
2011-11-03,1728.25,1735.0,1703.0,1727.9,1190.29,203849
2011-11-04,1769.0,1769.3,1710.0,1744.75,1201.9,396363
2011-11-08,1738.0,1753.9,1717.15,1724.0,1187.61,186399
2011-11-09,1735.0,1747.0,1704.3,1715.0,1181.41,422171
2011-11-11,1715.0,1754.0,1696.55,1745.55,1202.45,360380
2011-11-14,1757.0,1774.9,1732.6,1737.85,1197.15,251453
2011-11-15,1735.0,1756.0,1706.0,1716.25,1182.27,220537
2011-11-16,1725.0,1740.0,1690.05,1725.7,1188.78,232273
2011-11-17,1725.0,1737.8,1712.1,1718.2,1183.61,239797
2011-11-18,1710.0,1727.9,1685.05,1692.4,1165.84,237212
2011-11-21,1681.5,1698.75,1615.0,1623.25,1118.2,381310
2011-11-22,1629.95,1633.05,1580.0,1600.1,1102.26,620320
2011-11-23,1599.0,1611.95,1565.8,1600.05,1102.22,434677
2011-11-24,1601.8,1676.9,1567.55,1654.8,1139.94,770419
2011-11-25,1650.0,1673.8,1630.45,1639.25,1129.23,711745
2011-11-28,1647.0,1666.85,1597.65,1617.9,1114.52,602501
2011-11-29,1616.0,1656.0,1604.4,1649.1,1136.01,637470
2011-11-30,1648.0,1689.0,1631.45,1669.0,1149.72,549026
2011-12-01,1700.0,1729.8,1696.65,1703.85,1173.73,427820
2011-12-02,1695.25,1720.0,1678.55,1714.55,1181.1,572981
2011-12-05,1715.4,1725.0,1685.1,1700.3,1171.28,294590
2011-12-07,1714.9,1731.6,1688.35,1724.45,1187.92,445761
2011-12-08,1723.9,1739.0,1715.0,1728.1,1190.43,674181
2011-12-09,1719.0,1719.0,1656.5,1670.35,1150.65,496143
2011-12-12,1694.0,1694.55,1618.0,1631.1,1123.61,383792
2011-12-13,1612.35,1668.0,1612.35,1659.85,1143.42,312977
2011-12-14,1660.0,1685.0,1640.05,1649.1,1136.01,585662
2011-12-15,1638.0,1660.0,1626.25,1651.65,1137.77,330750
2011-12-16,1653.0,1707.9,1635.3,1650.75,1137.15,646551
2011-12-19,1650.75,1657.9,1626.0,1641.1,1130.5,347378
2011-12-20,1654.95,1661.85,1594.9,1600.65,1102.64,497259
2011-12-21,1630.0,1630.0,1567.6,1614.3,1112.04,575749
2011-12-22,1591.0,1620.0,1582.15,1611.75,1110.28,410356
2011-12-23,1620.0,1620.0,1588.0,1598.55,1101.19,315520
2011-12-26,1599.1,1619.0,1593.25,1611.15,1109.87,199783
2011-12-27,1615.0,1634.3,1600.95,1625.5,1119.75,278288
2011-12-28,1626.0,1642.7,1596.0,1609.85,1108.97,270036
2011-12-29,1599.95,1612.4,1594.3,1602.35,1103.81,467321
2011-12-30,1612.0,1616.4,1581.2,1591.4,1096.26,253010
2012-01-02,1600.0,1600.0,1442.0,1475.5,1016.42,1562234
2012-01-03,1477.7,1503.2,1450.0,1494.5,1029.51,1571131
2012-01-04,1500.0,1500.0,1414.55,1425.55,982.02,1409364
2012-01-05,1425.0,1474.0,1420.0,1468.6,1011.67,706451
2012-01-06,1451.65,1473.05,1441.1,1456.75,1003.51,610087
2012-01-09,1441.0,1448.0,1408.65,1422.35,979.81,642117
2012-01-10,1425.95,1464.0,1425.1,1429.5,984.74,785660
2012-01-11,1436.9,1464.0,1428.0,1456.9,1003.61,579709
2012-01-12,1463.0,1486.0,1456.9,1475.6,1016.49,401787
2012-01-13,1487.85,1489.15,1420.9,1430.75,985.6,781805
2012-01-16,1430.0,1444.0,1407.2,1423.55,980.64,961687
2012-01-17,1427.1,1462.0,1427.1,1452.5,1000.58,844361
2012-01-18,1465.0,1472.0,1440.1,1454.75,1002.13,574832
2012-01-19,1466.5,1482.4,1425.0,1467.75,1011.09,1758437
2012-01-20,1470.0,1575.0,1461.0,1561.35,1075.56,2163086
2012-01-23,1561.35,1591.65,1551.0,1574.55,1084.66,678084
2012-01-24,1580.0,1597.0,1555.85,1580.65,1088.86,565749
2012-01-25,1584.95,1609.6,1568.9,1587.85,1093.82,705819
2012-01-27,1598.0,1601.05,1524.0,1539.75,1060.68,934981
2012-01-30,1534.95,1560.95,1526.0,1550.2,1067.88,441162
2012-01-31,1569.75,1610.0,1532.2,1601.3,1103.08,895498
2012-02-01,1621.0,1639.8,1585.2,1610.8,1109.63,567315
2012-02-02,1620.3,1625.0,1588.0,1607.45,1107.32,570411
2012-02-03,1609.0,1636.0,1602.05,1611.85,1110.35,408579
2012-02-06,1633.9,1647.0,1615.0,1640.7,1130.22,534972
2012-02-07,1650.0,1660.0,1624.05,1636.85,1127.57,499011
2012-02-08,1640.0,1662.0,1631.3,1649.45,1136.25,451371
2012-02-09,1650.0,1708.75,1637.9,1701.7,1172.25,462615
2012-02-10,1709.0,1749.0,1702.15,1736.05,1195.91,435583
2012-02-13,1736.05,1764.0,1734.0,1748.15,1204.24,384318
2012-02-14,1753.35,1753.35,1716.6,1732.35,1193.36,273347
2012-02-15,1745.0,1765.0,1739.0,1747.7,1203.93,303764
2012-02-16,1727.9,1833.0,1720.0,1811.6,1247.95,579458
2012-02-17,1820.0,1824.95,1775.75,1804.35,1242.96,558701
2012-02-21,1790.25,1828.0,1790.0,1809.25,1246.33,502041
2012-02-22,1810.0,1840.0,1786.75,1803.5,1242.37,548854
2012-02-23,1795.0,1818.9,1775.0,1785.8,1230.18,433250
2012-02-24,1791.0,1809.95,1753.0,1762.9,1214.4,284890
2012-02-27,1760.0,1773.25,1681.15,1706.1,1175.28,348072
2012-02-28,1715.0,1777.25,1712.35,1766.5,1216.88,256852
2012-02-29,1775.0,1843.35,1775.0,1801.6,1241.06,574365
2012-03-01,1803.45,1818.35,1744.85,1774.2,1222.19,440508
2012-03-02,1798.0,1798.0,1735.0,1749.95,1205.48,467694
2012-03-05,1725.0,1730.0,1693.15,1701.9,1172.38,237483
2012-03-06,1690.0,1754.9,1665.0,1703.95,1173.8,706514
2012-03-07,1718.95,1754.0,1690.9,1733.2,1193.94,450671
2012-03-09,1766.0,1775.0,1739.4,1752.85,1207.48,475893
2012-03-12,1760.0,1808.3,1753.75,1787.75,1231.52,398121
2012-03-13,1787.05,1804.6,1768.3,1782.95,1228.22,382659
2012-03-14,1798.5,1809.0,1754.55,1764.85,1215.75,592470
2012-03-15,1758.0,1769.75,1728.8,1736.1,1195.94,225533
2012-03-16,1736.1,1757.1,1715.0,1721.65,1185.99,302574
2012-03-19,1715.05,1734.3,1693.55,1710.75,1178.48,224501
2012-03-20,1714.9,1714.9,1665.1,1688.8,1163.36,234741
2012-03-21,1681.5,1739.75,1669.4,1734.0,1194.5,252017
2012-03-22,1732.95,1745.0,1671.5,1688.6,1163.22,245862
2012-03-23,1685.0,1743.1,1647.0,1709.35,1177.52,293408
2012-03-26,1720.0,1720.0,1653.0,1661.9,1144.83,254243
2012-03-27,1673.0,1682.8,1650.0,1662.0,1144.9,242898
2012-03-28,1668.0,1668.0,1619.95,1637.8,1128.23,216604
2012-03-29,1636.0,1661.15,1612.1,1652.7,1138.49,354863
2012-03-30,1660.0,1687.55,1649.2,1678.8,1156.47,300425
2012-04-02,1687.0,1696.0,1636.15,1655.2,1140.21,397504
2012-04-03,1664.0,1670.0,1638.65,1647.4,1134.84,315878
2012-04-04,1634.0,1647.8,1625.05,1633.45,1125.23,207675
2012-04-09,1629.2,1658.25,1617.05,1650.75,1137.15,278437
2012-04-10,1658.7,1665.9,1635.0,1647.55,1134.94,207760
2012-04-11,1648.0,1655.0,1622.3,1633.75,1125.44,261929
2012-04-12,1650.8,1650.8,1631.0,1637.85,1128.26,232192
2012-04-13,1635.2,1687.1,1631.45,1639.45,1129.36,296474
2012-04-16,1644.8,1660.35,1632.65,1649.5,1136.29,141174
2012-04-17,1650.0,1679.9,1635.15,1672.35,1152.03,310645
2012-04-18,1680.0,1735.0,1678.0,1716.05,1182.13,365607
2012-04-19,1726.0,1739.85,1719.05,1729.7,1191.53,321788
2012-04-20,1718.55,1758.0,1676.2,1708.7,1177.07,277764
2012-04-23,1710.1,1719.8,1666.2,1675.7,1154.33,271771
2012-04-24,1665.4,1685.0,1635.0,1648.05,1135.29,273272
2012-04-25,1642.1,1686.8,1640.65,1654.7,1139.87,348725
2012-04-26,1648.5,1668.85,1601.0,1606.45,1106.63,507708
2012-04-27,1610.0,1634.0,1580.0,1582.4,1090.06,250912
2012-04-30,1594.9,1630.8,1578.4,1624.45,1119.03,569158
2012-05-02,1624.0,1638.9,1585.0,1592.15,1096.78,455150
2012-05-03,1586.0,1590.0,1524.3,1560.5,1074.98,747841
2012-05-04,1559.0,1559.0,1492.0,1502.95,1035.33,1206447
2012-05-07,1495.0,1529.85,1470.4,1518.1,1045.77,849042
2012-05-08,1525.0,1532.2,1481.1,1489.95,1026.38,721085
2012-05-09,1480.0,1528.5,1471.85,1518.2,1045.84,449675
2012-05-10,1527.05,1548.95,1492.0,1503.75,1035.88,363771
2012-05-11,1490.0,1566.1,1486.1,1558.15,1073.36,324933
2012-05-14,1577.0,1599.0,1551.1,1586.9,1093.16,771726
2012-05-15,1582.25,1619.0,1567.4,1608.65,1108.15,564739
2012-05-16,1595.0,1629.0,1572.65,1614.35,1112.07,420813
2012-05-17,1630.0,1637.5,1561.0,1575.35,1085.21,1347787
2012-05-18,1534.0,1555.0,1523.25,1528.5,1052.93,419088
2012-05-21,1535.2,1540.0,1498.0,1517.45,1045.32,438608
2012-05-22,1521.0,1537.0,1494.05,1507.25,1038.3,537075
2012-05-23,1496.0,1496.55,1475.25,1487.0,1024.35,662611
2012-05-24,1469.0,1508.0,1455.1,1500.65,1033.75,317883
2012-05-25,1507.15,1525.0,1481.1,1492.75,1028.31,508349
2012-05-28,1495.0,1519.95,1490.0,1515.9,1044.25,222665
2012-05-29,1525.0,1533.05,1494.0,1529.25,1053.45,502749
2012-05-30,1526.0,1529.0,1505.05,1521.0,1047.77,320035
2012-05-31,1500.0,1530.9,1496.15,1511.4,1041.15,557963
2012-06-01,1508.0,1514.4,1485.1,1498.8,1032.47,513157
2012-06-04,1480.0,1504.5,1452.8,1496.45,1030.86,354252
2012-06-05,1482.65,1498.9,1480.0,1492.3,1028.0,562186
2012-06-06,1500.0,1550.0,1498.0,1541.1,1061.61,505154
2012-06-07,1550.0,1567.0,1533.15,1544.0,1063.61,504257
2012-06-08,1540.0,1540.0,1515.0,1527.35,1052.14,529633
2012-06-11,1532.25,1576.4,1532.25,1563.45,1077.01,890334
2012-06-12,1558.0,1582.4,1548.1,1570.95,1082.18,585258
2012-06-13,1570.0,1578.5,1544.1,1560.5,1074.98,366237
2012-06-14,1550.0,1577.0,1539.0,1549.9,1067.68,334879
2012-06-15,1547.9,1550.0,1515.0,1527.3,1052.11,1652948
2012-06-18,1539.5,1555.0,1520.0,1542.45,1062.54,327747
2012-06-19,1540.0,1545.15,1526.0,1535.4,1057.69,199100
2012-06-20,1535.0,1541.0,1528.65,1535.2,1057.55,527580
2012-06-21,1531.8,1545.0,1516.2,1536.25,1058.27,618693
2012-06-22,1524.0,1558.85,1524.0,1545.4,1064.58,435310
2012-06-25,1546.25,1559.85,1538.1,1548.4,1066.64,292270
2012-06-26,1549.75,1567.0,1542.0,1558.35,1073.5,330128
2012-06-27,1562.4,1568.8,1551.95,1558.75,1073.77,289380
2012-06-28,1560.0,1567.0,1545.0,1550.25,1067.92,330958
2012-06-29,1571.0,1579.0,1556.1,1572.85,1083.49,373990
2012-07-02,1575.0,1580.0,1548.05,1558.1,1073.32,436558
2012-07-03,1552.3,1572.0,1550.1,1561.95,1075.98,342167
2012-07-04,1570.0,1590.9,1558.0,1583.2,1090.61,735299
2012-07-05,1552.0,1563.0,1545.15,1555.95,1103.2,529214
2012-07-06,1553.0,1562.1,1531.25,1539.2,1091.32,469624
2012-07-09,1530.0,1534.5,1491.2,1505.7,1067.57,370594
2012-07-10,1510.0,1535.55,1505.1,1524.4,1080.83,296711
2012-07-11,1520.0,1520.0,1500.05,1511.5,1071.68,376183
2012-07-12,1505.0,1517.95,1485.0,1490.6,1056.87,390285
2012-07-13,1495.2,1503.65,1484.1,1499.05,1062.86,323062
2012-07-16,1505.0,1511.7,1481.0,1486.45,1053.92,375382
2012-07-17,1490.0,1493.1,1431.7,1445.05,1024.57,1111465
2012-07-18,1445.0,1525.0,1425.1,1520.9,1078.35,2626124
2012-07-19,1530.0,1565.0,1506.0,1547.8,1097.42,1265315
2012-07-20,1523.05,1596.0,1523.05,1592.1,1128.83,1168722
2012-07-23,1580.0,1588.8,1556.0,1561.4,1107.06,405812
2012-07-24,1552.0,1579.8,1550.85,1559.25,1105.54,362740
2012-07-25,1545.0,1569.8,1534.0,1560.95,1106.74,553441
2012-07-26,1565.0,1596.95,1565.0,1582.45,1121.99,719168
2012-07-27,1596.95,1605.9,1570.5,1583.25,1122.56,221820
2012-07-30,1585.0,1611.7,1579.0,1604.9,1137.91,413292
2012-07-31,1607.7,1618.3,1586.1,1604.3,1137.48,503997
2012-08-01,1590.25,1629.0,1590.25,1615.15,1145.17,525071
2012-08-02,1614.0,1631.7,1588.6,1625.15,1152.26,754872
2012-08-03,1611.05,1618.95,1595.5,1610.4,1141.81,567096
2012-08-06,1628.9,1643.9,1623.85,1636.45,1160.28,492323
2012-08-07,1640.0,1695.65,1633.0,1667.15,1182.04,679502
2012-08-08,1667.0,1684.4,1654.55,1678.55,1190.13,388306
2012-08-09,1680.0,1709.45,1680.0,1691.15,1199.06,301987
2012-08-10,1690.0,1694.0,1665.6,1676.2,1188.46,374219
2012-08-13,1675.0,1715.3,1673.1,1708.5,1211.36,197481
2012-08-14,1713.0,1713.0,1672.55,1688.6,1197.25,179501
2012-08-16,1703.0,1706.0,1683.25,1692.75,1200.19,235035
2012-08-17,1694.0,1706.3,1680.1,1696.4,1202.78,167748
2012-08-21,1703.0,1717.4,1698.0,1712.35,1214.09,203758
2012-08-22,1708.7,1737.45,1707.2,1724.65,1222.81,324654
2012-08-23,1727.0,1736.0,1704.35,1710.2,1212.57,221096
2012-08-24,1708.95,1716.55,1689.3,1711.4,1213.42,264552
2012-08-27,1713.0,1731.0,1705.1,1721.35,1220.47,252244
2012-08-28,1728.8,1728.8,1681.5,1691.15,1199.06,340905
2012-08-29,1687.0,1687.0,1622.7,1624.85,1152.05,741919
2012-08-30,1625.0,1649.9,1608.6,1631.2,1156.55,693839
2012-08-31,1630.05,1630.05,1604.05,1617.2,1146.63,466669
2012-09-03,1618.0,1670.0,1618.0,1662.5,1178.75,397171
2012-09-04,1660.0,1669.85,1637.5,1647.45,1168.08,378689
2012-09-05,1642.0,1652.0,1630.0,1644.95,1166.3,564147
2012-09-06,1654.0,1654.0,1628.55,1641.85,1164.1,177853
2012-09-07,1650.0,1692.7,1649.7,1688.2,1196.97,340123
2012-09-10,1676.0,1715.0,1676.0,1709.35,1211.96,344153
2012-09-11,1700.0,1720.0,1682.6,1715.35,1216.22,355347
2012-09-12,1720.5,1722.35,1684.3,1693.35,1200.62,304131
2012-09-13,1695.0,1728.1,1695.0,1714.65,1215.72,271036
2012-09-14,1725.1,1760.0,1725.1,1744.5,1236.89,414035
2012-09-17,1750.3,1769.5,1718.15,1738.6,1232.7,462942
2012-09-18,1745.0,1755.0,1734.15,1748.55,1239.76,308553
2012-09-20,1746.7,1804.7,1714.0,1790.55,1269.54,596172
2012-09-21,1800.0,1809.9,1791.4,1800.6,1276.66,993193
2012-09-24,1800.6,1824.5,1794.25,1809.2,1282.76,571237
2012-09-25,1811.0,1828.9,1780.1,1788.05,1267.76,552813
2012-09-26,1766.1,1808.05,1766.1,1798.55,1275.21,267008
2012-09-27,1801.0,1827.95,1793.0,1820.1,1290.49,432500
2012-09-28,1829.0,1850.1,1810.9,1830.1,1297.58,246414
2012-10-01,1839.0,1841.1,1805.0,1810.4,1283.61,132845
2012-10-03,1801.0,1815.0,1776.1,1781.25,1262.94,359049
2012-10-04,1794.0,1809.0,1755.25,1761.25,1248.76,499428
2012-10-05,1784.0,1806.0,1597.5,1751.05,1241.53,540163
2012-10-08,1751.0,1767.0,1745.35,1753.55,1243.3,301953
2012-10-09,1715.0,1752.6,1707.8,1746.35,1238.2,502339
2012-10-10,1740.0,1755.0,1729.4,1742.95,1235.79,171562
2012-10-11,1740.0,1765.0,1717.35,1758.65,1246.92,354743
2012-10-12,1742.0,1766.6,1737.25,1744.3,1236.74,364707
2012-10-15,1732.1,1763.0,1730.05,1752.2,1242.35,177153
2012-10-16,1755.3,1763.1,1744.6,1751.45,1241.81,156465
2012-10-17,1760.2,1775.0,1739.0,1755.25,1244.51,256569
2012-10-18,1760.0,1780.0,1755.0,1773.95,1257.77,252561
2012-10-19,1773.0,1795.0,1764.0,1772.1,1256.45,333060
2012-10-22,1780.0,1800.0,1753.15,1786.4,1266.59,339916
2012-10-23,1783.0,1784.95,1765.65,1769.25,1254.43,89688
2012-10-25,1765.0,1789.0,1752.15,1759.1,1247.24,361647
2012-10-29,1790.0,1812.9,1789.0,1809.85,1283.22,198848
2012-10-30,1811.0,1818.35,1791.05,1802.15,1277.76,320378
2012-10-31,1800.0,1819.45,1794.45,1816.45,1287.9,235636
2012-11-01,1818.0,1853.0,1810.7,1845.95,1308.82,302142
2012-11-02,1855.0,1906.0,1851.6,1897.75,1345.54,503203
2012-11-05,1888.0,1898.0,1843.05,1858.6,1317.78,374144
2012-11-06,1852.25,1874.4,1832.6,1846.75,1309.38,338849
2012-11-07,1846.25,1873.45,1844.25,1861.85,1320.09,179958
2012-11-08,1847.0,1860.0,1837.2,1844.5,1307.79,158945
2012-11-09,1846.0,1872.0,1839.0,1852.05,1313.14,154673
2012-11-12,1875.0,1875.0,1827.3,1856.7,1316.44,158188
2012-11-15,1830.1,1849.9,1821.0,1835.85,1301.65,403914
2012-11-16,1835.8,1853.2,1804.3,1813.55,1285.84,229442
2012-11-19,1815.0,1858.6,1805.45,1850.55,1312.08,261767
2012-11-20,1859.95,1862.5,1817.6,1827.7,1295.88,199417
2012-11-21,1826.0,1840.6,1815.1,1819.35,1289.96,218833
2012-11-22,1823.0,1844.95,1809.9,1815.45,1287.19,140437
2012-11-23,1818.0,1829.8,1809.0,1817.9,1288.93,132507
2012-11-26,1818.9,1836.0,1816.1,1821.1,1291.2,385811
2012-11-27,1829.0,1866.0,1829.0,1862.45,1320.51,240430
2012-11-29,1872.0,1977.85,1868.0,1950.4,1382.87,918439
2012-11-30,1948.9,1951.0,1917.6,1930.9,1369.05,364596
2012-12-03,1933.4,1953.3,1921.0,1926.95,1366.25,241500
2012-12-04,1927.0,1973.5,1913.55,1957.25,1387.73,216178
2012-12-05,1962.0,1973.95,1922.2,1929.2,1367.84,293777
2012-12-06,1940.0,1961.0,1925.25,1949.65,1382.34,290221
2012-12-07,1952.0,1963.9,1933.2,1940.0,1375.5,190248
2012-12-10,1926.0,1971.5,1926.0,1961.05,1390.42,366036
2012-12-11,1937.7,2014.5,1936.1,2006.65,1422.76,936424
2012-12-12,2011.0,2064.0,2011.0,2056.55,1458.14,1214395
2012-12-13,2057.95,2102.15,2045.45,2083.65,1477.35,963522
2012-12-14,2084.9,2105.9,2073.55,2081.4,1475.75,883463
2012-12-17,2078.0,2121.0,2069.15,2107.3,1494.12,502058
2012-12-18,2112.25,2115.0,2091.2,2095.55,1485.79,574734
2012-12-19,2106.7,2156.55,2100.0,2143.05,1519.47,611721
2012-12-20,2130.0,2145.0,2097.55,2112.8,1498.02,459439
2012-12-21,2100.0,2132.0,2079.85,2089.15,1481.25,415560
2012-12-24,2080.2,2125.45,2080.2,2106.35,1493.44,313469
2012-12-26,2106.35,2164.9,2104.95,2146.0,1521.56,362683
2012-12-27,2150.5,2159.8,2125.5,2134.2,1513.19,351942
2012-12-28,2129.8,2167.35,2124.0,2137.5,1515.53,482900
2012-12-31,2141.0,2151.8,2124.55,2131.15,1511.03,209584
2013-01-01,2147.0,2150.0,2122.5,2131.9,1511.56,145037
2013-01-02,2144.0,2215.0,2137.05,2202.25,1561.44,561496
2013-01-03,2215.0,2229.0,2205.0,2214.9,1570.41,411809
2013-01-04,2215.0,2216.05,2192.15,2205.6,1563.82,220400
2013-01-07,2203.65,2215.0,2186.3,2196.9,1557.65,212741
2013-01-08,2204.0,2215.5,2184.65,2198.45,1558.75,276672
2013-01-09,2200.0,2204.0,2150.0,2157.9,1529.99,690334
2013-01-10,2158.5,2177.0,2131.7,2138.15,1515.99,560339
2013-01-11,2145.25,2150.0,2105.1,2118.1,1501.78,621682
2013-01-14,2125.0,2143.0,2084.05,2093.35,1484.23,510151
2013-01-15,2088.0,2126.35,2078.9,2115.35,1499.83,685850
2013-01-16,2120.0,2153.7,2058.35,2076.5,1472.28,1093325
2013-01-17,2080.0,2110.0,2046.0,2052.75,1455.44,795106
2013-01-18,2065.0,2086.0,2046.8,2059.25,1460.05,604750
2013-01-21,2066.8,2066.8,2032.3,2058.1,1459.23,452426
2013-01-22,2058.0,2082.7,2055.1,2067.15,1465.65,299784
2013-01-23,2075.0,2075.0,2013.05,2033.25,1441.62,294771
2013-01-24,2032.05,2044.7,2005.0,2013.05,1427.29,246404
2013-01-25,1996.0,2098.0,1996.0,2080.0,1474.76,303781
2013-01-28,2084.85,2104.0,2065.15,2086.65,1479.48,141452
2013-01-29,2081.0,2109.35,2025.5,2031.85,1440.62,241736
2013-01-30,2048.0,2054.4,2016.85,2028.35,1438.14,208916
2013-01-31,2034.8,2074.9,2020.15,2027.15,1437.29,512056
2013-02-01,2030.3,2076.7,2030.3,2055.95,1457.71,450922
2013-02-04,2060.0,2084.3,2045.65,2064.6,1463.84,375365
2013-02-05,2048.65,2109.0,2048.65,2094.7,1485.18,443426
2013-02-06,2100.0,2118.3,2074.0,2081.8,1476.04,479356
2013-02-07,2071.1,2081.45,2057.0,2063.8,1463.28,179174
2013-02-08,2069.0,2094.0,2038.3,2046.85,1451.26,432759
2013-02-11,2041.4,2062.25,2032.8,2044.75,1449.77,310628
2013-02-12,2042.3,2084.9,2040.2,2076.15,1472.03,245407
2013-02-13,2075.0,2082.2,2015.0,2018.8,1431.37,223590
2013-02-14,2025.0,2026.9,1990.1,2002.6,1419.88,210882
2013-02-15,1995.25,2010.15,1953.8,1970.35,1397.02,285502
2013-02-18,1970.1,1980.0,1935.0,1946.6,1380.18,244636
2013-02-19,1955.0,1996.2,1938.95,1988.05,1409.57,214900
2013-02-20,1990.25,2002.4,1969.55,1982.7,1405.77,320502
2013-02-21,1975.0,2002.0,1970.55,1983.55,1406.38,265026
2013-02-22,1970.0,2019.9,1966.05,1993.65,1413.54,219110
2013-02-25,2000.0,2020.0,1975.35,2009.55,1424.81,281372
2013-02-26,1980.0,1998.9,1905.0,1921.6,1362.45,364896
2013-02-27,1937.0,1975.8,1910.0,1964.1,1392.59,440033
2013-02-28,1979.9,1993.8,1955.4,1973.0,1398.9,586457
2013-03-01,1973.0,2042.2,1947.0,2028.3,1438.11,494169
2013-03-04,2024.7,2025.45,1966.05,1989.2,1410.38,499009
2013-03-05,1978.0,1998.9,1950.7,1973.4,1399.18,785020
2013-03-06,1976.0,1986.1,1966.0,1973.3,1399.11,404202
2013-03-07,1968.0,2002.95,1952.0,1994.25,1413.96,603905
2013-03-08,1986.65,2022.15,1973.5,2013.45,1427.58,529097
2013-03-11,2016.5,2021.45,1973.95,1986.3,1408.33,364827
2013-03-12,1988.1,1988.15,1935.15,1955.95,1386.81,435128
2013-03-13,1949.75,1959.0,1886.45,1895.4,1343.88,458436
2013-03-14,1890.3,1891.6,1843.0,1854.8,1315.09,682108
2013-03-15,1860.3,1884.95,1843.25,1850.3,1311.9,514417
2013-03-18,1840.0,1862.45,1804.2,1812.1,1284.82,311058
2013-03-19,1822.0,1856.0,1809.25,1835.9,1301.69,534689
2013-03-20,1826.65,1850.0,1815.2,1840.0,1304.6,397439
2013-03-21,1850.0,1852.55,1741.8,1755.3,1244.54,464790
2013-03-22,1760.05,1842.0,1760.05,1820.65,1290.88,486269
2013-03-25,1836.0,1839.0,1795.8,1802.5,1278.01,313615
2013-03-26,1795.0,1810.0,1754.3,1801.25,1277.12,294742
2013-03-28,1790.95,1833.6,1760.5,1799.55,1275.92,653941
2013-04-01,1798.0,1818.25,1770.05,1781.3,1262.98,362092
2013-04-02,1784.0,1784.0,1740.0,1752.7,1242.7,471386
2013-04-03,1752.7,1757.25,1684.55,1692.35,1199.91,644268
2013-04-04,1685.0,1705.8,1656.0,1673.6,1186.62,374503
2013-04-05,1670.1,1721.1,1668.0,1701.25,1206.22,531759
2013-04-08,1710.75,1727.6,1680.05,1705.45,1209.2,265143
2013-04-09,1712.4,1721.0,1685.0,1703.45,1207.78,412277
2013-04-10,1692.6,1725.0,1692.6,1721.35,1220.47,385798
2013-04-11,1730.0,1734.0,1691.5,1701.65,1206.5,402527
2013-04-12,1685.0,1729.95,1680.0,1721.0,1220.22,287722
2013-04-15,1709.0,1754.0,1709.0,1724.7,1222.85,487403
2013-04-16,1717.3,1780.0,1713.35,1770.65,1255.43,299096
2013-04-17,1776.0,1805.0,1760.0,1791.7,1270.35,264905
2013-04-18,1792.55,1817.2,1770.8,1792.1,1270.63,341542
2013-04-22,1795.0,1816.0,1747.25,1762.85,1249.9,249317
2013-04-23,1755.05,1814.5,1755.0,1805.0,1279.78,226371
2013-04-25,1820.0,1854.0,1812.1,1838.0,1303.18,320107
2013-04-26,1835.0,1905.0,1832.35,1895.7,1344.09,333109
2013-04-29,1900.0,1934.0,1882.7,1900.0,1347.14,257661
2013-04-30,1905.0,1917.05,1861.1,1880.4,1333.24,268297
2013-05-02,1880.4,1899.0,1856.75,1860.05,1318.81,471887
2013-05-03,1860.0,1865.0,1800.0,1807.5,1281.55,436707
2013-05-06,1810.2,1841.95,1806.0,1827.1,1295.45,162518
2013-05-07,1831.35,1857.3,1817.05,1848.45,1310.59,501159
2013-05-08,1848.0,1852.2,1825.0,1838.65,1303.64,195615
2013-05-09,1840.0,1857.95,1821.0,1826.5,1295.03,159331
2013-05-10,1827.0,1861.0,1826.6,1858.05,1317.39,296787
2013-05-13,1851.0,1867.4,1812.0,1819.3,1289.92,156428
2013-05-14,1820.25,1824.0,1777.0,1787.7,1267.52,371941
2013-05-15,1788.0,1839.0,1783.4,1822.05,1291.87,524631
2013-05-16,1834.95,1883.75,1794.6,1806.5,1280.84,1656463
2013-05-17,1807.0,1835.0,1783.75,1832.05,1298.96,503587
2013-05-20,1820.25,1878.0,1820.25,1863.8,1321.47,574827
2013-05-21,1872.95,1888.0,1845.0,1853.85,1314.42,361919
2013-05-22,1854.95,1869.0,1834.0,1849.35,1311.23,253432
2013-05-23,1855.0,1875.5,1804.85,1813.45,1285.77,516453
2013-05-24,1847.0,1847.0,1787.0,1804.65,1279.53,366597
2013-05-27,1804.3,1822.9,1753.05,1818.1,1289.07,474528
2013-05-28,1823.8,1848.0,1788.7,1840.6,1305.02,422707
2013-05-29,1835.3,1860.0,1816.2,1824.55,1293.64,527462
2013-05-30,1818.9,1843.7,1810.05,1837.9,1303.11,330724
2013-05-31,1837.9,1837.9,1791.8,1820.5,1290.77,418116
2013-06-03,1820.05,1820.35,1742.0,1759.5,1247.52,454501
2013-06-04,1759.5,1774.5,1739.1,1767.95,1253.51,429041
2013-06-05,1763.0,1764.0,1746.3,1755.9,1244.97,519225
2013-06-06,1749.8,1754.4,1733.4,1745.9,1237.88,467062
2013-06-07,1741.0,1750.0,1731.15,1745.0,1237.24,357068
2013-06-10,1753.3,1774.8,1753.25,1767.0,1252.84,367490
2013-06-11,1765.25,1789.4,1755.55,1783.2,1264.32,271665
2013-06-12,1784.0,1784.0,1723.0,1743.15,1235.93,306650
2013-06-13,1734.9,1734.9,1695.0,1708.3,1211.22,454593
2013-06-14,1713.0,1774.4,1708.3,1764.65,1251.17,204276
2013-06-17,1767.7,1817.6,1742.5,1808.8,1282.48,398034
2013-06-18,1795.25,1839.25,1779.15,1828.75,1296.62,414459
2013-06-19,1825.25,1840.9,1810.1,1835.65,1301.51,374627
2013-06-20,1814.0,1855.0,1800.0,1820.35,1290.66,451241
2013-06-21,1805.15,1837.65,1788.45,1830.05,1297.54,307812
2013-06-24,1830.0,1830.0,1776.05,1794.55,1272.37,446107
2013-06-25,1794.0,1810.0,1756.2,1799.55,1275.92,657806
2013-06-26,1782.8,1793.8,1760.0,1787.1,1267.09,500188
2013-06-27,1787.1,1871.0,1787.0,1838.2,1303.32,1030259
2013-06-28,1842.5,1940.0,1842.5,1923.95,1364.12,794222
2013-07-01,1928.0,1935.0,1886.0,1922.9,1363.38,496573
2013-07-02,1910.0,1969.9,1900.0,1913.3,1356.57,592561
2013-07-03,1891.0,1907.7,1866.0,1890.05,1340.08,434707
2013-07-04,1867.8,1894.15,1861.0,1876.6,1363.0,406242
2013-07-05,1893.4,1893.4,1870.0,1879.5,1365.11,286679
2013-07-08,1861.15,1875.0,1838.25,1863.05,1353.16,329807
2013-07-09,1875.0,1915.0,1871.15,1898.2,1378.69,188148
2013-07-10,1899.0,1917.1,1842.0,1862.4,1352.69,399958
2013-07-11,1864.0,1888.6,1864.0,1876.55,1362.96,185148
2013-07-12,1879.7,1881.0,1845.6,1869.65,1357.95,208815
2013-07-15,1864.7,1906.85,1850.5,1901.7,1381.23,153038
2013-07-16,1884.8,1918.0,1871.55,1907.55,1385.48,332357
2013-07-17,1920.0,1920.0,1880.1,1909.55,1386.93,257814
2013-07-18,1910.0,1919.8,1884.8,1896.7,1377.6,183219
2013-07-19,1886.5,1987.75,1862.5,1966.0,1427.93,1609280
2013-07-22,1950.0,2009.0,1947.0,1985.35,1441.99,418429
2013-07-23,2000.0,2009.25,1968.0,1975.5,1434.83,415840
2013-07-24,1962.0,2010.0,1954.5,2001.8,1453.93,277794
2013-07-25,1995.6,2029.0,1984.55,2001.85,1453.97,505006
2013-07-26,2006.95,2050.0,2006.95,2032.15,1475.98,361112
2013-07-29,2025.0,2050.0,1987.2,1996.2,1449.87,142531
2013-07-30,2001.1,2015.0,1919.0,1925.8,1398.73,286047
2013-07-31,1924.0,1954.65,1916.2,1934.75,1405.23,1000215
2013-08-01,1952.7,1966.2,1908.05,1933.8,1404.54,319950
2013-08-02,1935.0,1949.0,1890.2,1909.25,1386.71,289389
2013-08-05,1920.0,1920.05,1869.0,1875.95,1362.53,214153
2013-08-06,1869.0,1869.0,1790.05,1808.75,1313.72,391496
2013-08-07,1814.7,1825.0,1748.25,1771.55,1286.7,557125
2013-08-08,1755.0,1795.0,1751.0,1782.3,1294.51,360718
2013-08-12,1786.0,1817.8,1776.85,1807.6,1312.88,414841
2013-08-13,1806.0,1869.8,1796.4,1858.8,1350.07,516681
2013-08-14,1869.7,1913.0,1869.7,1908.6,1386.24,472360
2013-08-16,1895.25,1924.95,1827.65,1848.35,1342.48,391479
2013-08-19,1830.05,1834.0,1730.25,1763.05,1280.53,419333
2013-08-20,1760.0,1784.65,1721.05,1756.75,1275.95,641187
2013-08-21,1770.0,1805.0,1712.3,1734.5,1259.79,470325
2013-08-22,1725.0,1794.0,1702.0,1776.7,1290.44,409880
2013-08-23,1776.0,1796.95,1753.25,1779.6,1292.55,253568
2013-08-26,1788.0,1817.85,1752.5,1780.65,1293.31,196958
2013-08-27,1762.0,1782.75,1701.25,1727.75,1254.89,431297
2013-08-28,1710.0,1744.35,1680.05,1727.75,1254.89,457301
2013-08-29,1749.8,1756.3,1708.0,1740.45,1264.11,466893
2013-08-30,1740.45,1850.0,1708.25,1837.0,1334.24,900898
2013-09-02,1837.0,1870.0,1835.05,1856.1,1348.11,272132
2013-09-03,1864.0,1885.15,1818.0,1837.85,1334.85,489186
2013-09-04,1865.0,1898.8,1841.0,1888.75,1371.82,503110
2013-09-05,1904.8,1937.0,1889.0,1901.0,1380.72,179794
2013-09-06,1908.0,1925.0,1874.2,1910.85,1387.87,244046
2013-09-10,1929.2,1988.25,1918.0,1980.7,1438.61,396920
2013-09-11,1957.0,2011.0,1956.6,1996.5,1450.08,349393
2013-09-12,1982.0,2010.1,1970.6,1978.7,1437.16,373073
2013-09-13,1961.5,2013.9,1961.5,2003.4,1455.1,509168
2013-09-16,2011.0,2045.9,1982.85,2000.25,1452.81,392924
2013-09-17,1981.55,2024.9,1981.55,2013.4,1462.36,246637
2013-09-18,2005.35,2043.25,2003.0,2017.25,1465.15,233615
2013-09-19,2050.0,2062.0,2022.5,2053.15,1491.23,324702
2013-09-20,2055.0,2062.45,1980.25,1992.45,1447.14,735104
2013-09-23,1980.6,2013.7,1963.4,1979.1,1437.45,249275
2013-09-24,1975.0,2040.0,1972.0,2031.6,1475.58,610324
2013-09-25,2045.0,2048.8,1985.0,2005.35,1456.51,373385
2013-09-26,2006.2,2026.9,1979.95,1995.8,1449.58,302620
2013-09-27,2010.0,2024.95,1985.0,1993.15,1447.65,434334
2013-09-30,1978.0,2014.0,1978.0,1987.45,1443.51,367076
2013-10-01,2000.0,2037.0,1981.8,2020.0,1467.15,312138
2013-10-03,2050.0,2125.0,2025.0,2119.4,1539.35,572208
2013-10-04,2125.0,2152.0,2105.0,2117.9,1538.26,339869
2013-10-07,2119.0,2137.0,2093.4,2128.3,1545.81,337002
2013-10-08,2155.25,2160.0,2096.4,2116.05,1536.91,275097
2013-10-09,2109.0,2179.0,2101.0,2153.9,1564.41,583959
2013-10-10,2160.25,2175.9,2117.05,2141.4,1555.33,1403631
2013-10-11,2141.5,2165.9,2117.4,2141.1,1555.11,1128733
2013-10-14,2139.0,2141.0,2114.7,2137.85,1552.75,173698
2013-10-15,2124.45,2159.45,2111.1,2125.65,1543.89,387382
2013-10-17,2168.0,2195.0,2136.2,2153.3,1563.97,2386073
2013-10-18,2158.3,2168.55,2142.4,2153.05,1563.79,435157
2013-10-21,2165.0,2168.9,2141.0,2150.7,1562.08,249234
2013-10-22,2160.0,2160.0,2131.3,2139.7,1554.09,297322
2013-10-23,2149.7,2149.7,2063.25,2094.9,1521.55,157062
2013-10-24,2085.0,2121.0,2058.0,2082.3,1512.4,224947
2013-10-25,2080.1,2108.65,2041.95,2080.6,1511.17,387226
2013-10-28,2085.25,2109.4,2052.45,2070.6,1503.9,319532
2013-10-29,2073.0,2112.0,2055.1,2094.05,1520.94,432986
2013-10-30,2105.05,2147.0,2105.05,2136.7,1551.91,270065
2013-10-31,2130.0,2157.0,2111.35,2129.9,1546.97,313985
2013-11-01,2121.2,2143.9,2113.3,2124.9,1543.34,314887
2013-11-05,2129.0,2130.0,2077.55,2092.0,1519.45,336581
2013-11-06,2100.05,2100.05,2040.0,2076.5,1508.19,384191
2013-11-07,2090.0,2109.35,2056.0,2101.15,1526.09,353237
2013-11-08,2095.0,2109.0,2056.0,2065.9,1500.49,146711
2013-11-11,2053.0,2055.6,2028.2,2037.85,1480.12,169102
2013-11-12,2030.0,2054.6,2015.0,2026.15,1471.62,165926
2013-11-13,2015.0,2062.0,2002.2,2021.3,1468.1,226050
2013-11-14,2034.7,2060.0,2008.45,2034.8,1477.9,136260
2013-11-18,2060.0,2060.0,2020.0,2030.05,1474.45,233351
2013-11-19,2030.0,2041.9,2003.1,2013.8,1462.65,246966
2013-11-20,2023.9,2024.05,1967.0,1974.45,1434.07,265878
2013-11-21,1965.0,1984.8,1920.0,1932.85,1403.85,237839
2013-11-22,1940.1,1950.0,1884.0,1889.35,1372.26,240050
2013-11-25,1906.0,1947.0,1901.5,1939.35,1408.57,256110
2013-11-26,1930.3,1949.0,1918.8,1938.6,1408.03,246097
2013-11-27,1941.1,1964.0,1924.5,1949.1,1415.66,272809
2013-11-28,1949.95,1979.0,1946.2,1950.5,1416.67,276225
2013-11-29,1941.0,1979.0,1941.0,1974.45,1434.07,138619
2013-12-02,1966.35,1997.0,1953.8,1961.4,1424.59,170993
2013-12-03,1959.0,1965.0,1943.5,1952.85,1418.38,252930
2013-12-04,1942.55,1956.8,1924.0,1931.75,1403.05,345248
2013-12-05,1970.0,1973.0,1935.0,1940.25,1409.23,304627
2013-12-06,1940.0,1970.0,1940.0,1950.0,1416.31,227760
2013-12-09,1987.0,1987.8,1956.35,1978.75,1437.19,171546
2013-12-10,1980.0,2009.0,1975.0,1987.65,1443.66,243976
2013-12-11,1994.95,2013.4,1984.75,1997.55,1450.85,247332
2013-12-12,1977.25,1978.0,1950.0,1951.4,1417.33,148544
2013-12-13,1911.0,1938.0,1895.0,1905.25,1383.81,338750
2013-12-16,1912.0,1929.6,1891.0,1902.15,1381.56,274980
2013-12-17,1912.0,1924.5,1857.05,1863.1,1353.19,309323
2013-12-18,1875.0,1943.3,1862.25,1928.4,1400.62,427615
2013-12-19,1924.95,1945.0,1885.0,1897.0,1377.82,291251
2013-12-20,1893.6,1941.9,1879.25,1931.8,1403.09,301800
2013-12-23,1933.3,1963.4,1933.3,1946.7,1413.91,265193
2013-12-24,1948.1,1994.5,1945.0,1990.35,1445.62,193334
2013-12-26,2010.0,2014.1,1940.0,1949.5,1415.95,366298
2013-12-27,1953.5,1965.0,1929.9,1934.75,1405.23,209220
2013-12-30,1939.35,1942.2,1893.3,1900.7,1380.5,238040
2013-12-31,1906.0,1921.15,1901.25,1910.85,1387.87,131618
2014-01-01,1915.0,1924.4,1890.3,1917.4,1392.63,90587
2014-01-02,1918.0,1928.75,1895.45,1900.05,1380.03,268521
2014-01-03,1893.0,1909.0,1870.0,1895.55,1376.76,236545
2014-01-06,1896.0,1899.9,1875.0,1888.3,1371.5,284336
2014-01-07,1880.0,1899.8,1880.0,1889.95,1372.69,247757
2014-01-08,1894.9,1923.0,1894.9,1918.3,1393.29,578916
2014-01-09,1914.2,1917.65,1895.1,1909.45,1386.86,266751
2014-01-10,1905.2,1913.45,1865.0,1900.3,1380.21,450989
2014-01-13,1895.25,1917.0,1887.4,1895.8,1376.94,274307
2014-01-14,1888.0,1898.6,1864.95,1870.55,1358.6,261322
2014-01-15,1874.0,1904.0,1871.1,1894.0,1375.64,350260
2014-01-16,1900.0,1917.9,1892.0,1907.75,1385.62,683523
2014-01-17,1907.75,1939.0,1906.3,1933.45,1404.29,505335
2014-01-20,1938.2,1951.8,1925.05,1931.5,1402.87,240785
2014-01-21,1935.0,1946.0,1927.1,1942.4,1410.79,148033
2014-01-22,1944.0,1953.0,1927.0,1949.7,1416.09,230050
2014-01-23,1949.0,1949.4,1916.0,1939.05,1408.36,779924
2014-01-24,1934.7,1938.0,1911.85,1931.7,1403.02,584605
2014-01-27,1920.0,1924.0,1890.75,1912.8,1389.29,451184
2014-01-28,1906.8,1948.0,1906.8,1944.7,1412.46,342624
2014-01-29,1950.0,1968.0,1907.15,1912.95,1389.4,213569
2014-01-30,1909.0,1930.0,1882.05,1920.85,1395.14,510937
2014-01-31,1915.0,1918.05,1891.0,1901.5,1381.08,325157
2014-02-03,1901.05,1933.4,1817.25,1830.8,1329.73,208407
2014-02-04,1820.0,1882.0,1793.2,1868.25,1356.93,323893
2014-02-05,1878.0,1898.0,1848.05,1894.7,1376.14,202518
2014-02-06,1890.2,1903.0,1862.55,1896.95,1377.78,196282
2014-02-07,1901.35,1939.8,1894.9,1935.35,1405.67,313921
2014-02-10,1930.0,1941.6,1910.75,1935.35,1405.67,116609
2014-02-11,1941.95,1945.0,1920.3,1936.5,1406.5,196706
2014-02-12,1942.7,1959.45,1897.15,1927.5,1399.97,269629
2014-02-13,1939.7,1939.7,1895.0,1902.85,1382.06,115962
2014-02-14,1904.7,1904.7,1818.0,1839.6,1336.13,473215
2014-02-17,1845.0,1869.35,1810.0,1845.35,1340.3,369333
2014-02-18,1850.0,1859.5,1832.0,1844.65,1339.79,223017
2014-02-19,1861.0,1861.0,1816.25,1820.9,1322.54,207356
2014-02-20,1815.0,1864.0,1815.0,1842.4,1338.16,291358
2014-02-21,1849.0,1865.0,1835.0,1862.7,1352.9,182566
2014-02-24,1862.7,1877.9,1850.0,1861.8,1352.25,133340
2014-02-25,1861.8,1909.3,1855.05,1902.25,1381.63,246928
2014-02-26,1903.25,1933.0,1880.0,1920.9,1395.17,375745
2014-02-28,1925.0,1957.95,1911.0,1946.35,1413.66,358544
2014-03-03,1942.0,1952.95,1910.0,1917.05,1392.38,231994
2014-03-04,1914.0,1927.05,1885.05,1921.95,1395.94,220106
2014-03-05,1930.0,1931.0,1907.0,1920.65,1394.99,134918
2014-03-06,1925.3,1964.0,1920.0,1957.9,1422.05,181924
2014-03-07,1965.0,2005.0,1948.0,1954.7,1419.72,407477
2014-03-10,1958.0,2015.0,1950.3,2005.0,1456.26,393372
2014-03-11,2010.0,2038.2,1978.05,1986.55,1442.86,393531
2014-03-12,1984.0,1996.9,1953.75,1959.0,1422.85,334556
2014-03-13,1970.25,2007.75,1957.3,1966.7,1428.44,162751
2014-03-14,1973.9,1990.9,1955.0,1974.3,1433.96,208702
2014-03-18,1990.0,2001.0,1973.05,1994.9,1448.92,223972
2014-03-19,2002.05,2014.0,1998.0,2008.7,1458.94,325884
2014-03-20,2012.85,2014.95,1968.1,1972.9,1432.94,143305
2014-03-21,1972.9,1987.45,1972.0,1977.85,1436.54,280359
2014-03-24,1983.2,2024.7,1979.75,2021.45,1468.21,158949
2014-03-25,2014.0,2035.7,2000.8,2014.05,1462.83,233046
2014-03-26,2026.0,2058.7,2021.0,2039.6,1481.39,248113
2014-03-27,2038.6,2084.7,2027.7,2072.35,1505.17,500824
2014-03-28,2080.0,2096.8,2049.6,2058.0,1494.75,347600
2014-03-31,2068.7,2100.0,2061.4,2083.6,1513.35,273254
2014-04-01,2083.6,2084.0,2045.05,2065.2,1499.98,129157
2014-04-02,2073.45,2080.0,2025.4,2053.6,1491.56,217385
2014-04-03,2065.0,2069.0,2025.0,2053.35,1491.37,402747
2014-04-04,2054.9,2055.3,2017.2,2028.9,1473.62,297397
2014-04-07,2006.55,2057.9,2006.55,2022.6,1469.04,218150
2014-04-09,2045.0,2054.0,1994.9,2031.3,1475.36,300812
2014-04-10,2039.0,2041.7,2011.9,2022.15,1468.71,219894
2014-04-11,2017.9,2028.0,1990.65,2007.55,1458.11,255157
2014-04-15,2009.7,2016.1,1954.4,2004.4,1455.82,217260
2014-04-16,1997.0,2025.7,1990.35,2000.55,1453.03,205618
2014-04-17,1991.75,2024.8,1991.15,2016.05,1464.28,164096
2014-04-21,2010.55,2035.9,2006.4,2014.15,1462.9,161232
2014-04-22,2020.0,2030.0,1999.5,2003.35,1455.06,179445
2014-04-23,2000.0,2015.7,1991.1,2004.65,1456.0,362968
2014-04-24,2004.65,2004.65,2004.65,2004.65,1456.0,0
2014-04-25,2019.0,2019.0,1982.3,1996.05,1449.76,404437
2014-04-28,1998.75,1999.0,1977.95,1985.0,1441.73,356855
2014-04-29,1986.25,1989.9,1931.0,1939.5,1408.68,399483
2014-04-30,1939.5,1949.0,1900.0,1912.15,1388.82,268227
2014-05-02,1915.0,1928.05,1903.1,1906.7,1384.86,170700
2014-05-05,1910.0,1924.9,1902.35,1918.85,1393.69,257053
2014-05-06,1919.95,1922.95,1891.75,1900.35,1380.25,261490
2014-05-07,1900.0,1907.7,1861.0,1868.15,1356.86,145721
2014-05-08,1890.0,1890.0,1871.05,1879.25,1364.92,165120
2014-05-09,1870.0,1927.0,1870.0,1919.95,1394.48,363002
2014-05-12,1911.1,1959.0,1911.1,1948.15,1414.97,469596
2014-05-13,1960.0,2000.0,1936.0,1977.3,1436.14,426350
2014-05-14,1991.5,2045.05,1990.15,2041.75,1482.95,215003
2014-05-15,2045.0,2058.8,1945.0,1950.5,1416.67,501935
2014-05-16,1995.0,2094.7,1908.0,1931.7,1403.02,863171
2014-05-19,1969.0,1969.0,1870.0,1878.35,1364.27,482763
2014-05-20,1893.0,1900.0,1840.1,1866.4,1355.59,539345
2014-05-21,1871.0,1974.0,1870.0,1961.15,1424.41,606062
2014-05-22,2011.1,2028.7,1980.0,1986.75,1443.0,363882
2014-05-23,1999.65,1999.65,1965.0,1976.25,1435.38,172627
2014-05-26,1990.0,2012.9,1950.0,1961.2,1424.44,199733
2014-05-27,1968.9,1989.9,1939.0,1972.0,1432.29,149266
2014-05-28,1990.0,1990.0,1930.0,1948.4,1415.15,326190
2014-05-29,1954.95,1962.95,1931.1,1941.2,1409.92,294271
2014-05-30,1945.25,1955.85,1912.7,1943.95,1411.92,299515
2014-06-02,1947.95,1990.05,1924.2,1974.4,1434.03,191334
2014-06-03,1976.0,1992.9,1960.35,1970.15,1430.95,149881
2014-06-04,1970.15,2025.0,1970.15,2002.5,1454.44,254176
2014-06-05,2020.0,2020.0,1980.0,2000.9,1453.28,254275
2014-06-06,2009.0,2054.0,1983.6,2048.4,1487.78,384106
2014-06-09,2056.9,2177.5,2044.3,2161.75,1570.11,546835
2014-06-10,2179.5,2208.9,2130.0,2152.5,1563.39,541126
2014-06-11,2150.0,2189.85,2120.35,2180.85,1583.98,448085
2014-06-12,2163.55,2192.75,2156.05,2185.6,1587.43,218573
2014-06-13,2190.0,2228.0,2162.55,2170.7,1576.61,378480
2014-06-16,2173.0,2210.0,2157.1,2169.75,1575.92,542031
2014-06-17,2170.0,2174.9,2134.2,2160.35,1569.09,326682
2014-06-18,2173.0,2180.25,2135.2,2150.6,1562.01,275222
2014-06-19,2155.0,2172.95,2141.1,2160.25,1569.02,244875
2014-06-20,2165.1,2203.5,2145.6,2179.8,1583.22,295439
2014-06-23,2180.0,2202.0,2161.6,2191.1,1591.42,312504
2014-06-24,2213.8,2236.0,2200.55,2221.15,1613.25,231873
2014-06-25,2229.8,2292.75,2215.8,2275.85,1652.98,353844
2014-06-26,2308.0,2320.0,2273.2,2289.0,1662.53,375288
2014-06-27,2294.95,2318.0,2272.15,2309.1,1677.13,469474
2014-06-30,2297.6,2328.8,2293.0,2316.2,1682.29,300379
2014-07-01,2314.95,2352.7,2312.0,2334.7,1695.72,196804
2014-07-02,2345.0,2364.85,2333.0,2349.8,1706.69,311591
2014-07-03,2319.0,2319.8,2282.5,2300.1,1706.91,264883
2014-07-04,2300.1,2310.0,2281.0,2299.2,1706.24,197560
2014-07-07,2310.0,2319.7,2280.0,2302.7,1708.84,278231
2014-07-08,2310.0,2324.6,2200.0,2226.3,1652.15,580917
2014-07-09,2226.0,2239.0,2165.0,2169.65,1610.1,340245
2014-07-10,2166.0,2194.0,2139.95,2152.2,1597.16,252737
2014-07-11,2136.2,2173.5,2102.7,2133.95,1583.61,182285
2014-07-14,2133.95,2154.0,2114.3,2127.55,1578.86,236852
2014-07-15,2130.5,2169.0,2130.5,2155.75,1599.79,306742
2014-07-16,2155.0,2160.3,2121.5,2137.1,1585.95,544762
2014-07-17,2132.3,2156.0,2071.0,2087.65,1549.25,1019519
2014-07-18,2081.8,2090.0,2051.5,2081.25,1544.5,565282
2014-07-21,2083.2,2095.15,2060.4,2070.7,1536.67,420580
2014-07-22,2075.0,2084.9,2063.65,2070.15,1536.27,419573
2014-07-23,2090.35,2112.45,2068.3,2105.3,1562.35,399959
2014-07-24,2113.0,2122.9,2085.0,2108.7,1564.87,224953
2014-07-25,2108.7,2112.8,2084.45,2100.75,1558.97,268072
2014-07-28,2092.0,2108.05,2071.0,2084.05,1546.58,234341
2014-07-30,2074.1,2099.0,2071.2,2079.4,1543.13,602599
2014-07-31,2078.0,2094.6,2067.0,2075.9,1540.53,806232
2014-08-01,2073.8,2079.0,2045.2,2057.9,1527.18,594237
2014-08-04,2065.0,2107.25,2041.5,2088.1,1549.59,704465
2014-08-05,2095.0,2161.0,2095.0,2155.6,1599.68,532954
2014-08-06,2172.95,2178.0,2136.3,2143.75,1590.88,487226
2014-08-07,2145.0,2156.8,2115.0,2139.25,1587.55,317652
2014-08-08,2125.0,2132.95,2109.0,2121.65,1574.48,194925
2014-08-11,2140.0,2148.9,2101.2,2129.3,1580.16,303062
2014-08-12,2142.95,2144.85,2121.1,2135.55,1584.8,447923
2014-08-13,2137.0,2154.4,2120.0,2147.95,1594.0,367812
2014-08-14,2153.4,2165.0,2109.75,2135.0,1584.39,335934
2014-08-18,2125.1,2164.45,2125.1,2134.5,1584.02,387854
2014-08-19,2140.5,2210.0,2137.0,2198.2,1631.29,331863
2014-08-20,2200.0,2214.95,2182.4,2198.8,1631.74,277837
2014-08-21,2213.0,2278.6,2196.1,2268.05,1683.13,786442
2014-08-22,2275.0,2275.0,2239.0,2266.35,1681.87,213372
2014-08-25,2274.9,2277.05,2240.15,2251.6,1670.92,173103
2014-08-26,2245.9,2285.0,2224.4,2260.0,1677.15,175593
2014-08-27,2270.0,2304.6,2260.0,2280.3,1692.22,382791
2014-08-28,2280.3,2303.8,2250.0,2258.7,1676.19,572472
2014-09-01,2279.7,2298.8,2248.25,2260.55,1677.56,426742
2014-09-02,2265.95,2306.55,2250.0,2258.6,1676.12,599440
2014-09-03,2265.1,2279.95,2220.1,2225.85,1651.81,408269
2014-09-04,2220.2,2315.0,2207.95,2301.9,1708.25,393793
2014-09-05,2302.3,2349.0,2282.0,2339.65,1736.26,415637
2014-09-08,2345.0,2382.95,2335.0,2359.3,1750.85,297676
2014-09-09,2368.75,2374.65,2315.2,2321.15,1722.53,181985
2014-09-10,2340.0,2364.95,2320.5,2354.7,1747.43,193868
2014-09-11,2360.5,2373.35,2322.8,2336.55,1733.96,119290
2014-09-12,2352.0,2364.85,2321.0,2348.45,1742.79,178695
2014-09-15,2351.85,2351.85,2316.0,2332.55,1730.99,138487
2014-09-16,2325.2,2355.0,2293.4,2302.65,1708.81,173221
2014-09-17,2307.35,2332.4,2300.0,2320.25,1721.87,175159
2014-09-18,2316.0,2405.0,2303.0,2393.45,1776.19,282872
2014-09-19,2404.9,2428.2,2368.0,2412.35,1790.21,262187
2014-09-22,2421.95,2440.0,2395.0,2412.55,1790.36,198779
2014-09-23,2403.8,2457.0,2382.6,2393.6,1776.3,190192
2014-09-24,2401.0,2414.9,2341.0,2364.95,1755.04,181767
2014-09-25,2361.0,2389.2,2340.0,2350.85,1744.57,194849
2014-09-26,2348.05,2389.5,2300.0,2340.8,1737.12,179841
2014-09-29,2349.95,2358.2,2298.35,2305.05,1710.59,144110
2014-09-30,2311.0,2357.35,2296.0,2351.6,1745.13,306438
2014-10-01,2356.0,2371.35,2329.0,2336.1,1733.63,139949
2014-10-07,2314.0,2356.95,2314.0,2336.35,1733.81,154957
2014-10-08,2332.0,2356.85,2318.0,2348.5,1742.83,122320
2014-10-09,2356.0,2380.75,2332.8,2376.1,1763.31,142715
2014-10-10,2363.0,2368.15,2311.05,2353.65,1746.65,143162
2014-10-13,2330.2,2364.85,2330.05,2348.8,1743.05,88360
2014-10-14,2389.0,2429.0,2370.0,2412.0,1789.95,484629
2014-10-15,2412.0,2412.0,2412.0,2412.0,1789.95,0
2014-10-16,2365.1,2440.9,2347.55,2363.55,1754.0,565835
2014-10-17,2375.0,2405.0,2355.0,2373.2,1761.16,356058
2014-10-20,2383.0,2427.25,2381.25,2412.6,1790.4,165916
2014-10-21,2420.0,2434.95,2395.05,2412.05,1789.99,192702
2014-10-22,2427.5,2508.6,2427.5,2494.9,1851.47,406284
2014-10-27,2535.6,2544.95,2502.1,2517.45,1868.21,126144
2014-10-28,2520.0,2522.85,2470.45,2499.25,1854.7,144763
2014-10-29,2515.0,2560.0,2496.55,2551.25,1893.29,225834
2014-10-30,2555.0,2585.0,2535.0,2577.5,1912.77,231014
2014-10-31,2581.95,2628.25,2564.1,2611.05,1937.67,256645
2014-11-03,2611.0,2611.0,2550.4,2574.25,1910.36,242127
2014-11-05,2594.0,2624.75,2561.25,2570.7,1907.73,347958
2014-11-07,2575.0,2584.65,2532.8,2539.7,1884.72,237582
2014-11-10,2545.0,2574.65,2520.6,2543.4,1887.47,113533
2014-11-11,2541.1,2559.8,2536.7,2549.55,1892.03,130258
2014-11-12,2549.55,2624.95,2549.55,2599.55,1929.14,197549
2014-11-13,2600.0,2622.9,2595.2,2609.8,1936.74,515905
2014-11-14,2625.0,2663.65,2612.0,2652.85,1968.69,444633
2014-11-17,2645.0,2678.2,2642.85,2657.65,1972.25,412309
2014-11-18,2660.0,2673.85,2635.1,2643.95,1962.08,435031
2014-11-19,2647.0,2688.0,2646.85,2674.95,1985.09,886479
2014-11-20,2685.0,2685.0,2643.0,2655.3,1970.51,322054
2014-11-21,2659.0,2685.0,2652.5,2673.45,1983.98,476658
2014-11-24,2661.0,2695.0,2649.0,2675.1,1985.2,266487
2014-11-25,2670.2,2680.3,2614.25,2644.0,1962.12,187589
2014-11-26,2620.0,2624.8,2570.15,2614.45,1940.19,565178
2014-11-27,2617.2,2654.0,2590.0,2649.6,1966.28,316876
2014-11-28,2654.0,2675.55,2630.7,2640.8,1959.75,379312
2014-12-01,2642.5,2660.8,2613.05,2636.3,1956.41,199683
2014-12-02,2586.0,2614.8,2555.7,2602.35,1931.21,391070
2014-12-03,2620.0,2628.1,2586.0,2609.9,1936.82,303233
2014-12-04,2609.6,2632.95,2588.8,2625.1,1948.1,274078
2014-12-05,2625.0,2637.95,2611.25,2619.9,1944.24,108559
2014-12-08,2625.0,2637.55,2597.1,2614.65,1940.34,265082
2014-12-09,2600.0,2641.2,2595.0,2608.85,1936.04,579980
2014-12-10,2608.9,2617.35,2555.75,2569.5,1906.84,515235
2014-12-11,2568.05,2592.6,2540.6,2563.2,1902.16,185957
2014-12-12,2553.0,2572.6,2510.3,2521.35,1871.1,221415
2014-12-15,2500.0,2545.05,2498.05,2517.9,1868.54,171678
2014-12-16,2496.0,2536.8,2475.0,2494.75,1851.36,219221
2014-12-17,2485.15,2509.5,2444.85,2463.05,1827.84,280480
2014-12-18,2480.5,2528.6,2471.0,2503.15,1857.6,287186
2014-12-19,2505.8,2524.2,2454.25,2473.55,1835.63,283580
2014-12-22,2510.0,2510.0,2453.1,2477.3,1838.41,281967
2014-12-23,2475.0,2526.3,2465.55,2519.25,1869.54,165201
2014-12-24,2530.95,2539.0,2462.1,2477.7,1838.71,414127
2014-12-26,2483.0,2499.0,2460.1,2480.7,1840.94,86469
2014-12-29,2499.7,2505.0,2479.65,2484.8,1843.98,93039
2014-12-30,2490.0,2490.65,2451.0,2455.05,1821.9,89969
2014-12-31,2421.05,2448.7,2414.5,2432.45,1805.13,202699
2015-01-01,2431.0,2458.3,2428.45,2452.15,1819.75,72928
2015-01-02,2457.0,2476.4,2432.0,2451.75,1819.45,164726
2015-01-05,2452.0,2481.2,2450.0,2460.7,1826.09,118873
2015-01-06,2454.3,2469.9,2430.0,2441.5,1811.85,580496
2015-01-07,2442.0,2475.6,2432.05,2447.2,1816.08,189191
2015-01-08,2447.65,2465.0,2436.1,2450.4,1818.45,4301348
2015-01-09,2455.0,2468.9,2350.0,2375.85,1763.13,245974
2015-01-12,2385.0,2396.0,2323.1,2334.0,1732.07,203022
2015-01-13,2340.0,2355.15,2313.8,2324.1,1724.72,161658
2015-01-14,2318.3,2369.9,2318.3,2363.45,1753.92,217775
2015-01-15,2380.1,2437.35,2357.75,2417.95,1794.37,726566
2015-01-16,2420.0,2442.0,2393.8,2420.15,1796.0,270014
2015-01-19,2420.1,2420.1,2399.5,2403.9,1783.94,368777
2015-01-20,2407.0,2417.6,2375.25,2404.25,1784.2,197434
2015-01-21,2420.0,2456.5,2399.45,2446.65,1815.67,201858
2015-01-22,2455.25,2491.25,2438.1,2444.3,1813.92,748394
2015-01-23,2470.9,2474.0,2420.0,2441.5,1811.85,356732
2015-01-27,2428.2,2439.95,2387.25,2419.85,1795.78,507659
2015-01-28,2414.4,2414.4,2383.3,2398.8,1780.16,963742
2015-01-29,2396.7,2416.8,2376.3,2404.7,1784.54,391136
2015-01-30,2406.45,2416.2,2374.2,2391.7,1774.89,261718
2015-02-02,2390.0,2421.25,2325.0,2349.3,1743.42,444651
2015-02-03,2350.05,2368.0,2256.5,2260.75,1677.71,727453
2015-02-04,2281.8,2281.8,2230.35,2245.3,1666.25,399841
2015-02-05,2253.0,2270.0,2240.05,2245.3,1666.25,272367
2015-02-06,2240.05,2257.8,2020.9,2223.3,1649.92,296601
2015-02-09,2210.0,2274.75,2195.05,2269.15,1683.94,274052
2015-02-10,2241.1,2278.6,2238.0,2267.95,1683.05,258202
2015-02-11,2268.0,2294.0,2253.9,2280.6,1692.44,212912
2015-02-12,2285.0,2314.9,2257.8,2262.45,1678.97,638711
2015-02-13,2272.35,2283.7,2250.0,2260.8,1677.75,543888
2015-02-16,2263.2,2280.85,2253.3,2261.85,1678.53,1062376
2015-02-18,2263.2,2264.0,2230.05,2240.3,1662.53,318828
2015-02-19,2242.65,2242.65,2200.0,2212.55,1641.94,924708
2015-02-20,2230.0,2240.0,2200.7,2206.8,1637.67,506875
2015-02-23,2215.0,2222.6,2171.05,2181.15,1618.64,427575
2015-02-24,2182.0,2204.0,2173.3,2191.45,1626.28,280197
2015-02-25,2200.1,2203.0,2173.0,2179.95,1617.75,407474
2015-02-26,2181.0,2186.25,2128.0,2134.85,1584.28,735318
2015-02-27,2140.1,2161.85,2108.3,2150.5,1595.89,424147
2015-03-02,2168.0,2209.35,2053.0,2074.25,1539.31,789363
2015-03-03,2067.0,2123.8,2058.1,2117.5,1571.4,325920
2015-03-04,2117.55,2139.0,2110.05,2122.1,1574.82,421933
2015-03-05,2124.0,2139.6,2105.6,2118.65,1572.26,237799
2015-03-09,2110.0,2149.55,2091.75,2109.85,1565.73,334555
2015-03-10,2120.0,2156.0,2111.3,2129.25,1580.12,401075
2015-03-11,2140.0,2149.0,2088.0,2098.3,1557.16,338536
2015-03-12,2105.0,2113.0,2067.0,2072.75,1538.2,475656
2015-03-13,2079.0,2084.9,2011.0,2023.1,1501.35,828945
2015-03-16,2010.0,2059.0,2010.0,2025.5,1503.13,371543
2015-03-17,2040.0,2057.0,2027.7,2047.2,1519.23,256565
2015-03-18,2050.1,2054.6,2026.0,2031.25,1507.4,634025
2015-03-19,2040.1,2047.0,2020.85,2025.35,1503.02,500745
2015-03-20,2035.0,2035.0,2007.25,2017.85,1497.45,579513
2015-03-23,2011.8,2041.8,2010.05,2031.75,1507.77,420806
2015-03-24,2034.0,2040.9,2020.0,2028.0,1504.99,1002496
2015-03-25,2032.0,2035.0,2008.15,2016.85,1496.71,722561
2015-03-26,2019.0,2032.5,1990.0,2004.3,1487.4,1046160
2015-03-27,2009.0,2022.0,1980.0,2016.9,1496.75,439910
2015-03-30,2030.0,2043.7,1998.3,2028.0,1504.99,235638
2015-03-31,2035.0,2035.0,2004.9,2016.6,1496.53,263684
2015-04-01,2027.05,2035.0,2002.95,2019.8,1498.9,208545
2015-04-06,2030.0,2047.2,1993.65,2036.4,1511.22,281023
2015-04-07,2039.95,2098.0,2026.9,2094.55,1554.37,374689
2015-04-08,2091.35,2128.0,2082.0,2099.5,1558.05,243842
2015-04-09,2101.15,2107.0,2078.3,2098.55,1557.34,219282
2015-04-10,2106.0,2106.0,2077.55,2098.75,1557.49,156593
2015-04-13,2115.0,2115.0,2080.0,2095.3,1554.93,250008
2015-04-15,2101.0,2115.3,2060.0,2075.0,1539.86,190435
2015-04-16,2067.5,2094.6,2050.0,2088.05,1549.55,252040
2015-04-17,2063.65,2080.0,2040.0,2065.3,1532.67,178998
2015-04-20,2065.0,2083.05,2000.6,2022.05,1500.57,257106
2015-04-21,2025.7,2055.3,1980.0,1988.45,1475.64,260092
2015-04-22,1995.1,2025.0,1943.0,1983.7,1472.11,326374
2015-04-23,1992.0,2017.6,1973.4,1991.05,1477.57,145385
2015-04-24,1990.5,2007.95,1961.0,1998.85,1483.35,269572
2015-04-27,2006.0,2009.95,1970.05,1984.45,1472.67,228380
2015-04-28,1985.0,2000.0,1943.75,1990.15,1476.9,217394
2015-04-29,1990.2,2002.7,1971.0,1978.65,1468.36,152835
2015-04-30,1977.8,1977.8,1912.5,1948.65,1446.1,1262699
2015-05-04,1958.8,2098.7,1932.95,2087.9,1549.44,610067
2015-05-05,2087.9,2087.9,2029.25,2061.65,1529.96,291839
2015-05-06,2056.9,2056.9,2016.15,2020.3,1499.27,649622
2015-05-07,2010.0,2089.9,2006.95,2067.85,1534.56,433821
2015-05-08,2078.15,2148.1,2049.8,2123.05,1575.52,338090
2015-05-11,2131.0,2193.25,2131.0,2182.4,1619.57,312569
2015-05-12,2182.4,2185.0,2125.0,2128.9,1579.86,267754
2015-05-13,2145.0,2172.0,2092.35,2125.9,1577.64,287030
2015-05-14,2126.0,2179.0,2107.2,2165.85,1607.29,424064
2015-05-15,2165.0,2192.0,2152.0,2186.5,1622.61,175574
2015-05-18,2192.0,2227.9,2176.75,2220.7,1647.99,275731
2015-05-19,2220.0,2243.75,2195.25,2202.6,1634.56,212926
2015-05-20,2210.0,2223.0,2136.0,2151.35,1596.52,399901
2015-05-21,2144.1,2314.0,2123.3,2300.3,1707.06,2610990
2015-05-22,2290.0,2340.9,2255.0,2307.45,1712.37,920884
2015-05-25,2300.0,2323.95,2280.7,2298.85,1705.99,414481
2015-05-26,2310.0,2330.0,2285.1,2321.3,1722.65,275643
2015-05-27,2303.45,2336.75,2303.45,2312.4,1716.04,504244
2015-05-28,2312.25,2335.0,2275.0,2302.95,1709.03,418946
2015-05-29,2313.25,2331.0,2286.05,2316.1,1718.79,549255
2015-06-01,2318.55,2351.0,2306.3,2337.75,1734.85,284450
2015-06-02,2342.0,2347.05,2262.15,2270.7,1685.09,516279
2015-06-03,2251.0,2290.85,2229.25,2240.0,1662.31,231100
2015-06-04,2244.8,2261.0,2190.55,2218.0,1645.99,193842
2015-06-05,2203.7,2236.0,2191.35,2198.5,1631.51,187374
2015-06-08,2200.0,2240.5,2200.0,2224.2,1650.59,372632
2015-06-09,2218.7,2232.5,2177.4,2190.7,1625.73,296262
2015-06-10,2182.0,2266.25,2179.0,2253.15,1672.07,409711
2015-06-11,2266.0,2277.4,2207.0,2213.55,1642.68,350425
2015-06-12,2220.0,2297.0,2201.4,2286.3,1696.67,575268
2015-06-15,2286.3,2339.15,2261.6,2332.35,1730.85,501630
2015-06-16,2329.0,2403.15,2314.2,2391.1,1774.44,457467
2015-06-17,2395.0,2408.5,2362.0,2372.0,1760.27,366641
2015-06-18,2370.0,2412.4,2369.1,2396.0,1778.08,308116
2015-06-19,2409.95,2425.0,2390.2,2407.75,1786.8,327523
2015-06-22,2405.05,2436.45,2397.2,2425.05,1799.64,244573
2015-06-23,2425.05,2438.0,2402.3,2414.3,1791.66,291949
2015-06-24,2414.95,2414.95,2388.6,2392.6,1775.56,263531
2015-06-25,2400.0,2530.0,2390.0,2504.3,1858.45,927513
2015-06-26,2494.0,2554.0,2471.0,2544.8,1888.51,662174
2015-06-29,2500.0,2574.05,2480.45,2558.85,1898.93,579466
2015-06-30,2552.45,2584.0,2531.1,2541.95,1886.39,629086
2015-07-01,2541.95,2555.0,2516.0,2526.25,1874.74,251469
2015-07-02,2550.0,2586.2,2528.0,2566.2,1904.39,338991
2015-07-03,2580.0,2609.0,2575.0,2588.0,1920.56,346267
2015-07-06,2572.0,2602.95,2569.5,2595.35,1926.02,254273
2015-07-07,2602.0,2612.9,2585.0,2603.7,1932.22,184985
2015-07-08,2589.05,2608.0,2560.0,2571.45,1908.28,184524
2015-07-09,2545.0,2558.0,2500.15,2511.25,1900.56,239855
2015-07-10,2519.9,2523.4,2453.65,2466.8,1866.92,332514
2015-07-13,2480.0,2507.95,2439.6,2496.85,1889.66,295109
2015-07-14,2500.0,2521.0,2485.55,2498.7,1891.06,341879
2015-07-15,2490.0,2540.0,2490.0,2532.25,1916.46,350064
2015-07-16,2540.0,2561.0,2537.8,2545.85,1926.75,224838
2015-07-17,2555.0,2567.6,2485.0,2529.45,1914.34,259098
2015-07-20,2533.0,2550.2,2512.65,2520.95,1907.9,131942
2015-07-21,2508.0,2572.95,2508.0,2542.95,1924.55,226485
2015-07-22,2548.0,2628.0,2548.0,2618.9,1982.03,493192
2015-07-23,2630.0,2656.0,2480.0,2489.05,1883.76,1651767
2015-07-24,2492.9,2518.8,2477.15,2497.35,1890.04,399738
2015-07-27,2494.0,2529.0,2460.75,2509.0,1898.86,405369
2015-07-28,2517.0,2524.9,2471.3,2482.0,1878.43,248738
2015-07-29,2484.6,2514.75,2471.9,2497.85,1890.42,220012
2015-07-30,2500.0,2534.0,2500.0,2527.25,1912.67,332527
2015-07-31,2533.0,2555.6,2514.25,2525.3,1911.2,245751
2015-08-03,2525.0,2564.6,2487.3,2504.9,1895.76,294753
2015-08-04,2524.9,2524.9,2477.15,2511.9,1901.05,276076
2015-08-05,2506.0,2586.85,2506.0,2576.65,1950.06,577916
2015-08-06,2576.0,2608.0,2560.95,2578.35,1951.35,369433
2015-08-07,2578.35,2582.0,2528.5,2537.4,1920.35,191394
2015-08-10,2544.95,2573.65,2541.7,2554.6,1933.37,226672
2015-08-11,2560.0,2567.0,2525.2,2539.9,1922.25,184804
2015-08-12,2535.0,2546.8,2451.4,2462.2,1863.44,243929
2015-08-13,2470.0,2510.0,2422.0,2486.85,1882.1,195819
2015-08-14,2495.0,2572.8,2475.75,2558.6,1936.4,255379
2015-08-17,2569.0,2570.0,2529.95,2535.35,1918.8,157272
2015-08-18,2540.0,2569.0,2520.0,2526.8,1912.33,154551
2015-08-19,2519.0,2555.0,2496.65,2543.05,1924.63,176926
2015-08-20,2505.05,2546.25,2481.6,2491.8,1885.84,209161
2015-08-21,2475.05,2508.6,2385.0,2406.2,1821.06,604347
2015-08-24,2339.7,2355.7,2169.0,2191.55,1658.61,524739
2015-08-25,2217.5,2245.9,2142.85,2198.2,1663.64,622800
2015-08-26,2194.45,2270.0,2133.65,2244.65,1698.79,436233
2015-08-27,2270.0,2270.1,2176.2,2187.75,1655.73,777058
2015-08-28,2214.95,2293.85,2202.05,2279.55,1725.21,568948
2015-08-31,2261.0,2270.0,2221.1,2232.7,1689.75,459532
2015-09-01,2212.85,2258.9,2211.05,2249.9,1702.77,570898
2015-09-02,2245.0,2282.45,2192.5,2203.5,1667.65,396461
2015-09-03,2218.15,2264.9,2212.5,2248.4,1701.63,324122
2015-09-04,2235.1,2235.1,2183.4,2211.0,1673.33,288883
2015-09-07,2225.0,2225.0,2177.2,2192.1,1659.02,201054
2015-09-08,2196.1,2219.0,2175.55,2205.65,1669.28,264656
2015-09-09,2220.2,2280.0,2220.2,2270.0,1717.98,218609
2015-09-10,2240.0,2319.9,2214.65,2302.7,1742.73,280684
2015-09-11,2327.0,2334.2,2273.0,2325.8,1760.21,311139
2015-09-14,2345.0,2345.0,2296.05,2314.35,1751.54,155057
2015-09-15,2315.0,2315.0,2281.1,2296.4,1737.96,188695
2015-09-16,2305.1,2369.0,2298.6,2350.15,1778.64,340725
2015-09-18,2375.0,2378.55,2273.0,2297.5,1738.79,406288
2015-09-21,2275.0,2309.9,2260.35,2302.6,1742.65,165733
2015-09-22,2332.9,2333.0,2240.35,2259.15,1709.77,241130
2015-09-23,2242.0,2256.1,2210.15,2239.25,1694.71,344990
2015-09-24,2248.0,2293.9,2237.0,2282.95,1727.78,403540
2015-09-28,2300.0,2310.0,2262.45,2274.4,1721.31,177328
2015-09-29,2258.0,2293.2,2205.0,2250.65,1703.34,265626
2015-09-30,2266.0,2322.45,2251.7,2312.1,1749.84,306730
2015-10-01,2311.0,2327.35,2284.1,2315.1,1752.11,182986
2015-10-05,2325.0,2405.0,2311.65,2388.75,1807.85,226860
2015-10-06,2395.0,2398.8,2342.15,2376.75,1798.77,214337
2015-10-07,2371.1,2465.0,2354.05,2451.8,1855.57,297092
2015-10-08,2479.9,2479.9,2406.15,2430.9,1839.75,215467
2015-10-09,2448.0,2486.0,2438.8,2449.6,1853.9,226253
2015-10-12,2450.5,2458.95,2405.7,2422.25,1833.21,109815
2015-10-13,2430.0,2478.75,2425.0,2462.1,1863.37,240921
2015-10-14,2456.3,2478.8,2431.05,2438.95,1845.84,110664
2015-10-15,2450.0,2460.0,2440.4,2450.65,1854.7,132541
2015-10-16,2456.75,2487.75,2436.05,2461.5,1862.91,187013
2015-10-19,2461.5,2480.25,2430.1,2465.4,1865.86,202855
2015-10-20,2470.0,2475.0,2400.0,2439.05,1845.92,243441
2015-10-21,2444.0,2538.1,2435.0,2519.05,1906.47,1213789
2015-10-23,2532.85,2564.2,2506.05,2515.65,1903.89,497453
2015-10-26,2530.0,2581.9,2530.0,2575.6,1949.26,521901
2015-10-27,2566.05,2595.0,2555.05,2582.15,1954.22,380147
2015-10-28,2580.1,2585.0,2558.3,2570.4,1945.33,317563
2015-10-29,2572.0,2600.0,2562.65,2577.3,1950.55,395616
2015-10-30,2575.1,2583.0,2539.95,2550.45,1930.23,167715
2015-11-02,2542.0,2575.0,2392.0,2432.65,1841.08,535525
2015-11-03,2444.95,2450.15,2411.1,2424.55,1834.95,192324
2015-11-04,2435.0,2474.0,2435.0,2449.05,1853.49,261171
2015-11-05,2449.95,2468.25,2405.3,2414.3,1827.19,201885
2015-11-06,2411.1,2448.85,2411.1,2429.45,1838.66,178321
2015-11-09,2394.8,2430.0,2382.55,2409.1,1823.25,157878
2015-11-10,2401.0,2475.0,2381.65,2457.45,1859.85,273391
2015-11-13,2440.0,2470.0,2367.05,2380.45,1801.57,255389
2015-11-16,2374.0,2408.85,2344.15,2372.6,1795.63,285955
2015-11-17,2384.0,2417.8,2355.0,2365.3,1790.1,254396
2015-11-18,2369.0,2384.25,2336.5,2342.9,1773.15,245945
2015-11-19,2361.0,2442.1,2361.0,2428.25,1837.75,289124
2015-11-20,2427.95,2510.0,2425.25,2476.65,1874.38,378408
2015-11-23,2481.0,2529.0,2481.0,2522.75,1909.27,545369
2015-11-24,2515.0,2544.9,2471.0,2476.8,1874.49,325768
2015-11-26,2494.8,2522.8,2405.0,2448.15,1852.81,393155
2015-11-27,2433.05,2462.8,2425.1,2447.85,1852.58,170413
2015-11-30,2458.0,2515.0,2452.0,2479.25,1876.34,565457
2015-12-01,2490.0,2500.0,2460.0,2464.65,1865.3,153290
2015-12-02,2470.0,2515.0,2426.35,2500.6,1892.5,401153
2015-12-03,2499.0,2506.95,2473.75,2480.2,1877.06,246228
2015-12-04,2455.2,2489.45,2455.2,2472.55,1871.27,187184
2015-12-07,2471.05,2485.0,2442.1,2449.75,1854.02,187375
2015-12-08,2440.5,2484.0,2430.0,2462.65,1863.78,186909
2015-12-09,2463.0,2471.6,2383.25,2389.3,1808.27,206433
2015-12-10,2391.6,2451.95,2391.6,2443.25,1849.1,194126
2015-12-11,2454.7,2454.7,2404.95,2416.25,1828.66,189746
2015-12-14,2412.0,2428.0,2375.1,2409.2,1823.33,184395
2015-12-15,2409.1,2445.05,2391.0,2437.3,1844.6,166399
2015-12-16,2462.0,2464.0,2430.0,2452.7,1856.25,153649
2015-12-17,2460.0,2541.7,2455.6,2531.1,1915.59,275504
2015-12-18,2490.25,2503.0,2460.0,2469.55,1869.0,452519
2015-12-21,2489.0,2507.0,2472.85,2489.5,1884.1,176689
2015-12-22,2489.95,2499.5,2470.0,2476.25,1874.07,167772
2015-12-23,2494.9,2502.95,2468.2,2473.4,1871.92,252059
2015-12-24,2496.9,2496.9,2467.65,2482.9,1879.11,100232
2015-12-28,2483.0,2499.0,2483.0,2492.55,1886.41,151653
2015-12-29,2496.0,2535.95,2496.0,2530.45,1915.09,215967
2015-12-30,2540.0,2545.0,2510.0,2514.05,1902.68,207046
2015-12-31,2515.0,2546.1,2504.0,2532.0,1916.27,243382
2016-01-01,2530.1,2530.1,2511.0,2518.0,1905.67,70853
2016-01-04,2490.0,2547.6,2475.45,2483.35,1879.45,190056
2016-01-05,2500.0,2523.35,2491.45,2502.35,1893.83,192154
2016-01-06,2492.2,2514.15,2473.5,2485.5,1881.07,222912
2016-01-07,2475.0,2485.0,2406.85,2419.25,1830.94,221180
2016-01-08,2432.5,2443.9,2360.0,2375.85,1798.09,206203
2016-01-11,2359.9,2372.75,2329.9,2360.5,1786.47,159001
2016-01-12,2361.5,2377.45,2337.15,2344.35,1774.25,199864
2016-01-13,2355.0,2387.9,2332.2,2369.7,1793.44,246183
2016-01-14,2349.0,2374.65,2323.1,2362.45,1787.95,205015
2016-01-15,2369.95,2369.95,2313.0,2322.15,1757.45,334940
2016-01-18,2310.0,2335.1,2236.8,2249.9,1702.77,329495
2016-01-19,2259.95,2291.0,2234.4,2266.3,1715.18,153092
2016-01-20,2240.5,2284.9,2230.0,2278.35,1724.3,176561
2016-01-21,2280.05,2299.9,2256.05,2272.95,1720.21,190801
2016-01-22,2279.0,2329.3,2274.15,2318.85,1754.95,161259
2016-01-25,2323.3,2348.0,2315.0,2327.3,1761.35,214198
2016-01-27,2333.0,2333.0,2285.05,2302.85,1742.84,256991
2016-01-28,2301.0,2310.6,2255.7,2263.4,1712.99,172772
2016-01-29,2270.0,2359.9,2263.55,2341.95,1772.43,234367
2016-02-01,2360.0,2361.95,2310.1,2327.9,1761.8,155264
2016-02-02,2310.0,2384.4,2300.0,2364.1,1789.2,281676
2016-02-03,2345.0,2395.0,2335.0,2347.65,1776.75,179941
2016-02-04,2370.0,2389.85,2295.0,2310.65,1748.74,1147152
2016-02-05,2318.4,2378.95,2303.15,2366.35,1790.9,261889
2016-02-08,2366.3,2388.8,2348.0,2355.05,1782.35,80466
2016-02-09,2344.0,2390.0,2337.9,2376.6,1798.66,166296
2016-02-10,2363.95,2387.9,2342.0,2368.15,1792.26,194080
2016-02-11,2376.7,2386.95,2289.05,2329.9,1763.31,310125
2016-02-12,2310.0,2328.8,2251.0,2304.4,1744.01,326424
2016-02-15,2326.0,2372.3,2305.0,2342.1,1772.55,308865
2016-02-16,2365.0,2368.7,2328.55,2329.85,1763.28,293481
2016-02-17,2329.5,2369.0,2263.8,2357.45,1784.16,248046
2016-02-18,2370.05,2417.65,2364.1,2406.4,1821.21,318053
2016-02-19,2410.0,2467.0,2406.15,2455.8,1858.6,310736
2016-02-22,2459.0,2485.0,2451.25,2476.75,1874.45,199748
2016-02-23,2480.0,2480.0,2386.75,2396.45,1813.68,220555
2016-02-24,2386.75,2408.0,2330.35,2337.4,1768.99,297923
2016-02-25,2338.0,2352.85,2292.2,2322.0,1757.34,530719
2016-02-26,2331.2,2351.9,2221.85,2238.1,1693.84,524806
2016-02-29,2240.0,2268.0,2171.95,2201.2,1665.91,660576
2016-03-01,2205.1,2267.0,2205.1,2258.2,1709.05,481942
2016-03-02,2279.95,2318.0,2212.4,2230.3,1687.93,809509
2016-03-03,2250.0,2286.2,2241.0,2280.1,1725.62,557055
2016-03-04,2289.8,2324.1,2262.6,2306.25,1745.41,339975
2016-03-08,2308.0,2339.0,2295.1,2326.25,1760.55,203818
2016-03-09,2322.35,2335.0,2300.0,2316.8,1753.4,295112
2016-03-10,2344.7,2344.7,2304.6,2324.6,1759.3,139845
2016-03-11,2332.95,2347.0,2310.1,2325.9,1760.29,122688
2016-03-14,2333.0,2333.0,2302.2,2316.6,1753.25,214060
2016-03-15,2308.0,2328.0,2268.1,2278.45,1724.38,379744
2016-03-16,2245.6,2259.65,2213.0,2250.0,1741.05,364016
2016-03-17,2256.55,2283.3,2250.15,2269.9,1756.45,379252
2016-03-18,2271.0,2308.0,2268.35,2303.35,1782.33,284447
2016-03-21,2307.9,2320.0,2289.4,2314.2,1790.73,179791
2016-03-22,2302.0,2322.8,2297.7,2310.8,1788.1,394338
2016-03-23,2314.9,2364.0,2304.9,2356.4,1823.38,258677
2016-03-28,2375.5,2375.5,2332.75,2357.35,1824.12,210492
2016-03-29,2356.9,2374.0,2332.0,2351.95,1819.94,143428
2016-03-30,2364.0,2440.0,2363.0,2422.45,1874.49,379072
2016-03-31,2418.0,2457.0,2398.6,2405.95,1861.72,487678
2016-04-01,2410.0,2427.4,2378.0,2419.85,1872.48,238387
2016-04-04,2430.0,2477.7,2427.2,2448.25,1894.46,188472
2016-04-05,2449.9,2470.0,2386.3,2394.85,1853.14,189320
2016-04-06,2397.9,2425.0,2386.5,2395.2,1853.41,110752
2016-04-07,2387.0,2395.2,2354.3,2378.45,1840.45,140705
2016-04-08,2369.95,2404.85,2350.5,2389.45,1848.96,214592
2016-04-11,2397.95,2439.0,2373.0,2433.85,1883.31,134590
2016-04-12,2433.85,2468.05,2433.75,2459.7,1903.32,171855
2016-04-13,2474.7,2614.5,2473.0,2582.5,1998.34,474377
2016-04-18,2605.0,2609.9,2531.0,2544.45,1968.9,238512
2016-04-20,2546.7,2572.4,2512.3,2532.8,1959.88,215577
2016-04-21,2532.0,2548.0,2485.0,2496.45,1931.75,177164
2016-04-22,2489.65,2554.0,2479.0,2522.15,1951.64,223129
2016-04-25,2512.75,2559.9,2512.75,2543.75,1968.35,251692
2016-04-26,2541.0,2559.5,2506.55,2548.1,1971.72,280095
2016-04-27,2551.25,2583.15,2537.25,2548.25,1971.84,204441
2016-04-28,2536.05,2568.6,2481.0,2487.5,1924.83,285060
2016-04-29,2487.0,2500.75,2462.85,2491.95,1928.27,176707
2016-05-02,2484.0,2525.0,2450.1,2477.95,1917.44,185691
2016-05-03,2475.0,2498.9,2450.1,2462.85,1905.75,334288
2016-05-04,2454.5,2480.55,2451.0,2460.3,1903.78,132511
2016-05-05,2463.0,2488.3,2446.35,2453.3,1898.36,127867
2016-05-06,2446.55,2453.75,2430.1,2435.2,1884.36,118418
2016-05-09,2435.0,2537.0,2431.05,2527.15,1955.51,180905
2016-05-10,2529.8,2540.0,2500.0,2530.05,1957.75,159486
2016-05-11,2500.0,2554.8,2496.45,2517.25,1947.85,191358
2016-05-12,2512.3,2558.0,2512.3,2549.05,1972.46,166196
2016-05-13,2540.6,2545.0,2508.5,2517.7,1948.2,168060
2016-05-16,2520.1,2526.2,2455.0,2512.1,1943.86,163404
2016-05-17,2525.0,2535.0,2496.25,2506.55,1939.57,164096
2016-05-18,2488.0,2501.95,2455.0,2461.7,1904.86,293238
2016-05-19,2468.0,2471.6,2422.5,2435.45,1884.55,226925
2016-05-20,2437.0,2461.55,2427.0,2453.0,1898.13,137638
2016-05-23,2461.0,2464.0,2408.6,2421.8,1873.99,270512
2016-05-24,2421.0,2421.0,2364.35,2379.4,1841.18,208394
2016-05-25,2404.85,2504.95,2376.45,2475.3,1915.39,1132838
2016-05-26,2494.0,2517.75,2475.0,2505.15,1938.49,581544
2016-05-27,2505.0,2581.95,2487.0,2563.7,1983.79,326701
2016-05-30,2583.0,2614.95,2570.6,2607.15,2017.41,281067
2016-05-31,2605.0,2642.0,2603.0,2618.35,2026.08,447826
2016-06-01,2635.0,2635.0,2600.0,2603.8,2014.82,163603
2016-06-02,2585.05,2602.05,2556.6,2594.95,2007.97,219851
2016-06-03,2595.6,2659.15,2595.0,2639.2,2042.21,293506
2016-06-06,2641.8,2650.0,2619.1,2630.0,2035.09,200798
2016-06-07,2649.85,2658.0,2625.2,2640.75,2043.41,238210
2016-06-08,2640.75,2655.75,2624.0,2632.35,2036.91,235110
2016-06-09,2634.3,2635.35,2577.1,2592.35,2005.96,226078
2016-06-10,2590.0,2623.6,2565.0,2579.95,1996.37,134463
2016-06-13,2566.0,2594.7,2554.0,2583.75,1999.31,122703
2016-06-14,2585.05,2586.05,2550.0,2560.75,1981.51,164026
2016-06-15,2570.5,2610.1,2565.15,2603.55,2014.63,220412
2016-06-16,2582.0,2589.55,2550.0,2567.1,1986.42,223474
2016-06-17,2573.0,2589.0,2555.6,2581.4,1997.49,137960
2016-06-20,2550.0,2624.45,2550.0,2617.9,2025.73,150107
2016-06-21,2620.0,2653.8,2612.25,2636.25,2039.93,255537
2016-06-22,2636.25,2639.55,2613.5,2632.15,2036.76,142146
2016-06-23,2630.0,2666.0,2601.0,2652.0,2052.12,276005
2016-06-24,2600.0,2684.75,2554.85,2678.8,2072.86,341530
2016-06-27,2690.0,2703.0,2643.6,2648.45,2049.37,274105
2016-06-28,2662.0,2669.7,2615.0,2624.4,2030.76,277647
2016-06-29,2647.8,2650.0,2632.0,2645.85,2047.36,329314
2016-06-30,2658.0,2700.0,2655.0,2689.95,2081.48,457899
2016-07-01,2697.5,2719.95,2665.05,2671.25,2067.01,307070
2016-07-04,2680.0,2690.0,2645.0,2652.8,2052.74,185737
2016-07-05,2645.0,2648.95,2602.65,2612.15,2021.28,209086
2016-07-07,2608.5,2625.0,2590.0,2610.55,2020.04,205355
2016-07-08,2620.0,2635.0,2600.0,2604.6,2015.44,147732
2016-07-11,2626.0,2658.0,2626.0,2649.05,2049.84,180070
2016-07-12,2657.0,2675.0,2635.1,2651.8,2051.96,193652
2016-07-13,2660.0,2668.0,2630.2,2657.1,2056.06,147655
2016-07-14,2643.0,2674.0,2641.0,2665.1,2066.14,134930
2016-07-15,2668.5,2700.0,2667.4,2695.6,2089.79,207722
2016-07-18,2714.45,2763.0,2706.0,2755.35,2136.11,362174
2016-07-19,2760.1,2764.0,2745.0,2758.85,2138.82,343673
2016-07-20,2761.75,2793.0,2746.25,2779.35,2154.72,380227
2016-07-21,2787.1,2801.85,2762.0,2770.6,2147.93,239917
2016-07-22,2765.2,2767.2,2715.5,2720.6,2109.17,214012
2016-07-25,2720.0,2754.1,2680.0,2700.85,2093.86,300696
2016-07-26,2705.0,2715.8,2660.2,2673.95,2073.0,291824
2016-07-27,2675.0,2727.05,2621.2,2670.15,2070.06,1179297
2016-07-28,2671.7,2711.75,2653.0,2660.5,2062.58,473920
2016-07-29,2660.0,2724.2,2660.0,2700.8,2093.82,321171
2016-08-01,2710.1,2780.0,2710.1,2736.15,2121.23,458487
2016-08-02,2749.9,2780.0,2726.2,2747.65,2130.14,285707
2016-08-03,2743.1,2758.5,2705.0,2714.85,2104.71,180584
2016-08-04,2738.0,2774.9,2724.0,2744.0,2127.31,251834
2016-08-05,2754.3,2881.0,2750.0,2862.1,2218.87,419350
2016-08-08,2872.1,2918.05,2860.15,2871.45,2226.12,242032
2016-08-09,2871.9,2893.75,2833.8,2866.8,2222.51,225096
2016-08-10,2862.2,2902.0,2845.15,2856.0,2214.14,203530
2016-08-11,2860.0,2888.8,2825.0,2846.35,2206.66,152651
2016-08-12,2846.0,2904.0,2840.0,2868.7,2223.99,179931
2016-08-16,2872.25,2897.3,2840.0,2883.05,2235.11,196703
2016-08-17,2892.4,2951.8,2883.05,2939.65,2278.99,289452
2016-08-18,2933.0,2958.25,2925.0,2946.1,2283.99,139176
2016-08-19,2946.1,2948.95,2920.5,2933.2,2273.99,92809
2016-08-22,2933.0,2950.0,2908.05,2924.9,2267.56,167024
2016-08-23,2923.9,2923.9,2868.0,2878.8,2231.82,164538
2016-08-24,2885.0,2900.75,2851.0,2869.7,2224.76,189493
2016-08-25,2894.0,2903.95,2849.05,2862.4,2219.1,196374
2016-08-26,2877.4,2877.4,2845.05,2858.25,2215.88,172603
2016-08-29,2867.8,2904.0,2809.05,2887.85,2238.83,129976
2016-08-30,2897.05,3010.0,2897.05,2978.9,2309.42,421580
2016-08-31,2982.0,3037.75,2969.9,2978.5,2309.11,345001
2016-09-01,2978.5,3018.3,2955.35,2999.0,2325.0,193060
2016-09-02,2970.05,3015.0,2924.3,2998.05,2324.27,350046
2016-09-06,2996.0,3035.45,2990.0,3004.8,2329.5,214998
2016-09-07,3020.0,3020.0,2980.0,2985.8,2314.77,159864
2016-09-08,2980.0,3120.0,2980.0,3088.7,2394.54,406556
2016-09-09,3091.9,3107.2,3017.25,3036.45,2354.04,233241
2016-09-12,2970.0,2977.7,2926.0,2954.9,2290.81,161009
2016-09-14,2964.0,2994.45,2939.55,2971.55,2303.72,257712
2016-09-15,2971.0,2978.0,2925.15,2931.75,2272.87,232030
2016-09-16,2932.9,3031.0,2932.9,2981.6,2311.51,349528
2016-09-19,2984.85,3012.3,2940.0,2945.85,2283.8,192976
2016-09-20,2923.8,2956.0,2875.0,2886.95,2238.13,315212
2016-09-21,2889.0,2966.5,2857.05,2902.65,2250.31,472910
2016-09-22,2936.0,2972.95,2916.65,2926.75,2268.99,271251
2016-09-23,2926.0,2954.2,2912.6,2929.65,2271.24,334216
2016-09-26,2924.0,2933.0,2878.0,2891.6,2241.74,287196
2016-09-27,2918.0,2927.8,2870.0,2875.8,2229.49,176614
2016-09-28,2879.0,2925.0,2871.55,2913.9,2259.03,302892
2016-09-29,2941.0,2953.95,2835.2,2846.4,2206.7,480296
2016-09-30,2857.95,2857.95,2816.8,2827.6,2192.12,229858
2016-10-03,2830.0,2908.35,2830.0,2880.9,2233.44,281923
2016-10-04,2903.0,2917.0,2876.05,2894.2,2243.75,260010
2016-10-05,2900.0,2910.0,2845.8,2857.95,2215.65,188728
2016-10-06,2869.05,2869.05,2811.2,2823.05,2188.6,176396
2016-10-07,2827.05,2900.0,2785.0,2883.5,2235.46,325112
2016-10-10,2892.0,2906.75,2856.1,2876.4,2229.96,121601
2016-10-13,2865.1,2880.4,2815.05,2825.25,2190.3,185672
2016-10-14,2838.0,2849.0,2792.4,2798.3,2169.41,181609
2016-10-17,2805.0,2834.9,2743.65,2753.85,2134.95,194876
2016-10-18,2756.25,2810.0,2755.55,2792.65,2165.03,198776
2016-10-19,2801.3,2820.0,2768.85,2787.95,2161.38,305702
2016-10-20,2797.25,2824.6,2790.0,2796.55,2168.05,151814
2016-10-21,2810.0,2815.0,2782.0,2802.35,2172.55,142333
2016-10-24,2808.5,2814.6,2785.1,2790.0,2162.97,148446
2016-10-25,2797.0,2811.5,2786.0,2801.55,2171.93,207170
2016-10-26,2795.0,2845.0,2790.05,2823.95,2189.29,157120
2016-10-27,2824.9,2833.9,2751.3,2761.5,2140.88,214627
2016-10-28,2764.0,2857.5,2762.0,2848.1,2208.02,777805
2016-11-01,2830.4,2864.0,2819.6,2825.6,2190.57,337967
2016-11-02,2818.7,2829.9,2770.0,2818.8,2185.3,297340
2016-11-03,2810.0,2852.95,2790.0,2829.85,2193.87,354196
2016-11-04,2829.9,2850.0,2805.5,2814.3,2181.81,223620
2016-11-07,2830.0,2849.9,2781.0,2824.1,2189.41,286013
2016-11-08,2834.0,2875.25,2819.25,2865.0,2221.12,278172
2016-11-09,2746.0,2823.95,2658.1,2778.55,2154.1,605617
2016-11-10,2790.0,2846.8,2710.6,2726.6,2113.82,294318
2016-11-11,2709.1,2768.0,2633.0,2647.6,2052.58,277559
2016-11-15,2632.0,2659.0,2510.35,2576.1,1997.15,410208
2016-11-16,2601.0,2662.95,2570.2,2605.65,2020.05,493925
2016-11-17,2590.0,2665.0,2522.0,2549.8,1976.76,331352
2016-11-18,2556.0,2579.95,2545.0,2574.8,1996.14,176488
2016-11-21,2575.0,2584.9,2510.0,2524.4,1957.06,271829
2016-11-22,2540.0,2614.8,2514.85,2599.5,2015.29,301790
2016-11-23,2639.7,2639.7,2571.0,2600.35,2015.95,253894
2016-11-24,2591.0,2658.0,2550.0,2630.9,2039.63,609817
2016-11-25,2620.0,2646.0,2603.15,2613.05,2025.79,238138
2016-11-28,2619.95,2665.0,2612.0,2637.0,2044.36,245346
2016-11-29,2640.8,2687.0,2635.05,2664.15,2065.41,254430
2016-11-30,2690.0,2690.05,2664.0,2685.15,2081.69,480765
2016-12-01,2684.0,2718.0,2667.35,2694.9,2089.25,252658
2016-12-02,2674.5,2715.0,2653.05,2701.35,2094.25,220351
2016-12-05,2692.0,2765.5,2689.05,2740.75,2124.79,238386
2016-12-06,2745.3,2754.75,2725.0,2733.3,2119.02,204792
2016-12-07,2736.3,2740.9,2686.3,2699.05,2092.46,182325
2016-12-08,2715.0,2789.25,2715.0,2778.6,2154.14,193573
2016-12-09,2781.55,2786.35,2716.1,2720.15,2108.82,182787
2016-12-12,2715.0,2716.3,2646.15,2655.15,2058.43,350356
2016-12-13,2655.0,2665.9,2640.0,2659.15,2061.53,243253
2016-12-14,2669.0,2669.3,2631.6,2648.5,2053.27,165794
2016-12-15,2668.0,2699.05,2628.85,2670.65,2070.45,247366
2016-12-16,2681.0,2681.0,2649.0,2659.5,2061.8,181030
2016-12-19,2649.0,2658.0,2633.0,2642.1,2048.31,152159
2016-12-20,2644.85,2662.3,2575.5,2585.95,2004.78,205165
2016-12-21,2600.1,2632.0,2579.0,2585.25,2004.24,140989
2016-12-22,2586.0,2590.0,2551.0,2564.15,1987.88,137600
2016-12-23,2565.1,2633.25,2553.8,2618.8,2030.25,197018
2016-12-26,2617.7,2650.0,2577.7,2600.7,2016.22,121218
2016-12-27,2595.0,2643.7,2570.0,2633.8,2041.88,169834
2016-12-28,2634.0,2654.25,2623.4,2633.15,2041.37,275831
2016-12-29,2625.2,2666.8,2610.75,2651.45,2055.56,190486
2016-12-30,2652.1,2666.0,2627.0,2632.2,2040.64,130704
2017-01-02,2642.7,2654.3,2552.0,2598.5,2014.51,323342
2017-01-03,2594.0,2632.2,2561.45,2619.2,2030.56,420196
2017-01-04,2625.2,2698.55,2615.95,2684.1,2080.87,343922
2017-01-05,2694.0,2730.0,2685.0,2723.35,2111.3,188686
2017-01-06,2721.0,2739.9,2696.7,2707.35,2098.9,159484
2017-01-09,2717.0,2746.0,2708.0,2723.15,2111.15,116789
2017-01-10,2728.25,2747.3,2712.0,2740.75,2124.79,154097
2017-01-11,2746.5,2748.5,2703.55,2718.55,2107.58,225842
2017-01-12,2715.0,2743.45,2707.65,2737.15,2122.0,243299
2017-01-13,2732.0,2753.75,2691.2,2708.55,2099.83,247719
2017-01-16,2703.0,2730.0,2686.65,2721.65,2109.98,116324
2017-01-17,2711.0,2742.0,2700.0,2728.9,2115.6,139584
2017-01-18,2743.0,2743.0,2687.35,2699.7,2092.97,161391
2017-01-19,2698.9,2712.0,2681.5,2695.3,2089.56,235309
2017-01-20,2689.0,2720.0,2682.0,2701.05,2094.01,204961
2017-01-23,2695.5,2715.0,2685.0,2706.5,2098.24,147551
2017-01-24,2712.0,2810.0,2701.65,2798.95,2169.91,270474
2017-01-25,2815.0,2866.0,2772.75,2849.65,2209.22,451576
2017-01-27,2840.0,2885.2,2830.0,2854.1,2212.67,194917
2017-01-30,2850.05,2852.0,2808.7,2825.05,2190.15,280860
2017-01-31,2821.1,2919.0,2789.3,2833.45,2196.66,902056
2017-02-01,2838.3,2872.0,2812.0,2854.15,2212.71,369867
2017-02-02,2852.0,2858.9,2801.1,2807.45,2176.5,253057
2017-02-03,2792.15,2815.4,2789.0,2808.1,2177.01,236258
2017-02-06,2815.35,2825.0,2784.1,2799.4,2170.26,316141
2017-02-07,2802.0,2809.7,2755.0,2769.8,2147.31,321618
2017-02-08,2772.2,2788.0,2760.1,2781.9,2156.69,282631
2017-02-09,2797.4,2810.0,2751.1,2784.3,2158.55,213997
2017-02-10,2795.0,2812.8,2773.65,2800.8,2171.35,165244
2017-02-13,2815.0,2817.0,2785.0,2806.5,2175.77,116262
2017-02-14,2806.85,2810.9,2755.15,2778.1,2153.75,287490
2017-02-15,2779.6,2802.3,2765.05,2789.6,2162.66,265709
2017-02-16,2799.0,2799.0,2765.0,2783.65,2158.05,235740
2017-02-17,2773.0,2792.0,2751.0,2778.9,2154.37,437855
2017-02-20,2784.4,2821.45,2764.4,2791.5,2164.14,155317
2017-02-21,2792.0,2806.0,2774.2,2799.25,2170.14,100217
2017-02-22,2793.5,2808.5,2777.05,2799.75,2170.53,422928
2017-02-23,2805.0,2824.45,2786.0,2814.1,2181.66,605474
2017-02-27,2810.0,2845.0,2783.55,2795.05,2166.89,318398
2017-02-28,2788.0,2804.25,2751.0,2755.9,2136.54,280728
2017-03-01,2756.0,2795.0,2752.05,2769.0,2146.69,283157
2017-03-02,2805.5,2844.8,2791.55,2832.05,2195.57,705809
2017-03-03,2835.0,2839.0,2807.0,2832.8,2196.15,186815
2017-03-06,2844.9,2896.0,2842.7,2883.1,2235.15,400007
2017-03-07,2885.4,2893.0,2870.5,2879.45,2232.32,194245
2017-03-08,2880.4,2882.9,2851.1,2869.95,2224.95,174051
2017-03-09,2860.0,2884.95,2852.0,2870.7,2225.54,156617
2017-03-10,2876.8,2889.9,2853.25,2864.55,2220.77,114745
2017-03-14,2902.0,2910.0,2854.05,2866.7,2222.44,309456
2017-03-15,2869.7,2890.0,2856.05,2873.1,2227.4,221254
2017-03-16,2881.3,2944.9,2862.5,2936.4,2276.47,431866
2017-03-17,2945.9,2948.7,2890.15,2912.5,2257.94,296053
2017-03-20,2916.15,2932.5,2905.15,2923.55,2266.51,190575
2017-03-21,2926.6,2930.15,2890.1,2906.85,2253.56,214599
2017-03-22,2890.25,2904.1,2845.15,2853.8,2212.43,376780
2017-03-23,2848.25,2875.0,2848.25,2865.95,2221.85,364883
2017-03-24,2880.0,2880.0,2835.05,2843.0,2204.06,218228
2017-03-27,2845.7,2853.0,2795.1,2808.4,2177.24,242914
2017-03-28,2820.0,2838.7,2810.05,2824.85,2189.99,97374
2017-03-29,2827.8,2850.0,2796.55,2831.1,2194.84,507170
2017-03-30,2840.05,2847.0,2815.0,2822.85,2188.44,369748
2017-03-31,2822.5,2832.7,2800.0,2805.45,2174.95,227360
2017-04-03,2808.4,2837.5,2775.0,2783.6,2158.01,247337
2017-04-05,2786.5,2798.95,2754.75,2760.85,2140.37,407700
2017-04-06,2787.85,2815.0,2781.05,2806.3,2175.61,373610
2017-04-07,2808.0,2845.95,2795.4,2830.45,2194.33,413979
2017-04-10,2855.0,2857.45,2822.0,2837.0,2199.41,128113
2017-04-11,2816.15,2834.75,2804.05,2822.45,2188.13,266234
2017-04-12,2820.0,2849.5,2807.0,2839.5,2201.35,324376
2017-04-13,2844.45,2868.5,2840.0,2848.15,2208.05,372385
2017-04-17,2844.9,2858.75,2823.55,2852.15,2211.16,145680
2017-04-18,2849.0,2862.7,2800.0,2824.4,2189.64,272356
2017-04-19,2820.2,2831.0,2788.05,2808.7,2177.47,142477
2017-04-20,2805.0,2848.45,2799.95,2831.5,2195.15,127818
2017-04-21,2827.15,2843.2,2814.4,2824.3,2189.56,169580
2017-04-24,2827.25,2871.2,2810.15,2867.75,2223.25,172269
2017-04-25,2876.0,2900.0,2851.55,2896.8,2245.77,272704
2017-04-26,2915.0,2915.0,2858.75,2885.45,2236.97,165523
2017-04-27,2870.15,2914.95,2852.0,2866.05,2221.93,312224
2017-04-28,2865.0,2902.0,2854.1,2864.0,2220.34,136681
2017-05-02,2873.6,2920.0,2873.6,2898.0,2246.7,154197
2017-05-03,2909.6,2943.9,2901.55,2933.25,2274.03,176248
2017-05-04,2947.6,2947.6,2919.0,2942.55,2281.24,183545
2017-05-05,2939.85,2939.85,2882.0,2887.65,2238.68,146931
2017-05-08,2899.95,2908.4,2851.0,2856.95,2214.88,140340
2017-05-09,2864.25,2887.3,2835.0,2873.15,2227.44,274565
2017-05-10,2880.0,2908.95,2858.1,2904.8,2251.97,150174
2017-05-11,2905.3,3005.45,2897.05,2998.45,2324.58,416000
2017-05-12,3005.0,3018.45,2970.0,3004.8,2329.5,414871
2017-05-15,3005.0,3022.85,2985.1,2999.7,2325.55,106401
2017-05-16,2992.2,3029.0,2967.1,3024.0,2344.38,159021
2017-05-17,3001.25,3047.5,3001.25,3039.7,2356.55,303412
2017-05-18,3018.0,3033.0,2962.05,2973.1,2304.92,513008
2017-05-19,2973.35,3019.0,2946.1,2972.65,2304.57,246957
2017-05-22,2987.7,3003.95,2900.5,2914.15,2259.22,209411
2017-05-23,2928.0,2928.0,2812.0,2824.95,2190.07,482580
2017-05-24,2815.0,2866.35,2750.0,2764.3,2143.05,307723
2017-05-25,2764.0,2833.75,2760.9,2822.8,2188.4,389540
2017-05-26,2820.0,2835.0,2797.05,2814.1,2181.66,237938
2017-05-29,2813.0,2850.9,2787.75,2837.95,2200.15,155372
2017-05-30,2837.0,2863.95,2822.0,2851.4,2210.57,98514
2017-05-31,2850.0,2866.0,2835.0,2845.95,2206.35,430019
2017-06-01,2848.0,2888.25,2828.3,2839.35,2201.23,246574
2017-06-02,2804.0,2870.0,2772.85,2852.85,2211.7,381642
2017-06-05,2850.0,2930.45,2850.0,2898.4,2247.01,297406
2017-06-06,2900.0,2920.0,2863.0,2873.55,2227.75,136966
2017-06-07,2852.0,2897.55,2852.0,2876.0,2229.65,131500
2017-06-08,2872.2,2895.0,2863.2,2868.15,2223.56,142325
2017-06-09,2872.0,2879.0,2832.55,2865.8,2221.74,178737
2017-06-12,2855.15,2866.4,2818.45,2824.6,2189.8,365323
2017-06-13,2825.0,2857.0,2821.7,2834.9,2197.78,146666
2017-06-14,2800.0,2838.95,2800.0,2825.15,2190.22,157837
2017-06-15,2819.0,2848.2,2808.55,2814.4,2181.89,131874
2017-06-16,2815.0,2829.7,2801.4,2809.8,2178.32,209497
2017-06-19,2855.0,2894.0,2815.0,2827.75,2192.24,500836
2017-06-20,2810.0,2827.95,2806.5,2815.3,2182.59,274896
2017-06-21,2812.0,2828.1,2790.5,2817.5,2184.29,143712
2017-06-22,2817.5,2851.0,2807.35,2845.7,2206.15,223966
2017-06-23,2850.0,2850.45,2817.0,2824.3,2189.56,154968
2017-06-27,2828.45,2829.15,2761.0,2779.3,2154.68,322785
2017-06-28,2789.0,2801.0,2770.2,2777.05,2152.93,284660
2017-06-29,2787.8,2812.0,2779.25,2801.3,2171.73,224331
2017-06-30,2796.0,2799.7,2764.45,2791.2,2163.9,266443
2017-07-03,2769.0,2793.5,2750.55,2789.35,2162.47,335713
2017-07-04,2790.0,2790.0,2755.0,2769.65,2147.2,331944
2017-07-05,2761.3,2784.45,2751.0,2771.25,2148.44,251283
2017-07-06,2734.0,2741.0,2722.9,2728.6,2158.21,488894
2017-07-07,2716.0,2733.0,2694.5,2708.25,2142.11,290037
2017-07-10,2721.15,2738.9,2712.2,2730.65,2159.83,20707
2017-07-11,2735.7,2803.0,2735.7,2792.75,2208.95,393672
2017-07-12,2801.0,2818.0,2774.3,2785.85,2203.49,288437
2017-07-13,2795.0,2806.75,2780.45,2789.75,2206.57,303857
2017-07-14,2800.0,2816.9,2767.55,2809.8,2222.43,150816
2017-07-17,2819.85,2828.55,2800.0,2821.25,2231.49,134022
2017-07-18,2827.8,2847.9,2818.0,2831.75,2239.79,195878
2017-07-19,2834.0,2835.0,2802.4,2823.7,2233.43,247730
2017-07-20,2823.4,2855.85,2800.1,2818.6,2229.39,675692
2017-07-21,2818.6,2840.7,2806.35,2815.8,2227.18,319397
2017-07-24,2815.0,2834.95,2802.2,2826.75,2235.84,204810
2017-07-25,2840.0,2862.4,2819.25,2847.7,2252.41,220402
2017-07-26,2846.0,2852.8,2829.2,2841.35,2247.39,252553
2017-07-27,2849.5,2869.1,2825.05,2840.3,2246.56,306789
2017-07-28,2810.0,2867.0,2804.45,2828.15,2236.95,136729
2017-07-31,2845.0,2845.0,2785.0,2808.55,2221.44,173664
2017-08-01,2812.0,2830.5,2798.05,2823.4,2233.19,190726
2017-08-02,2789.95,2817.7,2786.0,2802.9,2216.97,298840
2017-08-03,2805.0,2838.7,2800.05,2834.25,2241.77,325945
2017-08-04,2824.0,2900.0,2811.15,2874.65,2273.72,257208
2017-08-07,2875.0,2903.55,2868.35,2889.25,2285.27,169287
2017-08-08,2890.0,2981.0,2876.0,2911.6,2302.95,763401
2017-08-09,2919.5,2929.05,2807.1,2831.15,2239.32,305248
2017-08-10,2818.0,2831.15,2761.0,2796.2,2211.67,497306
2017-08-11,2780.0,2798.45,2750.0,2788.2,2205.35,321890
2017-08-14,2798.0,2841.8,2786.0,2831.6,2239.67,165120
2017-08-16,2832.0,2861.0,2810.05,2849.2,2253.59,129201
2017-08-17,2850.0,2868.1,2816.0,2825.85,2235.13,152160
2017-08-18,2817.8,2824.3,2791.0,2811.35,2223.66,128913
2017-08-21,2811.0,2820.0,2760.1,2766.5,2188.18,77884
2017-08-22,2779.9,2779.9,2731.55,2740.55,2167.66,80340
2017-08-23,2757.0,2769.9,2720.05,2754.65,2178.81,117188
2017-08-24,2764.3,2764.3,2710.1,2728.55,2158.17,213909
2017-08-28,2740.0,2753.2,2704.0,2742.05,2168.84,227147
2017-08-29,2740.0,2751.2,2715.0,2726.6,2156.62,175171
2017-08-30,2735.0,2766.95,2735.0,2750.55,2175.57,147597
2017-08-31,2760.0,2828.45,2731.35,2814.5,2226.15,508660
2017-09-01,2827.9,2935.0,2827.9,2916.35,2306.71,722050
2017-09-04,2916.0,2933.6,2889.95,2915.15,2305.76,345756
2017-09-05,2927.0,2969.7,2905.05,2950.7,2333.88,353285
2017-09-06,2938.0,2939.0,2900.05,2920.55,2310.03,171348
2017-09-07,2940.0,2977.0,2900.95,2965.45,2345.54,292925
2017-09-08,2952.0,2984.5,2906.2,2915.45,2306.0,177449
2017-09-11,2940.0,2948.0,2910.0,2929.6,2317.19,153148
2017-09-12,2939.0,2946.95,2915.0,2935.75,2322.05,139203
2017-09-13,2929.0,2974.0,2920.0,2934.95,2321.42,168435
2017-09-14,2945.0,2956.95,2916.05,2928.35,2316.2,128663
2017-09-15,2918.0,3036.05,2901.5,3025.6,2393.12,578878
2017-09-18,3045.1,3149.0,3045.1,3137.4,2481.55,719616
2017-09-19,3138.0,3155.05,3108.3,3115.45,2464.19,232404
2017-09-20,3115.0,3119.7,3084.2,3090.55,2444.49,179312
2017-09-21,3090.55,3135.0,3068.65,3078.85,2435.24,339952
2017-09-22,3064.0,3084.65,3008.05,3042.45,2406.45,277811
2017-09-25,3058.4,3058.4,3004.8,3044.1,2407.75,412640
2017-09-26,3032.0,3058.0,3030.0,3044.9,2408.39,210821
2017-09-27,3055.2,3066.0,3007.0,3031.25,2397.59,271027
2017-09-28,3034.0,3056.0,3019.05,3039.45,2404.07,324106
2017-09-29,3064.0,3138.6,3051.15,3109.4,2459.4,368325
2017-10-03,3186.0,3212.95,3145.65,3162.2,2501.16,481726
2017-10-04,3152.45,3209.0,3129.1,3173.5,2510.1,203556
2017-10-05,3175.0,3190.0,3121.3,3130.8,2476.33,131961
2017-10-06,3145.1,3154.75,3131.0,3141.55,2484.83,125550
2017-10-09,3138.0,3151.9,3118.0,3125.45,2472.1,113070
2017-10-10,3142.9,3142.9,3105.65,3134.7,2479.41,213575
2017-10-11,3134.7,3216.9,3106.0,3143.9,2486.69,432980
2017-10-12,3169.95,3173.5,3117.0,3155.9,2496.18,311670
2017-10-13,3164.0,3180.0,3136.0,3160.85,2500.1,255125
2017-10-16,3175.0,3239.0,3170.1,3224.8,2550.68,255885
2017-10-17,3235.0,3315.0,3218.65,3259.95,2578.48,920067
2017-10-18,3249.95,3265.0,3208.2,3226.8,2552.26,288969
2017-10-19,3231.9,3240.65,3198.1,3217.95,2545.26,60297
2017-10-23,3192.0,3229.0,3158.0,3217.65,2545.02,300953
2017-10-24,3210.55,3229.0,3195.25,3210.05,2539.01,166189
2017-10-25,3264.0,3264.0,3219.55,3232.25,2556.57,123563
2017-10-26,3233.9,3295.0,3211.75,3283.4,2597.03,185904
2017-10-27,3300.0,3344.9,3275.7,3300.15,2610.28,277293
2017-10-30,3310.7,3323.9,3275.0,3282.2,2596.08,139317
2017-10-31,3270.05,3296.0,3250.45,3257.1,2576.23,195420
2017-11-01,3270.0,3293.95,3229.85,3239.75,2562.5,282258
2017-11-02,3277.0,3278.0,3216.55,3241.1,2563.57,199530
2017-11-03,3228.0,3254.0,3211.0,3217.45,2544.86,183308
2017-11-06,3211.0,3244.5,3199.0,3209.85,2538.85,154249
2017-11-07,3239.0,3239.0,3146.05,3161.65,2500.73,281480
2017-11-08,3174.9,3211.15,3162.8,3189.05,2522.4,250148
2017-11-09,3197.95,3216.9,3192.05,3200.0,2531.06,267945
2017-11-10,3200.0,3275.0,3181.45,3253.35,2573.26,416184
2017-11-13,3268.0,3282.7,3215.1,3223.0,2549.25,246148
2017-11-14,3239.7,3287.1,3203.1,3266.55,2583.7,230037
2017-11-15,3260.0,3282.0,3207.25,3212.95,2541.3,165929
2017-11-16,3225.0,3250.0,3187.55,3208.85,2538.06,159508
2017-11-17,3230.0,3246.45,3193.25,3206.85,2536.48,247099
2017-11-20,3200.0,3255.0,3200.0,3242.0,2564.28,209888
2017-11-21,3254.7,3307.0,3251.0,3300.25,2610.36,218921
2017-11-22,3316.95,3348.0,3307.1,3313.2,2620.6,304485
2017-11-23,3324.0,3329.6,3250.0,3264.65,2582.2,149829
2017-11-24,3310.0,3327.9,3278.95,3288.3,2600.9,336075
2017-11-27,3289.0,3289.0,3255.75,3271.4,2587.54,208372
2017-11-28,3275.0,3307.8,3261.1,3289.15,2601.58,231860
2017-11-29,3301.0,3330.95,3294.0,3315.9,2622.73,287207
2017-11-30,3304.45,3373.8,3285.85,3305.5,2614.51,489763
2017-12-01,3338.0,3339.3,3202.2,3216.9,2544.43,438600
2017-12-04,3246.9,3247.0,3182.8,3198.7,2530.03,177911
2017-12-05,3197.7,3197.7,3145.55,3163.9,2502.51,272147
2017-12-06,3155.0,3155.0,3102.65,3109.55,2459.52,212605
2017-12-07,3110.65,3208.9,3110.65,3196.05,2527.94,292357
2017-12-08,3235.7,3239.95,3200.0,3212.65,2541.07,268936
2017-12-11,3216.1,3237.35,3173.8,3210.85,2539.64,175534
2017-12-12,3210.35,3210.85,3156.0,3165.7,2503.93,219008
2017-12-13,3160.0,3196.0,3132.0,3151.3,2492.54,240391
2017-12-14,3160.0,3171.0,3133.2,3162.8,2501.64,168975
2017-12-15,3188.0,3265.0,3163.7,3198.8,2530.11,679114
2017-12-18,3179.9,3240.95,3038.9,3226.75,2552.22,315433
2017-12-19,3235.0,3330.8,3230.15,3319.8,2625.82,423748
2017-12-20,3318.85,3340.0,3269.05,3301.2,2611.11,261149
2017-12-21,3300.0,3320.0,3278.0,3289.45,2601.81,130594
2017-12-22,3277.0,3358.05,3255.55,3328.95,2633.06,307746
2017-12-26,3350.0,3385.0,3312.45,3369.0,2664.73,301225
2017-12-27,3385.0,3385.0,3320.0,3339.05,2641.04,206665
2017-12-28,3327.0,3343.95,3280.0,3295.15,2606.32,251949
2017-12-29,3295.0,3341.0,3285.5,3333.6,2636.73,165478
2018-01-01,3340.0,3345.05,3276.4,3289.25,2601.66,174560
2018-01-02,3309.0,3348.0,3280.0,3294.75,2606.01,297721
2018-01-03,3310.0,3310.2,3231.55,3241.05,2563.53,372267
2018-01-04,3244.0,3274.25,3219.0,3264.45,2582.04,256909
2018-01-05,3263.0,3294.0,3244.05,3279.85,2594.22,113508
2018-01-08,3285.1,3296.7,3265.25,3275.75,2590.98,120330
2018-01-09,3276.0,3284.5,3231.05,3243.5,2565.47,324363
2018-01-10,3228.25,3240.0,3200.2,3207.4,2536.92,296961
2018-01-11,3210.0,3220.3,3180.15,3193.4,2525.84,324132
2018-01-12,3208.9,3214.0,3152.25,3175.35,2511.57,193239
2018-01-15,3182.2,3189.0,3154.5,3166.0,2504.17,109156
2018-01-16,3176.0,3185.0,3140.05,3160.05,2499.46,175692
2018-01-17,3158.0,3216.6,3154.35,3194.15,2526.44,224799
2018-01-18,3210.0,3241.9,3191.0,3201.2,2532.01,282478
2018-01-19,3207.8,3223.75,3173.45,3210.4,2539.29,143928
2018-01-22,3200.0,3283.0,3200.0,3274.5,2589.99,223845
2018-01-23,3280.0,3324.0,3272.05,3295.95,2606.95,324780
2018-01-24,3295.0,3349.95,3277.05,3341.55,2643.02,402759
2018-01-25,3344.0,3345.9,3295.0,3311.7,2619.41,246647
2018-01-29,3317.0,3377.95,3293.55,3363.9,2660.7,365342
2018-01-30,3373.95,3404.95,3341.1,3358.3,2656.27,425678
2018-01-31,3348.0,3385.8,3256.15,3337.15,2639.54,275934
2018-02-01,3340.0,3421.2,3290.0,3412.95,2699.5,439064
2018-02-02,3419.0,3468.35,3166.95,3241.3,2563.73,1269438
2018-02-05,3200.0,3233.0,3140.6,3185.55,2519.63,585934
2018-02-06,3005.0,3157.95,3005.0,3135.1,2479.73,270751
2018-02-07,3198.3,3198.3,3125.2,3135.55,2480.08,223029
2018-02-08,3155.0,3189.95,3131.9,3157.95,2497.8,202895
2018-02-09,3129.0,3142.5,3080.85,3099.25,2451.37,175504
2018-02-12,3134.0,3162.9,3082.0,3154.1,2494.76,239055
2018-02-14,3155.0,3159.95,3100.0,3109.75,2459.68,286070
2018-02-15,3125.0,3167.1,3097.55,3143.5,2486.37,148715
2018-02-16,3158.0,3158.0,3095.55,3103.9,2455.05,132450
2018-02-19,3110.0,3117.5,3010.0,3030.6,2397.07,219206
2018-02-20,3032.0,3070.5,3010.75,3049.85,2412.3,236222
2018-02-21,3080.9,3081.55,3003.1,3012.6,2382.84,275688
2018-02-22,3014.8,3014.8,2966.0,2974.3,2352.54,369716
2018-02-23,2988.0,3007.95,2960.1,2986.4,2362.11,377558
2018-02-26,3004.0,3044.0,3000.9,3008.7,2379.75,203189
2018-02-27,3040.0,3058.0,3022.0,3034.7,2400.32,325597
2018-02-28,3010.0,3056.65,2990.0,3020.6,2389.16,519406
2018-03-01,3067.1,3080.0,3008.05,3020.9,2389.4,503301
2018-03-05,3020.9,3020.9,2931.75,2943.55,2328.22,287300
2018-03-06,2969.9,2976.05,2883.25,2899.2,2293.14,258501
2018-03-07,2898.0,2940.0,2875.0,2903.9,2296.86,185188
2018-03-08,2919.7,2945.0,2891.1,2923.9,2312.68,143854
2018-03-09,2934.0,2966.9,2918.15,2935.4,2321.78,205178
2018-03-12,2956.0,2966.0,2931.0,2957.75,2339.45,246428
2018-03-13,2959.0,3004.0,2952.95,2971.75,2350.53,287288
2018-03-14,2963.0,2969.0,2936.0,2950.55,2333.76,225181
2018-03-15,2960.0,2971.9,2936.5,2948.75,2332.33,181457
2018-03-16,2940.0,2958.0,2890.35,2910.45,2302.04,338593
2018-03-19,2913.55,2920.85,2842.65,2849.45,2253.79,231927
2018-03-20,2843.9,2888.25,2830.3,2873.0,2272.42,227109
2018-03-21,2889.95,2890.45,2835.35,2851.8,2255.65,231405
2018-03-22,2851.9,2873.75,2822.0,2834.95,2242.32,325295
2018-03-23,2814.9,2817.25,2745.0,2789.95,2206.73,451122
2018-03-26,2788.0,2864.75,2732.05,2848.65,2253.16,299008
2018-03-27,2861.0,2863.9,2791.0,2798.3,2213.33,304403
2018-03-28,2775.0,2792.3,2735.55,2744.7,2170.94,680019
2018-04-02,2755.0,2815.95,2749.0,2808.95,2221.76,396178
2018-04-03,2790.0,2829.9,2785.0,2792.0,2208.35,324121
2018-04-04,2807.0,2816.0,2746.25,2766.0,2187.79,308672
2018-04-05,2790.0,2815.95,2782.4,2808.15,2221.13,341534
2018-04-06,2814.95,2824.05,2776.25,2786.4,2203.92,282872
2018-04-09,2788.0,2803.95,2767.35,2772.45,2192.89,270316
2018-04-10,2790.0,2799.0,2762.45,2766.45,2188.14,298049
2018-04-11,2775.0,2780.0,2751.0,2755.55,2179.52,275482
2018-04-12,2777.0,2780.0,2757.0,2763.2,2185.57,349414
2018-04-13,2769.45,2806.0,2759.25,2786.2,2203.76,400416
2018-04-16,2783.7,2841.45,2776.1,2838.3,2244.97,479220
2018-04-17,2845.0,2875.3,2840.0,2864.2,2265.46,562666
2018-04-18,2879.0,2879.0,2845.7,2862.05,2263.76,352687
2018-04-19,2865.0,2865.0,2841.15,2857.95,2260.52,283973
2018-04-20,2853.8,2870.05,2801.05,2852.7,2256.36,466032
2018-04-23,2852.8,2880.0,2820.0,2852.15,2255.93,235602
2018-04-24,2856.1,2897.3,2850.0,2886.8,2283.33,261691
2018-04-25,2885.0,2911.95,2864.55,2900.35,2294.05,319384
2018-04-26,2924.0,2924.0,2877.0,2884.95,2281.87,387123
2018-04-27,2890.0,2960.0,2890.0,2947.15,2331.07,365533
2018-04-30,2972.95,2977.5,2928.85,2952.6,2335.38,122656
2018-05-02,3019.65,3043.4,2950.05,2965.95,2345.94,523589
2018-05-03,2994.95,2994.95,2951.1,2975.2,2353.25,382125
2018-05-04,2985.0,2986.0,2885.0,2888.65,2284.8,266727
2018-05-07,2894.0,2942.95,2890.65,2915.3,2305.88,235635
2018-05-08,2915.0,2929.8,2886.0,2892.25,2287.65,132638
2018-05-09,2890.0,2904.7,2865.1,2872.0,2271.63,155763
2018-05-10,2882.0,2894.95,2820.05,2827.5,2236.43,222907
2018-05-11,2845.0,2845.0,2801.0,2815.45,2226.9,286976
2018-05-14,2830.0,2850.0,2792.5,2831.95,2239.95,142564
2018-05-15,2819.0,2877.0,2807.75,2823.65,2233.39,256661
2018-05-16,2813.0,2826.8,2785.3,2811.9,2224.09,262982
2018-05-17,2821.0,2830.1,2787.0,2815.45,2226.9,162490
2018-05-18,2845.0,2915.0,2755.6,2787.5,2204.79,1811320
2018-05-21,2774.95,2774.95,2703.5,2720.55,2151.84,393470
2018-05-22,2730.0,2826.0,2725.05,2808.5,2221.4,512096
2018-05-23,2821.8,2832.15,2766.0,2774.95,2194.87,243631
2018-05-24,2770.0,2814.6,2716.15,2732.8,2161.53,275197
2018-05-25,2754.95,2775.6,2723.0,2758.5,2181.85,298273
2018-05-28,2762.0,2812.0,2751.0,2790.15,2206.89,160044
2018-05-29,2805.9,2834.95,2761.65,2796.05,2211.56,261407
2018-05-30,2794.0,2794.0,2757.0,2762.9,2185.33,345195
2018-05-31,2775.0,2784.95,2734.1,2750.3,2175.37,447005
2018-06-01,2780.0,2911.4,2778.65,2896.55,2291.05,1799352
2018-06-04,2890.0,2922.55,2871.05,2878.5,2276.77,759197
2018-06-05,2878.5,2884.65,2840.0,2847.55,2252.29,367916
2018-06-06,2850.0,2939.4,2833.65,2885.25,2282.11,654288
2018-06-07,2891.0,2929.0,2862.55,2888.6,2284.76,513700
2018-06-08,2888.0,2900.55,2867.0,2874.05,2273.25,269022
2018-06-11,2886.65,2913.95,2873.8,2881.1,2278.83,413241
2018-06-12,2886.0,2912.5,2870.05,2887.25,2283.69,539628
2018-06-13,2908.0,2934.0,2891.55,2907.95,2300.06,362419
2018-06-14,2905.0,2910.0,2880.15,2890.7,2286.42,333925
2018-06-15,2893.45,2904.0,2853.0,2877.15,2275.7,370164
2018-06-18,2880.0,2917.7,2864.95,2895.3,2290.06,427791
2018-06-19,2893.0,2893.0,2838.55,2849.8,2254.07,523480
2018-06-20,2855.15,2879.0,2855.15,2869.65,2269.77,502478
2018-06-21,2873.05,2877.95,2822.7,2830.1,2238.49,300367
2018-06-22,2825.0,2836.85,2806.0,2832.2,2240.15,553549
2018-06-25,2839.8,2839.8,2795.2,2801.3,2215.71,339572
2018-06-26,2805.0,2822.5,2785.55,2811.95,2224.13,249490
2018-06-27,2822.95,2822.95,2758.2,2765.45,2187.35,289628
2018-06-28,2760.0,2785.0,2705.4,2716.0,2148.24,417993
2018-06-29,2720.15,2828.0,2720.15,2810.3,2222.83,425210
2018-07-02,2815.0,2912.0,2815.0,2835.15,2242.48,1007694
2018-07-03,2842.95,2882.0,2835.0,2862.4,2264.03,510764
2018-07-04,2869.95,2989.0,2855.8,2979.05,2356.3,845034
2018-07-05,2935.0,2985.0,2912.7,2966.95,2394.97,752721
2018-07-06,2983.0,3078.25,2950.0,3020.1,2437.87,1511538
2018-07-09,3066.6,3083.0,2996.6,3018.15,2436.3,643119
2018-07-10,3049.0,3114.95,3030.0,3093.95,2497.48,959927
2018-07-11,3078.0,3174.95,3057.05,3161.6,2552.09,1155857
2018-07-12,3194.9,3194.95,3070.0,3096.7,2499.7,932430
2018-07-13,3123.0,3156.95,3058.0,3138.65,2533.56,852168
2018-07-16,3137.0,3165.0,3090.95,3101.85,2503.86,374574
2018-07-17,3107.1,3125.95,3085.0,3094.2,2497.68,563857
2018-07-18,3104.0,3160.85,3101.0,3107.8,2508.66,658396
2018-07-19,3107.8,3144.4,3100.0,3115.0,2514.47,755100
2018-07-20,3130.0,3153.8,2816.45,2839.6,2292.17,4976986
2018-07-23,2839.95,2841.6,2655.0,2684.15,2166.69,2974676
2018-07-24,2691.0,2725.0,2615.0,2648.65,2138.03,2843387
2018-07-25,2670.0,2698.3,2626.0,2638.6,2129.92,1114670
2018-07-26,2646.0,2666.95,2605.0,2618.5,2113.69,1256232
2018-07-27,2637.0,2697.0,2630.0,2686.75,2168.78,958294
2018-07-30,2686.95,2699.0,2655.5,2673.15,2157.81,546935
2018-07-31,2678.0,2715.0,2661.2,2700.05,2179.52,721932
2018-08-01,2717.0,2768.0,2664.1,2680.9,2164.06,1408788
2018-08-02,2680.0,2699.55,2631.05,2678.6,2162.21,617961
2018-08-03,2688.0,2700.0,2675.4,2690.45,2171.77,343254
2018-08-06,2696.0,2716.0,2675.2,2687.9,2169.71,352383
2018-08-07,2700.0,2708.35,2681.55,2686.6,2168.66,272481
2018-08-08,2696.0,2700.0,2653.75,2660.6,2147.68,391732
2018-08-09,2665.0,2686.85,2641.05,2658.6,2146.06,448329
2018-08-10,2667.85,2677.2,2620.0,2629.7,2122.73,417567
2018-08-13,2628.9,2658.0,2606.0,2630.85,2123.66,418212
2018-08-14,2640.0,2656.75,2633.8,2646.4,2136.21,227189
2018-08-16,2640.0,2678.0,2630.0,2667.5,2153.25,654766
2018-08-17,2671.0,2677.95,2641.0,2661.35,2148.28,331427
2018-08-20,2674.0,2746.6,2664.2,2735.35,2208.02,580539
2018-08-21,2750.0,2770.0,2718.6,2728.5,2202.49,463379
2018-08-23,2740.0,2740.0,2675.2,2685.55,2167.82,442939
2018-08-24,2683.9,2697.0,2664.0,2682.25,2165.15,551229
2018-08-27,2691.9,2708.0,2675.0,2697.6,2177.54,270591
2018-08-28,2701.0,2705.0,2671.1,2684.4,2166.89,358078
2018-08-29,2690.0,2702.0,2680.0,2689.1,2170.68,296377
2018-08-30,2700.0,2722.5,2683.45,2701.65,2180.81,582960
2018-08-31,2720.0,2755.0,2705.8,2744.85,2215.68,512215
2018-09-03,2765.0,2807.7,2750.0,2771.9,2237.52,876984
2018-09-04,2779.95,2785.0,2726.55,2735.55,2208.18,549748
2018-09-05,2726.0,2780.05,2725.65,2772.3,2237.84,461142
2018-09-06,2782.0,2808.0,2772.0,2783.1,2246.56,636038
2018-09-07,2843.95,2932.0,2831.05,2923.55,2359.93,1417855
2018-09-10,2924.0,2949.0,2850.1,2868.6,2315.58,1050199
2018-09-11,2875.0,2905.0,2825.4,2833.7,2287.41,595570
2018-09-12,2836.0,2886.7,2811.5,2867.95,2315.05,448143
2018-09-14,2885.0,2909.9,2865.5,2877.5,2322.76,393663
2018-09-17,2864.0,2879.9,2840.05,2860.65,2309.16,133182
2018-09-18,2850.0,2869.0,2762.25,2773.8,2239.05,409367
2018-09-19,2778.0,2829.95,2775.0,2790.1,2252.21,327618
2018-09-21,2806.0,2843.0,2673.0,2799.2,2259.56,466306
2018-09-24,2800.0,2813.7,2750.0,2759.3,2227.35,485510
2018-09-25,2727.1,2801.85,2727.1,2788.7,2251.08,348703
2018-09-26,2796.5,2808.75,2743.6,2773.3,2238.65,494874
2018-09-27,2773.4,2826.0,2758.4,2783.55,2246.92,565518
2018-09-28,2798.0,2807.95,2636.0,2687.45,2169.35,892679
2018-10-01,2687.0,2745.0,2619.6,2730.1,2203.78,610220
2018-10-03,2735.0,2769.9,2702.0,2731.4,2204.83,504580
2018-10-04,2687.0,2719.5,2626.25,2657.0,2144.77,638156
2018-10-05,2635.0,2635.0,2520.0,2543.05,2052.79,947343
2018-10-08,2526.05,2604.1,2501.25,2584.1,2085.92,667297
2018-10-09,2590.0,2590.05,2530.3,2548.85,2057.47,309578
2018-10-10,2560.0,2628.9,2556.0,2581.8,2084.07,699121
2018-10-11,2540.0,2555.9,2505.45,2525.8,2038.86,386992
2018-10-12,2549.5,2648.95,2530.1,2623.05,2117.36,510424
2018-10-15,2644.0,2647.4,2576.1,2620.45,2115.27,176677
2018-10-16,2638.0,2648.0,2605.0,2610.5,2107.23,257469
2018-10-17,2638.0,2649.65,2538.0,2547.8,2056.62,285116
2018-10-19,2535.25,2542.85,2480.0,2510.25,2026.31,470172
2018-10-22,2530.1,2574.7,2496.7,2556.9,2063.97,321452
2018-10-23,2540.0,2598.7,2526.0,2586.5,2087.86,342563
2018-10-24,2615.0,2619.9,2456.6,2475.15,1997.98,1669762
2018-10-25,2455.0,2498.7,2420.0,2477.55,1999.92,913688
2018-10-26,2483.0,2533.6,2446.7,2513.75,2029.14,498124
2018-10-29,2533.0,2558.35,2474.25,2549.1,2057.67,388894
2018-10-30,2554.0,2583.0,2532.9,2556.25,2063.44,270336
2018-10-31,2550.0,2614.0,2486.15,2593.7,2093.67,552796
2018-11-01,2613.1,2619.0,2568.05,2598.85,2097.83,356883
2018-11-02,2620.0,2700.0,2620.0,2657.75,2145.38,769311
2018-11-05,2670.0,2687.45,2622.55,2672.55,2157.32,222067
2018-11-06,2673.2,2698.0,2658.95,2674.6,2158.98,278587
2018-11-07,2694.0,2695.0,2681.15,2692.55,2173.47,38824
2018-11-09,2680.0,2745.0,2673.5,2693.05,2173.87,344335
2018-11-12,2700.0,2726.0,2640.95,2652.3,2140.98,272808
2018-11-13,2649.0,2673.4,2613.0,2665.5,2151.63,305897
2018-11-14,2675.0,2714.9,2652.0,2676.5,2160.51,302299
2018-11-15,2681.0,2699.0,2661.1,2668.85,2154.34,240745
2018-11-16,2680.0,2705.9,2675.15,2695.35,2175.73,317881
2018-11-19,2704.0,2708.0,2670.0,2679.65,2163.05,209883
2018-11-20,2679.65,2679.65,2655.0,2666.5,2152.44,146989
2018-11-21,2673.0,2673.0,2591.1,2604.65,2102.51,381149
2018-11-22,2600.0,2624.0,2580.8,2590.35,2090.97,373650
2018-11-26,2606.0,2662.9,2576.0,2649.5,2138.72,376778
2018-11-27,2642.0,2643.95,2570.9,2599.65,2098.48,437591
2018-11-28,2612.0,2625.0,2584.0,2603.9,2101.91,285713
2018-11-29,2633.0,2737.0,2602.05,2724.0,2198.85,763933
2018-11-30,2721.0,2769.7,2702.0,2745.7,2216.37,690175
2018-12-03,2760.0,2764.95,2714.0,2736.0,2208.54,386060
2018-12-04,2740.1,2790.0,2726.25,2763.85,2231.02,395469
2018-12-05,2759.0,2774.5,2731.1,2764.1,2231.22,178352
2018-12-06,2740.0,2799.4,2705.85,2718.1,2194.09,468440
2018-12-07,2722.0,2793.0,2716.3,2786.2,2249.06,417465
2018-12-10,2713.0,2769.95,2702.8,2725.1,2199.74,274974
2018-12-11,2710.0,2760.0,2685.0,2739.6,2211.45,370479
2018-12-12,2742.0,2858.0,2738.65,2848.4,2299.27,552031
2018-12-13,2860.0,2885.65,2821.7,2836.1,2289.34,466453
2018-12-14,2836.0,2837.35,2785.2,2823.15,2278.89,465457
2018-12-17,2833.0,2853.0,2826.1,2840.95,2293.26,225455
2018-12-18,2840.0,2873.8,2822.05,2840.9,2293.22,443162
2018-12-19,2853.9,2882.0,2845.05,2863.0,2311.06,393269
2018-12-20,2855.0,2900.0,2832.0,2887.2,2330.59,288162
2018-12-21,2897.0,2905.0,2801.0,2808.45,2267.02,386367
2018-12-24,2825.5,2832.7,2715.85,2724.65,2199.38,348337
2018-12-26,2713.7,2749.8,2670.0,2734.6,2207.41,410582
2018-12-27,2763.9,2764.0,2696.6,2737.0,2209.35,558049
2018-12-28,2753.9,2759.95,2711.75,2717.5,2193.61,358369
2018-12-31,2738.0,2763.0,2710.0,2720.15,2195.75,406069
2019-01-01,2735.0,2743.4,2705.0,2726.65,2200.99,304150
2019-01-02,2720.0,2747.25,2677.0,2692.0,2173.02,599274
2019-01-03,2690.1,2723.85,2682.1,2701.35,2180.57,310511
2019-01-04,2714.0,2742.0,2702.1,2734.2,2207.09,362393
2019-01-07,2739.9,2740.0,2645.0,2658.55,2146.02,462215
2019-01-08,2667.0,2700.0,2635.5,2694.85,2175.32,486654
2019-01-09,2702.5,2710.0,2672.5,2696.9,2176.98,285560
2019-01-10,2700.0,2729.0,2680.0,2725.3,2199.9,277585
2019-01-11,2728.0,2738.7,2700.85,2720.95,2196.39,259834
2019-01-14,2718.0,2747.2,2676.45,2699.15,2178.79,170937
2019-01-15,2705.0,2734.8,2705.0,2725.85,2200.35,169721
2019-01-16,2736.0,2736.0,2706.0,2717.45,2193.57,218357
2019-01-17,2722.0,2739.8,2700.8,2729.65,2203.41,230784
2019-01-18,2741.0,2746.5,2696.65,2720.75,2196.23,269686
2019-01-21,2724.75,2724.75,2670.0,2684.6,2167.05,303893
2019-01-22,2685.0,2695.0,2650.1,2688.35,2170.08,273441
2019-01-23,2699.0,2699.0,2665.1,2674.1,2158.57,205104
2019-01-24,2684.0,2684.0,2635.0,2651.65,2140.45,183566
2019-01-25,2622.3,2672.0,2614.05,2626.35,2120.03,304062
2019-01-28,2629.95,2634.0,2545.0,2565.55,2070.95,332409
2019-01-29,2563.0,2597.15,2522.45,2567.65,2072.65,424856
2019-01-30,2571.0,2653.35,2485.0,2499.7,2017.79,2450943
2019-01-31,2501.15,2570.0,2461.1,2554.55,2062.07,1102133
2019-02-01,2560.0,2670.0,2543.0,2602.75,2100.98,1028186
2019-02-04,2610.0,2672.4,2565.45,2642.5,2133.07,817279
2019-02-05,2647.0,2720.0,2645.0,2710.65,2188.08,469089
2019-02-06,2715.0,2785.0,2714.15,2770.15,2236.11,495030
2019-02-07,2785.0,2872.0,2772.15,2853.6,2303.47,983573
2019-02-08,2852.0,2879.1,2831.2,2851.4,2301.69,1004870
2019-02-11,2850.0,2870.0,2819.05,2853.6,2303.47,712787
2019-02-12,2845.6,2854.0,2819.5,2832.35,2286.32,280913
2019-02-14,2820.0,2875.0,2811.25,2823.1,2278.85,372416
2019-02-15,2825.15,2850.0,2805.05,2825.95,2281.15,867192
2019-02-18,2830.0,2835.0,2767.8,2793.5,2254.95,296237
2019-02-19,2801.0,2825.0,2777.5,2787.85,2250.39,185862
2019-02-20,2788.0,2798.0,2737.25,2774.7,2239.78,428139
2019-02-21,2770.0,2829.9,2751.7,2813.95,2271.46,281964
2019-02-22,2825.0,2847.0,2801.85,2816.85,2273.8,431535
2019-02-25,2817.0,2854.7,2816.9,2847.55,2298.58,322524
2019-02-26,2834.0,2870.0,2812.0,2859.3,2308.07,369292
2019-02-27,2870.0,2941.0,2870.0,2914.7,2352.79,861033
2019-02-28,2930.0,2933.8,2864.0,2900.6,2341.41,1246854
2019-03-01,2914.0,2943.0,2856.2,2863.5,2311.46,1008494
2019-03-05,2835.05,2917.4,2814.8,2903.75,2343.95,632301
2019-03-06,2895.65,2942.0,2876.25,2927.6,2363.2,748391
2019-03-07,2927.0,2927.0,2900.0,2919.9,2356.99,392086
2019-03-08,2910.0,2964.6,2900.05,2955.7,2385.89,754427
2019-03-11,2970.0,3012.0,2936.9,3000.55,2422.09,1147194
2019-03-12,3012.0,3020.8,2981.35,2996.1,2418.5,503545
2019-03-13,3002.0,3047.2,2990.0,3010.0,2429.72,565499
2019-03-14,3012.0,3025.0,2970.0,3016.85,2435.25,985558
2019-03-15,3002.1,3032.2,2980.0,3023.8,2440.86,538508
2019-03-18,3026.9,3047.8,2992.1,3005.15,2425.8,341148
2019-03-19,3008.0,3008.0,2945.0,2974.7,2401.22,545621
2019-03-20,2969.8,2969.8,2920.05,2949.65,2381.0,834351
2019-03-22,2960.0,2998.85,2930.05,2949.75,2381.08,622630
2019-03-25,2934.8,2965.6,2915.25,2957.95,2387.7,319510
2019-03-26,2961.05,2968.0,2939.0,2952.8,2383.54,322020
2019-03-27,2965.0,2995.0,2950.0,2980.1,2405.58,402423
2019-03-28,2989.0,3020.45,2915.0,2948.8,2380.32,1800550
2019-04-01,2947.95,2950.0,2901.5,2915.65,2353.56,679984
2019-04-02,2918.0,2938.35,2842.0,2853.1,2303.06,938624
2019-04-03,2860.0,2877.1,2831.0,2847.3,2298.38,484790
2019-04-04,2862.0,2884.05,2850.0,2859.1,2307.91,662281
2019-04-05,2869.65,2880.0,2852.25,2861.65,2309.97,272382
2019-04-08,2876.0,2876.0,2842.0,2853.35,2303.27,213351
2019-04-09,2860.0,2929.85,2838.0,2924.8,2360.94,492843
2019-04-10,2917.95,2952.0,2910.35,2942.9,2375.55,530788
2019-04-11,2940.9,3000.0,2939.0,2993.7,2416.56,400118
2019-04-12,2991.8,3025.95,2975.25,3008.15,2428.22,438822
2019-04-15,3013.0,3046.0,2992.0,3035.05,2449.94,271376
2019-04-16,3045.0,3074.9,3032.2,3068.45,2476.9,371767
2019-04-18,3069.0,3089.9,3041.2,3069.5,2477.75,365773
2019-04-22,3055.5,3079.0,3041.5,3051.2,2462.97,186563
2019-04-23,3050.0,3070.0,3010.7,3039.15,2453.25,360759
2019-04-24,3035.0,3082.85,3025.2,3075.8,2482.83,524013
2019-04-25,3073.95,3110.0,3027.6,3088.05,2492.72,509586
2019-04-26,3080.0,3095.0,3030.0,3044.65,2457.69,268298
2019-04-30,3045.0,3050.0,2942.9,2984.1,2408.81,654107
2019-05-02,2989.0,3040.0,2958.7,3030.55,2446.3,670855
2019-05-03,3028.0,3066.0,3020.0,3059.75,2469.88,446730
2019-05-06,3054.0,3054.0,3013.0,3026.2,2442.79,259117
2019-05-07,3026.0,3053.0,3021.3,3033.05,2448.32,244684
2019-05-08,3032.0,3033.0,2951.8,2957.75,2387.54,427476
2019-05-09,2950.0,2993.5,2932.3,2982.9,2407.84,348293
2019-05-10,2980.5,3008.0,2954.35,2966.2,2394.36,241374
2019-05-13,2970.35,2999.0,2947.25,2972.75,2399.65,233316
2019-05-14,2960.0,2969.0,2901.0,2937.2,2370.95,309971
2019-05-15,2937.25,2949.45,2901.35,2914.45,2352.59,320831
2019-05-16,2928.0,2958.45,2908.0,2942.65,2375.35,218733
2019-05-17,2950.0,3149.95,2935.15,3040.05,2453.97,1993105
2019-05-20,3087.95,3087.95,2951.0,3006.3,2426.73,1022048
2019-05-21,3014.0,3043.9,2969.05,2979.3,2404.94,447168
2019-05-22,2980.05,3054.0,2973.15,3047.2,2459.75,493470
2019-05-23,3075.0,3085.0,3028.7,3065.0,2474.11,576440
2019-05-24,3065.0,3098.9,3005.0,3077.9,2484.53,529984
2019-05-27,3085.1,3090.0,3031.0,3066.9,2475.65,341393
2019-05-28,3067.0,3108.35,2962.4,2988.0,2411.96,921394
2019-05-29,2990.0,2990.0,2920.0,2925.5,2361.51,531761
2019-05-30,2942.0,2980.0,2920.65,2945.0,2377.25,938395
2019-05-31,2953.0,2978.75,2915.3,2925.9,2361.83,376941
2019-06-03,2945.0,3077.95,2904.6,3034.6,2449.57,1302391
2019-06-04,3026.2,3029.3,2970.4,2983.9,2408.65,450220
2019-06-06,3002.0,3027.9,2960.0,2991.65,2414.9,481570
2019-06-07,2999.95,3006.65,2953.45,2961.4,2390.49,212676
2019-06-10,2976.0,2999.0,2963.6,2989.8,2413.41,155660
2019-06-11,3003.8,3025.0,2981.0,2987.15,2411.27,355284
2019-06-12,2991.0,2997.05,2931.3,2944.5,2376.84,273834
2019-06-13,2951.0,2955.0,2901.25,2922.65,2359.21,224615
2019-06-14,2927.0,2935.0,2865.0,2872.55,2318.76,353978
2019-06-17,2865.05,2870.0,2827.8,2836.2,2289.42,314402
2019-06-18,2837.0,2882.05,2837.0,2855.6,2305.08,308511
2019-06-19,2870.0,2884.0,2803.0,2822.9,2278.69,294638
2019-06-20,2837.9,2906.9,2806.15,2897.3,2338.74,301774
2019-06-21,2894.9,2910.9,2844.1,2875.55,2321.19,529699
2019-06-24,2855.0,2877.1,2801.2,2816.9,2273.84,434882
2019-06-25,2814.0,2853.95,2786.0,2843.7,2295.48,424591
2019-06-26,2839.95,2881.35,2814.0,2868.7,2315.66,265442
2019-06-27,2867.25,2909.9,2851.0,2865.85,2313.36,621516
2019-06-28,2865.0,2869.0,2817.3,2827.05,2282.04,303973
2019-07-01,2838.4,2920.15,2836.2,2911.95,2350.57,628760
2019-07-02,2919.0,2927.95,2864.0,2883.55,2327.64,334846
2019-07-03,2900.0,2910.0,2872.0,2897.75,2339.11,274468
2019-07-04,2900.0,2909.0,2877.0,2894.8,2336.73,249409
2019-07-05,2898.0,2918.0,2826.95,2842.55,2294.55,324849
2019-07-08,2827.55,2827.55,2746.6,2777.8,2242.28,363327
2019-07-09,2774.0,2796.5,2755.0,2786.4,2249.22,253454
2019-07-10,2790.0,2793.95,2720.55,2740.4,2212.09,378373
2019-07-11,2720.0,2724.5,2660.25,2711.7,2237.92,653802
2019-07-12,2720.0,2751.9,2693.35,2722.55,2246.88,298498
2019-07-15,2728.0,2754.0,2705.7,2714.0,2239.82,299859
2019-07-16,2710.0,2745.0,2678.0,2732.45,2255.05,315367
2019-07-17,2725.0,2735.75,2691.35,2696.9,2225.71,267305
2019-07-18,2700.0,2711.85,2621.1,2630.8,2171.16,365949
2019-07-19,2640.0,2654.95,2550.0,2558.25,2111.28,456542
2019-07-22,2560.0,2609.95,2514.45,2562.9,2115.12,407638
2019-07-23,2569.0,2570.0,2515.2,2523.85,2082.89,602971
2019-07-24,2523.85,2543.0,2482.0,2522.6,2081.86,481139
2019-07-25,2526.45,2567.9,2513.0,2547.0,2102.0,549808
2019-07-26,2547.0,2679.95,2506.25,2618.65,2161.13,2105536
2019-07-29,2590.0,2590.0,2451.0,2487.65,2053.02,1009207
2019-07-30,2490.0,2515.0,2445.45,2463.85,2033.38,784779
2019-07-31,2463.0,2536.0,2442.2,2516.5,2076.83,651778
2019-08-01,2485.05,2552.6,2473.6,2537.65,2094.28,625372
2019-08-02,2517.1,2618.0,2478.15,2600.55,2146.19,1021098
2019-08-05,2565.0,2642.65,2545.5,2619.75,2162.04,906097
2019-08-06,2600.0,2649.0,2592.9,2609.8,2153.83,765470
2019-08-07,2635.5,2635.5,2585.0,2605.1,2149.95,459833
2019-08-08,2612.0,2721.55,2602.05,2703.75,2231.36,592914
2019-08-09,2710.55,2741.5,2685.0,2707.6,2234.54,673080
2019-08-13,2699.95,2742.85,2642.6,2670.55,2203.96,706218
2019-08-14,2672.0,2757.0,2672.0,2713.9,2239.74,522580
2019-08-16,2712.05,2760.0,2661.35,2750.95,2270.32,600082
2019-08-19,2764.75,2773.0,2713.8,2725.5,2249.31,461203
2019-08-20,2730.0,2768.7,2718.55,2742.95,2263.71,537366
2019-08-21,2745.95,2771.5,2735.0,2764.8,2281.75,429633
2019-08-22,2762.0,2775.0,2731.3,2744.25,2264.79,428855
2019-08-23,2743.95,2765.0,2714.15,2749.15,2268.83,332505
2019-08-26,2794.7,2794.7,2686.0,2736.8,2258.64,577286
2019-08-27,2754.0,2798.4,2745.1,2766.5,2283.15,514940
2019-08-28,2760.0,2813.95,2750.55,2766.75,2283.35,479960
2019-08-29,2762.0,2786.75,2738.4,2757.8,2275.97,438739
2019-08-30,2766.1,2796.9,2726.15,2788.3,2301.14,391007
2019-09-03,2775.3,2805.1,2757.6,2764.2,2281.25,493182
2019-09-04,2774.4,2788.45,2725.0,2735.7,2257.73,340167
2019-09-05,2740.05,2775.45,2740.05,2759.2,2277.12,383992
2019-09-06,2772.9,2864.8,2745.5,2839.35,2343.27,1005180
2019-09-09,2809.0,2838.55,2797.0,2817.8,2325.49,471251
2019-09-11,2838.9,2920.45,2812.0,2908.4,2400.26,1253636
2019-09-12,2911.0,2911.4,2846.7,2852.2,2353.88,314580
2019-09-13,2860.0,2889.0,2855.0,2878.2,2375.33,355911
2019-09-16,2859.0,2887.7,2850.0,2874.45,2372.24,305963
2019-09-17,2874.8,2875.85,2762.55,2773.15,2288.64,439334
2019-09-18,2798.0,2819.0,2750.1,2777.05,2291.86,524048
2019-09-19,2773.0,2776.0,2721.45,2738.85,2260.33,228796
2019-09-20,2730.0,3020.1,2725.0,2929.25,2417.46,1423536
2019-09-23,2956.1,3027.15,2929.0,2995.15,2471.85,807027
2019-09-24,3001.0,3005.0,2929.2,2958.15,2441.31,479273
2019-09-25,2940.0,2965.0,2910.0,2941.0,2427.16,439376
2019-09-26,2942.0,2993.0,2935.0,2970.3,2451.34,647497
2019-09-27,2964.0,2989.55,2936.15,2957.5,2440.78,326785
2019-09-30,2960.1,2974.95,2902.5,2941.8,2427.82,384245
2019-10-01,2945.0,2977.7,2888.05,2910.0,2401.58,546876
2019-10-03,2915.0,2939.7,2882.5,2897.9,2391.59,292132
2019-10-04,2915.0,2935.0,2855.0,2863.55,2363.24,342652
2019-10-07,2859.9,2900.05,2854.95,2892.3,2386.97,276023
2019-10-09,2889.0,2915.0,2877.75,2891.85,2386.6,355878
2019-10-10,2881.0,2932.0,2865.0,2886.25,2381.98,313632
2019-10-11,2898.0,2925.0,2883.55,2898.8,2392.33,198610
2019-10-14,2889.1,2975.0,2888.0,2958.05,2441.23,367105
2019-10-15,2964.0,3029.9,2953.45,3011.95,2485.71,636441
2019-10-16,3035.0,3050.0,3015.25,3023.7,2495.41,572575
2019-10-17,3009.0,3140.0,2995.0,3111.5,2567.87,707480
2019-10-18,3119.0,3119.95,3075.0,3087.05,2547.69,398223
2019-10-22,3090.05,3154.4,3089.65,3122.3,2576.78,379635
2019-10-23,3122.4,3237.35,3095.0,3162.65,2610.08,2111842
2019-10-24,3165.0,3201.0,3143.45,3167.85,2614.38,656713
2019-10-25,3187.15,3187.15,3110.0,3129.65,2582.85,369730
2019-10-27,3159.0,3173.3,3135.15,3143.35,2594.16,72198
2019-10-29,3145.0,3198.65,3137.35,3180.75,2625.02,383452
2019-10-30,3199.4,3229.4,3173.1,3222.9,2659.81,572787
2019-10-31,3229.7,3255.0,3213.0,3247.35,2679.99,446046
2019-11-01,3250.0,3289.0,3190.0,3232.65,2667.85,748062
2019-11-04,3236.0,3248.25,3181.3,3212.05,2650.85,330025
2019-11-05,3225.0,3255.7,3191.15,3246.3,2679.12,305513
2019-11-06,3244.0,3271.5,3214.75,3248.3,2680.77,348652
2019-11-07,3244.0,3277.0,3222.95,3265.85,2695.25,326912
2019-11-08,3257.8,3288.8,3235.55,3245.55,2678.5,483871
2019-11-11,3238.0,3254.0,3221.0,3237.35,2671.73,278347
2019-11-13,3230.0,3245.0,3190.8,3206.0,2645.86,305804
2019-11-14,3205.0,3244.55,3191.1,3233.3,2668.39,310906
2019-11-15,3240.0,3252.45,3200.0,3215.35,2653.58,311463
2019-11-18,3225.0,3225.0,3146.75,3156.9,2605.34,441118
2019-11-19,3156.0,3171.5,3122.1,3161.05,2608.76,285669
2019-11-20,3145.55,3168.9,3130.5,3162.4,2609.88,238889
2019-11-21,3152.4,3209.0,3144.0,3188.35,2631.29,347577
2019-11-22,3180.0,3186.0,3133.5,3152.35,2601.58,285777
2019-11-25,3152.35,3206.3,3105.2,3195.65,2637.32,332892
2019-11-26,3199.9,3228.0,3168.75,3178.15,2622.88,628851
2019-11-27,3188.15,3217.25,3180.0,3212.05,2650.85,308282
2019-11-28,3210.0,3216.75,3182.8,3196.4,2637.94,194094
2019-11-29,3186.0,3196.0,3147.1,3176.0,2621.1,203765
2019-12-02,3163.1,3217.4,3142.05,3159.25,2607.28,474666
2019-12-03,3167.0,3270.0,3167.0,3259.75,2690.22,864612
2019-12-04,3259.75,3278.0,3228.0,3251.15,2683.12,458892
2019-12-05,3240.0,3286.4,3225.85,3243.1,2676.48,692533
2019-12-06,3243.1,3258.0,3193.1,3206.1,2645.94,275871
2019-12-09,3223.9,3239.85,3202.3,3225.55,2662.0,217098
2019-12-10,3230.0,3240.0,3211.25,3232.5,2667.73,278890
2019-12-11,3240.15,3274.85,3220.05,3268.65,2697.56,327568
2019-12-12,3276.3,3283.3,3256.6,3261.45,2691.62,263581
2019-12-13,3274.9,3274.9,3220.25,3232.9,2668.06,360095
2019-12-16,3234.5,3280.0,3213.15,3220.4,2657.74,376835
2019-12-17,3225.0,3231.7,3194.4,3199.1,2640.17,336920
2019-12-18,3199.05,3220.0,3192.2,3213.65,2652.17,315871
2019-12-19,3206.0,3232.0,3182.0,3218.4,2656.09,409369
2019-12-20,3232.0,3239.8,3197.6,3203.75,2644.0,304173
2019-12-23,3205.0,3225.0,3184.5,3219.5,2657.0,242195
2019-12-24,3220.0,3235.0,3210.0,3226.75,2662.99,172853
2019-12-26,3226.0,3239.0,3204.0,3230.05,2665.71,241386
2019-12-27,3221.25,3258.0,3220.5,3241.95,2675.53,211224
2019-12-30,3240.0,3260.0,3229.05,3251.95,2683.78,332557
2019-12-31,3251.0,3251.0,3175.55,3185.0,2628.53,526252
2020-01-01,3183.0,3193.75,3142.1,3150.1,2599.73,320021
2020-01-02,3154.95,3172.5,3112.05,3121.0,2575.71,452413
2020-01-03,3125.5,3128.25,3065.0,3072.05,2535.31,424311
2020-01-06,3070.0,3071.6,3028.05,3037.65,2506.92,355754
2020-01-07,3045.5,3072.0,3030.1,3037.95,2507.17,225535
2020-01-08,3000.0,3073.4,3000.0,3059.25,2524.75,393614
2020-01-09,3076.0,3110.0,3066.05,3085.7,2546.58,333029
2020-01-10,3098.0,3117.0,3085.75,3101.2,2559.37,455081
2020-01-13,3106.0,3119.95,3080.2,3094.05,2553.47,154993
2020-01-14,3091.1,3118.0,3074.0,3101.6,2559.7,278534
2020-01-15,3101.0,3138.0,3092.0,3123.55,2577.82,553613
2020-01-16,3129.8,3150.0,3101.5,3112.1,2568.37,287553
2020-01-17,3112.0,3138.0,3098.0,3118.1,2573.32,272072
2020-01-20,3130.0,3144.65,3083.15,3103.7,2561.43,365554
2020-01-21,3096.0,3119.0,3085.5,3097.05,2555.95,215722
2020-01-22,3105.0,3110.0,3070.1,3076.4,2538.9,269339
2020-01-23,3072.0,3089.95,3051.1,3065.2,2529.66,256329
2020-01-24,3068.0,3092.95,3064.0,3074.15,2537.05,209961
2020-01-27,3069.8,3122.95,3044.05,3082.6,2544.02,308445
2020-01-28,3089.8,3109.6,3048.0,3060.9,2526.11,239986
2020-01-29,3079.0,3099.0,3060.0,3091.85,2551.65,243945
2020-01-30,3108.5,3185.0,3041.1,3145.5,2595.93,2400831
2020-01-31,3150.0,3239.95,3150.0,3180.05,2624.44,1141144
2020-02-03,3143.0,3315.15,3115.1,3284.5,2710.65,921166
2020-02-04,3270.0,3313.0,3151.0,3162.8,2610.21,1546450
2020-02-05,3185.0,3220.9,3150.0,3161.5,2609.14,646723
2020-02-06,3170.0,3211.0,3141.4,3149.8,2599.48,514236
2020-02-07,3164.8,3189.0,3106.6,3134.85,2587.14,454698
2020-02-10,3138.0,3150.85,3091.7,3103.3,2561.1,386072
2020-02-11,3125.0,3150.0,3100.0,3145.45,2595.89,274244
2020-02-12,3164.7,3184.65,3136.85,3146.3,2596.59,345354
2020-02-13,3149.0,3172.2,3120.4,3136.4,2588.42,268031
2020-02-14,3145.0,3205.0,3136.8,3146.4,2596.67,381580
2020-02-17,3152.55,3159.45,3070.0,3075.6,2538.24,269986
2020-02-18,3064.7,3090.55,3033.5,3082.5,2543.94,337054
2020-02-19,3092.0,3111.95,3072.4,3090.9,2550.87,220584
2020-02-20,3091.0,3100.05,3057.65,3065.5,2529.91,256115
2020-02-24,3077.0,3084.65,2970.05,2980.5,2459.76,499562
2020-02-25,2992.0,3007.0,2931.0,2947.4,2432.44,527499
2020-02-26,2937.0,2974.0,2920.0,2946.6,2431.78,445577
2020-02-27,2944.8,2969.95,2913.5,2936.6,2423.53,416726
2020-02-28,2890.0,2915.0,2850.45,2890.0,2385.07,925702
2020-03-02,2920.0,2944.5,2772.0,2792.2,2304.36,1281846
2020-03-03,2700.0,2730.0,2653.0,2692.25,2321.65,1459848
2020-03-04,2720.0,2764.5,2653.5,2711.5,2338.25,954038
2020-03-05,2719.95,2749.0,2696.2,2703.65,2331.48,384427
2020-03-06,2640.0,2758.0,2620.0,2735.05,2358.56,658891
2020-03-09,2675.0,2690.0,2558.6,2573.35,2219.12,706890
2020-03-11,2580.0,2630.0,2562.7,2591.55,2234.81,641982
2020-03-12,2519.95,2535.0,2319.05,2338.9,2016.94,799317
2020-03-13,2249.0,2432.45,2040.0,2357.1,2032.63,883265
2020-03-16,2315.0,2389.0,2290.0,2339.55,2017.5,963321
2020-03-17,2345.2,2372.7,2250.05,2270.45,1957.91,658935
2020-03-18,2290.0,2309.9,2157.15,2169.0,1870.43,593949
2020-03-19,2119.75,2377.4,2032.35,2166.6,1868.36,1010352
2020-03-20,2189.9,2298.9,2153.95,2242.3,1933.64,718313
2020-03-23,2052.0,2389.0,1900.0,1935.55,1669.11,797154
2020-03-24,2000.0,2057.9,1788.65,1937.15,1670.49,1210613
2020-03-25,1917.0,1989.0,1866.6,1946.75,1678.77,606235
2020-03-26,1998.2,2133.9,1934.0,2106.85,1816.83,989242
2020-03-27,2149.0,2167.0,2007.15,2053.45,1770.78,938567
2020-03-30,2016.0,2020.8,1945.05,1986.7,1713.22,462909
2020-03-31,2037.35,2048.4,1930.3,2022.35,1743.96,762791
2020-04-01,2000.0,2095.8,1990.0,2051.1,1768.76,869738
2020-04-03,2051.1,2056.3,1957.55,2033.75,1753.79,692217
2020-04-07,2065.0,2303.55,2065.0,2280.05,1966.19,1069857
2020-04-08,2180.0,2383.45,2168.55,2241.7,1933.12,840875
2020-04-09,2290.0,2524.95,2289.9,2435.95,2100.63,1788927
2020-04-13,2430.15,2430.15,2321.75,2397.55,2067.52,654478
2020-04-15,2410.0,2483.6,2320.05,2335.15,2013.7,986750
2020-04-16,2330.0,2365.0,2264.5,2333.55,2012.33,944544
2020-04-17,2380.0,2425.05,2347.05,2379.15,2051.65,690554
2020-04-20,2410.0,2415.0,2351.7,2378.3,2050.92,427667
2020-04-21,2344.0,2354.45,2295.0,2323.25,2003.44,702627
2020-04-22,2323.25,2412.1,2296.1,2379.7,2052.12,712519
2020-04-23,2379.7,2446.95,2368.0,2430.65,2096.06,1179211
2020-04-24,2410.0,2472.0,2381.0,2445.35,2108.74,669287
2020-04-27,2470.0,2551.85,2453.25,2505.75,2160.82,1128257
2020-04-28,2510.85,2546.4,2431.35,2463.7,2124.56,646907
2020-04-29,2474.0,2520.0,2450.0,2499.15,2155.13,525256
2020-04-30,2525.1,2654.0,2510.15,2623.3,2262.19,1118513
2020-05-04,2550.0,2554.95,2415.4,2442.15,2105.98,574557
2020-05-05,2475.0,2488.9,2400.8,2422.8,2089.29,663761
2020-05-06,2425.0,2495.0,2361.3,2471.85,2131.59,778602
2020-05-07,2470.0,2485.75,2400.0,2406.55,2075.28,422145
2020-05-08,2446.05,2450.0,2401.05,2419.05,2086.06,455821
2020-05-11,2430.0,2624.95,2428.0,2566.3,2213.04,1627625
2020-05-12,2531.0,2655.9,2494.25,2628.85,2266.98,1335103
2020-05-13,2774.0,2774.0,2671.35,2696.0,2324.88,1257856
2020-05-14,2601.5,2730.0,2601.5,2702.65,2330.62,893108
2020-05-15,2705.0,2710.0,2650.0,2663.6,2296.94,645362
2020-05-18,2650.0,2653.35,2461.0,2477.45,2136.42,1172714
2020-05-19,2518.0,2555.0,2486.9,2509.3,2163.88,641584
2020-05-20,2496.0,2580.45,2477.45,2557.75,2205.66,947430
2020-05-21,2634.5,2724.2,2621.25,2640.35,2276.89,3481384
2020-05-22,2623.0,2634.5,2542.8,2553.75,2202.21,1328364
2020-05-26,2580.0,2597.95,2533.6,2564.85,2211.79,686475
2020-05-27,2569.0,2605.0,2540.3,2580.55,2225.32,563888
2020-05-28,2588.0,2619.5,2450.0,2600.0,2242.1,1087116
2020-05-29,2603.0,2741.0,2591.25,2710.5,2337.39,2057601
2020-06-01,2730.0,2790.0,2725.45,2758.3,2378.61,1008549
2020-06-02,2759.9,2814.25,2726.2,2796.1,2411.2,1283507
2020-06-03,2825.0,2876.5,2770.1,2783.4,2400.25,750002
2020-06-04,2778.0,2833.2,2756.0,2817.25,2429.44,709462
2020-06-05,2842.0,2842.9,2762.0,2776.3,2394.13,723898
2020-06-08,2800.0,2814.0,2745.0,2801.05,2415.47,727119
2020-06-09,2805.1,2814.6,2766.0,2791.15,2406.93,619517
2020-06-10,2790.2,2803.95,2703.35,2717.2,2343.16,687626
2020-06-11,2717.2,2758.0,2703.4,2718.55,2344.33,661173
2020-06-12,2610.25,2799.05,2610.25,2782.15,2399.17,895700
2020-06-15,2774.0,2774.0,2707.95,2728.55,2352.95,517425
2020-06-16,2764.0,2786.95,2702.85,2718.45,2344.24,611383
2020-06-17,2718.45,2737.8,2674.2,2689.45,2319.23,600388
2020-06-18,2689.45,2697.15,2646.15,2678.35,2309.66,579578
2020-06-19,2690.0,2710.0,2655.0,2674.35,2306.21,929078
2020-06-22,2690.0,2873.95,2659.55,2855.75,2462.64,1872829
2020-06-23,2890.0,2910.1,2844.95,2862.15,2468.16,1089848
2020-06-24,2899.8,2979.9,2805.65,2817.25,2429.44,1616696
2020-06-25,2789.8,2890.0,2772.7,2820.45,2432.2,1341923
2020-06-26,2853.7,2900.0,2825.0,2867.6,2472.86,1227656
2020-06-29,2825.0,2870.0,2815.0,2859.5,2465.88,680236
2020-06-30,2902.4,2913.45,2815.0,2826.05,2437.03,751691
2020-07-01,2838.05,2872.0,2828.6,2842.05,2450.83,525799
2020-07-02,2857.9,2903.45,2837.1,2879.35,2482.99,754915
2020-07-03,2899.0,2960.0,2887.6,2932.4,2528.74,1394992
2020-07-06,2942.05,2946.0,2884.0,2897.1,2498.3,1126381
2020-07-07,2901.0,2974.0,2826.55,2847.15,2455.23,2168021
2020-07-08,2882.0,2899.0,2811.6,2852.45,2459.8,1348810
2020-07-09,2878.0,2895.0,2840.2,2882.0,2485.28,700469
2020-07-10,2875.0,2915.0,2856.4,2894.7,2496.23,688336
2020-07-13,2898.9,2910.0,2876.8,2900.0,2500.8,481601
2020-07-14,2898.0,2909.9,2847.0,2899.5,2500.37,612986
2020-07-15,2915.0,2955.0,2900.0,2942.05,2537.06,905297
2020-07-16,2944.0,2950.0,2898.9,2942.3,2537.28,525135
2020-07-17,2950.0,3000.0,2925.0,2995.0,2582.72,687105
2020-07-20,3001.0,3020.0,2974.0,3002.55,2589.23,766788
2020-07-21,3015.0,3057.0,2990.0,3004.3,2590.74,834544
2020-07-22,3011.0,3030.15,2906.55,2985.4,2574.44,2050770
2020-07-23,2965.0,3050.0,2939.65,3032.1,2614.72,1057181
2020-07-24,3030.0,3030.0,2978.0,2985.5,2574.53,543609
2020-07-27,2990.0,3035.0,2934.05,3020.5,2604.71,621957
2020-07-28,3021.0,3130.0,3018.0,3119.35,2689.96,1263659
2020-07-29,3127.05,3149.0,3080.85,3099.3,2672.67,582910
2020-07-30,3110.0,3129.95,3039.35,3048.95,2629.25,570166
2020-07-31,3068.85,3077.9,2991.6,3004.95,2591.3,561196
2020-08-03,2990.0,3069.9,2910.0,2917.45,2515.85,1246016
2020-08-04,2939.0,2999.0,2922.05,2969.95,2561.12,706322
2020-08-05,2986.2,3035.45,2972.0,3009.0,2594.8,678314
2020-08-06,3024.8,3075.0,2976.4,2991.8,2579.96,853222
2020-08-07,2991.8,3019.0,2975.0,3001.7,2588.5,515510
2020-08-10,3001.7,3025.0,2971.0,2993.8,2581.69,442147
2020-08-11,3020.8,3060.0,2995.75,3007.45,2593.46,696792
2020-08-12,3007.45,3035.0,2982.5,3023.0,2606.87,489280
2020-08-13,3040.0,3040.0,3000.0,3017.95,2602.51,462333
2020-08-14,3022.0,3028.25,2976.0,2987.55,2576.3,542458
2020-08-17,3014.0,3126.0,2992.0,3115.6,2686.72,1577193
2020-08-18,3124.0,3147.0,3093.0,3104.8,2677.41,825757
2020-08-19,3110.0,3159.0,3048.75,3059.8,2638.6,953142
2020-08-20,3059.0,3065.0,3025.35,3036.95,2618.9,563069
2020-08-21,3062.0,3075.0,3038.0,3053.15,2632.87,395723
2020-08-24,3062.9,3096.0,3026.75,3039.35,2620.97,562548
2020-08-25,3054.4,3054.4,2991.7,3009.4,2595.14,652358
2020-08-26,3080.05,3138.0,3071.3,3082.2,2657.92,2026040
2020-08-27,3082.2,3088.75,3025.2,3043.0,2624.12,711504
2020-08-28,3044.0,3062.45,3002.0,3014.15,2599.24,679405
2020-08-31,3025.0,3029.0,2946.1,2967.0,2558.58,2787032
2020-09-01,2947.0,3004.0,2930.0,2958.4,2551.16,755670
2020-09-02,2950.0,2969.7,2847.05,2880.55,2484.03,1946352
2020-09-03,2909.05,2923.7,2886.05,2896.4,2497.7,785527
2020-09-04,2880.0,2926.1,2840.0,2883.2,2486.31,1499317
2020-09-07,2898.35,2906.85,2830.05,2898.2,2499.25,807657
2020-09-08,2899.95,2918.0,2866.25,2901.75,2502.31,798195
2020-09-09,2875.0,2921.7,2852.0,2910.15,2509.55,677328
2020-09-10,2917.1,2924.35,2871.5,2914.7,2513.48,686071
2020-09-11,2914.0,2941.95,2903.9,2916.35,2514.9,683992
2020-09-14,2922.0,2988.0,2895.0,2957.7,2550.56,1185683
2020-09-15,2957.4,2960.0,2921.05,2937.35,2533.01,632573
2020-09-16,2942.5,3049.0,2937.4,3037.95,2619.76,1865973
2020-09-17,3015.0,3029.95,2985.25,3019.2,2603.59,687069
2020-09-18,3023.1,3070.0,2996.0,3050.95,2630.97,937014
2020-09-21,3045.95,3045.95,2960.1,2986.7,2575.57,779499
2020-09-22,2984.2,3009.45,2942.1,2985.85,2574.83,690800
2020-09-23,2993.0,3047.6,2955.0,2986.2,2575.13,949248
2020-09-24,2964.9,3001.9,2912.8,2931.85,2528.27,736921
2020-09-25,2954.95,2998.5,2926.05,2957.4,2550.3,559314
2020-09-28,2976.9,3022.3,2952.85,2966.35,2558.02,902239
2020-09-29,2992.7,3011.0,2890.0,2897.5,2498.64,1189292
2020-09-30,2897.55,2939.0,2870.0,2881.1,2484.5,1095715
2020-10-01,2940.0,3113.95,2940.0,2985.4,2574.44,4741959
2020-10-05,3016.4,3020.0,2930.05,2952.3,2545.9,904969
2020-10-06,2985.0,2993.0,2951.0,2972.25,2563.1,678723
2020-10-07,2975.0,3097.95,2954.55,3077.4,2653.78,2126243
2020-10-08,3070.0,3110.8,3051.0,3074.55,2651.32,1009344
2020-10-09,3080.0,3097.65,3027.6,3059.8,2638.6,698666
2020-10-12,3051.0,3074.65,3011.1,3022.75,2606.65,632718
2020-10-13,3025.0,3051.1,2996.2,3034.45,2616.74,456767
2020-10-14,3037.95,3075.0,3020.0,3054.15,2633.73,822555
2020-10-15,3059.95,3130.0,3019.45,3027.4,2610.66,1076100
2020-10-16,3030.0,3092.0,3029.0,3044.75,2625.62,548742
2020-10-19,3070.0,3071.95,2970.2,2980.0,2569.79,598192
2020-10-20,2980.0,3018.55,2957.0,3004.2,2590.66,899774
2020-10-21,3030.0,3039.15,2992.05,3018.0,2602.56,982019
2020-10-22,3009.8,3039.45,2977.0,3006.2,2592.38,1701072
2020-10-23,3030.0,3095.5,2997.15,3082.25,2657.96,1217651
2020-10-26,3097.95,3113.75,2885.0,2895.15,2496.62,2140237
2020-10-27,2910.0,2972.25,2853.05,2947.35,2541.63,1812330
2020-10-28,2947.0,2967.0,2890.2,2944.05,2538.79,1197897
2020-10-29,2918.95,2934.0,2885.0,2925.35,2522.66,714820
2020-10-30,2940.0,2963.2,2880.1,2886.9,2489.5,722940
2020-11-02,2918.0,2934.85,2822.45,2843.7,2452.25,926407
2020-11-03,2855.2,2929.95,2855.2,2914.85,2513.61,951287
2020-11-04,2905.0,2947.75,2882.4,2926.1,2523.31,710858
2020-11-05,2951.0,2970.0,2927.0,2949.3,2543.31,507235
2020-11-06,2960.0,3000.0,2955.0,2977.4,2567.55,889565
2020-11-09,2990.0,3022.0,2980.0,3001.95,2588.72,550477
2020-11-10,3015.0,3022.5,2967.0,2997.5,2584.88,664054
2020-11-11,3017.7,3040.0,2986.55,3023.1,2606.96,782511
2020-11-12,3025.0,3040.9,2996.25,3017.45,2602.08,646257
2020-11-13,3010.0,3048.0,2995.6,3040.75,2622.18,557563
2020-11-14,3055.65,3065.0,3030.0,3041.9,2623.17,59697
2020-11-17,3034.0,3048.9,2996.45,3045.15,2625.97,501135
2020-11-18,3055.8,3055.8,3003.9,3037.9,2619.72,455293
2020-11-19,3033.0,3056.5,3010.0,3034.25,2616.57,888406
2020-11-20,3033.0,3085.0,3022.0,3058.55,2637.53,820220
2020-11-23,3068.0,3085.0,3030.6,3077.75,2654.08,493600
2020-11-24,3077.0,3122.0,3053.0,3095.7,2669.56,858928
2020-11-25,3100.0,3160.0,3041.0,3051.25,2631.23,1219151
2020-11-26,3053.0,3150.0,3053.0,3129.2,2698.45,1264680
2020-11-27,3144.9,3249.0,3135.7,3173.55,2736.7,2548347
2020-12-01,3175.1,3248.95,3161.0,3243.65,2797.15,1400851
2020-12-02,3243.65,3348.0,3221.5,3338.15,2878.64,1707284
2020-12-03,3368.7,3371.2,3281.0,3294.4,2840.91,965142
2020-12-04,3298.3,3344.55,3288.2,3311.4,2855.57,739106
2020-12-07,3311.4,3335.0,3267.8,3319.55,2862.6,481597
2020-12-08,3320.0,3384.75,3300.55,3326.2,2868.33,823352
2020-12-09,3335.0,3353.65,3300.0,3306.55,2851.39,397850
2020-12-10,3306.2,3319.95,3272.05,3290.85,2837.85,469288
2020-12-11,3295.6,3337.15,3285.55,3327.65,2869.58,611154
2020-12-14,3327.65,3334.55,3265.0,3289.0,2836.25,425416
2020-12-15,3284.0,3347.2,3262.0,3271.65,2821.29,746643
2020-12-16,3289.0,3308.45,3252.0,3303.5,2848.76,616704
2020-12-17,3307.1,3330.0,3258.0,3270.45,2820.26,678073
2020-12-18,3275.9,3363.0,3270.9,3347.55,2886.74,1362381
2020-12-21,3352.5,3355.0,3198.5,3238.25,2792.49,797760
2020-12-22,3245.0,3285.0,3172.0,3265.3,2815.82,825331
2020-12-23,3281.0,3318.95,3261.0,3309.65,2854.06,816586
2020-12-24,3318.0,3423.55,3316.05,3374.75,2910.2,1567636
2020-12-28,3388.0,3422.0,3374.0,3414.7,2944.65,536954
2020-12-29,3433.0,3459.9,3420.05,3431.55,2959.18,682613
2020-12-30,3437.2,3472.85,3405.25,3448.15,2973.49,639180
2020-12-31,3464.95,3464.95,3426.85,3444.05,2969.96,410959
2021-01-01,3446.0,3494.0,3446.0,3481.25,3002.04,421643
2021-01-04,3490.0,3528.0,3465.0,3522.45,3037.57,647829
2021-01-05,3500.25,3505.0,3475.0,3492.65,3011.87,561562
2021-01-06,3492.65,3527.0,3435.9,3462.7,2986.04,591620
2021-01-07,3500.0,3507.35,3428.25,3437.95,2964.7,531361
2021-01-08,3469.0,3544.6,3438.05,3529.15,3043.34,675643
2021-01-11,3531.0,3634.55,3521.0,3617.35,3119.4,788461
2021-01-12,3611.95,3642.8,3558.1,3624.25,3125.35,863270
2021-01-13,3624.25,3633.0,3577.0,3600.9,3105.22,515154
2021-01-14,3600.0,3658.65,3545.0,3576.05,3083.79,743848
2021-01-15,3588.0,3623.0,3541.0,3580.3,3087.45,684649
2021-01-18,3552.0,3618.05,3505.0,3563.75,3073.18,602004
2021-01-19,3565.75,3664.0,3561.1,3641.0,3139.8,586410
2021-01-20,3640.0,3692.8,3629.35,3643.95,3142.34,549040
2021-01-21,3672.0,3807.0,3655.2,3703.3,3193.52,1533886
2021-01-22,3749.95,4130.0,3740.05,4089.5,3526.56,8537143
2021-01-25,4150.0,4210.0,4060.0,4168.95,3595.07,2368224
2021-01-27,4133.4,4236.65,4108.1,4146.35,3575.58,2062088
2021-01-28,4080.0,4190.0,4076.6,4135.8,3566.49,1262871
2021-01-29,4168.0,4205.35,3990.0,4005.8,3454.38,1406268
2021-02-01,4064.0,4141.0,3975.05,4114.7,3548.29,745011
2021-02-02,4155.8,4271.15,4117.25,4201.45,3623.1,1167922
2021-02-03,4205.0,4259.15,4160.1,4236.35,3653.2,681937
2021-02-04,4236.35,4361.4,4200.0,4223.5,3642.11,1163598
2021-02-05,4260.0,4272.8,4161.0,4231.25,3648.8,729191
2021-02-08,4231.45,4258.5,4195.0,4237.45,3654.14,616236
2021-02-09,4228.4,4238.0,4145.0,4154.9,3582.96,721336
2021-02-10,4160.0,4215.0,4100.1,4151.55,3580.07,989105
2021-02-11,4155.0,4202.4,4126.45,4181.9,3606.24,546983
2021-02-12,4179.0,4195.8,4117.0,4136.05,3566.7,360063
2021-02-15,4152.2,4194.65,4111.65,4122.3,3554.84,287922
2021-02-16,4130.0,4177.6,4124.0,4132.85,3563.94,318280
2021-02-17,4117.0,4205.0,4111.0,4165.7,3592.27,554383
2021-02-18,4200.0,4200.0,4102.1,4115.45,3548.94,440460
2021-02-19,4106.0,4106.7,3977.2,4001.1,3450.33,762200
2021-02-22,4010.0,4040.0,3926.85,3971.55,3424.85,762310
2021-02-23,3952.0,3998.7,3890.2,3912.25,3373.71,802871
2021-02-24,3927.0,3950.0,3855.35,3931.85,3390.61,399843
2021-02-25,3936.0,3980.0,3910.05,3944.8,3401.78,632973
2021-02-26,3910.5,3943.1,3773.05,3798.7,3275.79,732210
2021-03-01,3798.7,3858.8,3751.0,3814.05,3289.03,724589
2021-03-02,3822.0,3962.15,3781.5,3944.05,3401.13,735847
2021-03-03,3985.0,3985.0,3863.6,3901.1,3364.09,615104
2021-03-04,3875.0,3927.6,3841.0,3879.05,3345.08,611769
2021-03-05,3852.1,3913.25,3821.75,3852.85,3322.49,719936
2021-03-08,3848.0,3848.0,3770.0,3798.75,3275.83,818275
2021-03-09,3802.2,3829.7,3776.0,3798.75,3275.83,526071
2021-03-10,3820.0,3879.0,3802.0,3867.55,3335.16,545219
2021-03-12,3878.0,3878.0,3734.8,3746.4,3230.69,1119478
2021-03-15,3775.0,3775.0,3621.05,3664.65,3160.19,1024257
2021-03-16,3673.15,3690.0,3635.0,3654.45,3151.4,858553
2021-03-17,3650.0,3678.0,3555.8,3569.6,3078.23,773240
2021-03-18,3598.0,3692.95,3565.0,3664.5,3160.06,1285600
2021-03-19,3653.95,3673.0,3570.2,3650.05,3147.6,1132705
2021-03-22,3650.2,3685.0,3634.3,3664.75,3160.28,502724
2021-03-23,3665.55,3709.95,3641.25,3678.35,3172.01,581531
2021-03-24,3661.0,3698.0,3590.95,3603.55,3107.5,507559
2021-03-25,3615.0,3615.0,3497.0,3501.6,3019.59,808505
2021-03-26,3517.1,3619.25,3517.1,3600.05,3104.49,691000
2021-03-30,3604.25,3674.75,3581.35,3666.7,3161.96,749230
2021-03-31,3650.0,3683.6,3612.05,3670.6,3165.32,694645
2021-04-01,3704.0,3764.3,3690.2,3743.05,3227.8,861229
2021-04-05,3700.05,3740.0,3576.05,3598.5,3103.15,723573
2021-04-06,3639.95,3640.0,3602.25,3615.5,3117.81,501882
2021-04-07,3605.0,3693.45,3596.25,3680.2,3173.6,346982
2021-04-08,3698.95,3698.95,3645.0,3649.8,3147.39,414020
2021-04-09,3640.0,3694.0,3625.0,3651.3,3148.68,484807
2021-04-12,3579.5,3599.0,3480.05,3541.0,3053.56,724230
2021-04-13,3569.0,3623.7,3515.2,3602.45,3106.55,412122
2021-04-15,3602.45,3655.55,3526.1,3597.5,3102.29,614450
2021-04-16,3580.0,3657.5,3569.95,3634.65,3134.32,526787
2021-04-19,3525.2,3562.0,3447.0,3515.55,3031.62,601819
2021-04-20,3585.35,3624.3,3555.1,3600.9,3105.22,676558
2021-04-22,3594.8,3694.0,3573.0,3681.4,3174.64,1005711
2021-04-23,3680.0,3709.6,3640.0,3672.5,3166.96,631762
2021-04-26,3682.2,3749.0,3676.0,3738.85,3224.18,480016
2021-04-27,3738.85,3798.0,3727.2,3785.5,3264.41,518487
2021-04-28,3810.05,3954.0,3807.0,3889.75,3354.31,1252958
2021-04-29,3943.0,3954.3,3807.1,3836.45,3308.34,1335444
2021-04-30,3805.0,3966.35,3800.0,3833.75,3306.02,1340273
2021-05-03,3815.0,3906.8,3785.0,3851.85,3321.62,796444
2021-05-04,3877.0,3888.0,3815.05,3830.35,3303.08,408324
2021-05-05,3842.2,3852.6,3784.1,3843.8,3314.68,371452
2021-05-06,3852.0,3970.0,3852.0,3941.2,3398.67,938078
2021-05-07,3954.5,3967.8,3853.95,3866.75,3334.47,486456
2021-05-10,3900.0,3903.85,3844.5,3868.65,3336.11,306598
2021-05-11,3860.0,3894.7,3811.25,3879.3,3345.29,453808
2021-05-12,3866.0,3900.0,3847.2,3875.25,3341.8,499840
2021-05-14,3880.3,3894.15,3814.0,3848.8,3318.99,481619
2021-05-17,3845.0,3924.4,3833.2,3864.4,3332.45,427552
2021-05-18,3898.7,4078.0,3867.4,4067.2,3507.33,1371585
2021-05-19,4075.0,4112.0,4047.8,4095.95,3532.12,788882
2021-05-20,4095.95,4129.0,4062.1,4071.2,3510.78,465579
2021-05-21,4082.2,4132.0,4055.1,4125.55,3557.65,378016
2021-05-24,4125.0,4184.85,4107.4,4142.3,3572.09,500267
2021-05-25,4165.55,4187.0,4141.0,4150.1,3578.82,297915
2021-05-26,4150.1,4180.0,4142.0,4166.3,3592.79,261524
2021-05-27,4170.0,4274.0,4152.75,4246.1,3661.6,878610
2021-05-28,4240.2,4256.0,4187.65,4199.5,3621.42,285520
2021-05-31,4190.0,4228.7,4167.0,4192.8,3615.64,321021
2021-06-01,4204.9,4347.0,4204.9,4238.95,3655.44,1248169
2021-06-02,4227.9,4305.9,4200.0,4295.05,3703.81,351583
2021-06-03,4294.3,4300.0,4242.0,4273.35,3685.1,323999
2021-06-04,4264.4,4295.45,4240.0,4250.05,3665.01,374317
2021-06-07,4258.55,4284.9,4240.0,4249.75,3664.75,159646
2021-06-08,4250.0,4275.0,4234.0,4269.9,3682.13,150816
2021-06-09,4268.0,4272.5,4201.0,4224.5,3642.98,262617
2021-06-10,4229.0,4233.5,4166.0,4179.9,3604.52,332571
2021-06-11,4185.0,4216.85,4162.0,4172.5,3598.13,188155
2021-06-14,4173.0,4195.5,4127.15,4146.5,3575.71,200657
2021-06-15,4155.0,4171.8,4131.1,4138.1,3568.47,138010
2021-06-16,4138.1,4158.05,4102.0,4110.45,3544.63,216236
2021-06-17,4120.0,4120.0,4042.05,4053.9,3495.86,357704
2021-06-18,4055.0,4193.35,4030.0,4167.1,3593.48,701993
2021-06-21,4153.0,4196.0,4106.45,4182.65,3606.89,374649
2021-06-22,4183.3,4230.6,4155.3,4221.6,3640.48,591793
2021-06-23,4230.0,4259.65,4191.25,4198.6,3620.64,418053
2021-06-24,4190.0,4236.2,4156.75,4226.9,3645.05,314542
2021-06-25,4220.0,4249.0,4178.0,4196.15,3618.53,175051
2021-06-28,4196.15,4205.25,4166.0,4183.45,3607.58,158954
2021-06-29,4185.0,4188.85,4117.0,4124.65,3556.87,332405
2021-06-30,4130.0,4164.0,4119.8,4133.85,3564.8,331122
2021-07-01,4141.0,4250.0,4141.0,4204.55,3625.77,755502
2021-07-02,4229.5,4229.5,4171.0,4175.35,3600.59,375525
2021-07-05,4191.6,4249.9,4186.85,4201.5,3623.14,375703
2021-07-06,4203.5,4249.0,4172.0,4195.4,3617.88,515181
2021-07-07,4200.0,4224.0,4170.0,4188.25,3611.72,392794
2021-07-08,4068.7,4118.4,4030.55,4077.3,3637.63,625491
2021-07-09,4077.0,4079.95,3990.0,3995.9,3565.01,656635
2021-07-12,4018.0,4030.0,3946.9,3956.15,3529.55,512870
2021-07-13,3985.0,4019.7,3954.55,3966.1,3538.42,614101
2021-07-14,3969.0,4003.1,3940.0,3953.85,3527.5,527932
2021-07-15,3954.0,3969.95,3930.3,3940.0,3515.14,310788
2021-07-16,3958.0,3960.6,3925.0,3931.95,3507.96,323569
2021-07-19,3922.0,3939.0,3875.0,3882.85,3464.15,408067
2021-07-20,3887.9,3932.45,3881.9,3905.4,3484.27,467908
2021-07-22,3920.0,4013.65,3781.6,3853.2,3437.7,1707977
2021-07-23,3873.0,3925.0,3825.05,3841.9,3427.62,709478
2021-07-26,3852.0,3871.3,3830.0,3836.35,3422.67,408134
2021-07-27,3850.0,3859.0,3812.0,3821.4,3409.33,391373
2021-07-28,3834.0,3841.45,3781.0,3818.5,3406.74,235770
2021-07-29,3827.8,3827.8,3750.0,3763.75,3357.89,355185
2021-07-30,3776.0,3858.0,3753.15,3829.6,3416.64,511767
2021-08-02,3874.0,3880.0,3813.2,3841.55,3427.31,351187
2021-08-03,3830.0,3838.0,3805.65,3828.2,3415.4,408981
2021-08-04,3835.0,3864.85,3816.0,3832.0,3418.79,363955
2021-08-05,3842.0,3858.0,3813.6,3818.75,3406.96,333818
2021-08-06,3833.0,3872.35,3797.25,3847.85,3432.93,504011
2021-08-09,3858.15,3898.9,3837.05,3855.15,3439.44,396098
2021-08-10,3857.0,3861.75,3785.1,3797.95,3388.41,253258
2021-08-11,3800.0,3806.25,3695.2,3727.15,3325.24,497724
2021-08-12,3746.8,3777.0,3736.0,3769.35,3362.89,316454
2021-08-13,3780.0,3860.0,3760.0,3825.75,3413.21,581862
2021-08-16,3826.0,3829.0,3744.0,3748.45,3344.24,294567
2021-08-17,3749.0,3819.5,3741.55,3807.45,3396.88,319770
2021-08-18,3810.0,3856.05,3775.0,3833.05,3419.72,493285
2021-08-20,3780.0,3825.0,3725.8,3751.5,3346.97,301943
2021-08-23,3787.9,3787.9,3647.15,3668.25,3272.69,455643
2021-08-24,3690.0,3722.0,3653.7,3714.75,3314.18,276602
2021-08-25,3731.45,3759.95,3680.0,3689.65,3291.79,398715
2021-08-26,3689.65,3719.65,3670.0,3691.4,3293.35,283891
2021-08-27,3707.4,3749.9,3679.0,3699.45,3300.53,274822
2021-08-30,3717.9,3756.6,3705.0,3720.4,3319.22,561903
2021-08-31,3732.95,3739.0,3705.6,3727.85,3325.87,693952
2021-09-01,3754.0,3810.0,3730.1,3758.3,3353.03,585605
2021-09-02,3789.0,3789.0,3717.0,3720.95,3319.71,474397
2021-09-03,3726.0,3809.5,3725.0,3757.5,3352.32,740269
2021-09-06,3784.45,3829.0,3770.0,3781.1,3373.37,779715
2021-09-07,3796.8,3800.65,3762.15,3770.7,3364.1,450262
2021-09-08,3769.75,3769.75,3718.0,3725.35,3323.64,396710
2021-09-09,3724.9,3728.95,3695.0,3700.6,3301.55,479537
2021-09-13,3699.0,3720.0,3680.0,3699.55,3300.62,342427
2021-09-14,3717.4,3767.0,3690.0,3751.05,3346.56,741880
2021-09-15,3762.6,3801.6,3758.05,3779.1,3371.59,510406
2021-09-16,3798.0,3834.0,3780.05,3813.5,3402.28,558125
2021-09-17,3840.0,3879.4,3810.45,3822.2,3410.04,1304667
2021-09-20,3813.4,3813.4,3735.0,3776.05,3368.87,399648
2021-09-21,3777.0,3793.85,3696.0,3728.8,3326.71,354217
2021-09-22,3732.0,3770.0,3722.05,3757.15,3352.01,245919
2021-09-23,3757.15,3820.0,3757.15,3799.2,3389.52,228970
2021-09-24,3800.0,3849.1,3787.05,3809.8,3398.98,363519
2021-09-27,3831.0,3924.8,3822.8,3913.4,3491.41,962801
2021-09-28,3929.0,3944.8,3875.4,3908.7,3487.21,478682
2021-09-29,3900.0,3935.9,3850.0,3899.25,3478.78,379896
2021-09-30,3892.25,3896.4,3812.0,3832.65,3419.36,576711
2021-10-01,3820.0,3880.75,3802.65,3852.6,3437.16,407091
2021-10-04,3856.45,3884.6,3821.25,3825.95,3413.39,237249
2021-10-05,3824.45,3873.9,3820.0,3864.0,3447.33,287612
2021-10-06,3876.0,3884.0,3760.0,3770.05,3363.52,383507
2021-10-07,3815.0,3868.65,3785.0,3828.55,3415.71,343916
2021-10-08,3843.55,3878.55,3806.1,3815.55,3404.11,215542
2021-10-11,3845.0,3879.9,3830.35,3852.1,3436.72,239321
2021-10-12,3860.0,3994.5,3858.0,3978.75,3549.71,1353877
2021-10-13,3994.95,4050.0,3956.6,3967.65,3539.81,648769
2021-10-14,3970.0,4009.05,3954.2,3965.9,3538.25,272066
2021-10-18,3861.0,3969.7,3861.0,3915.95,3493.68,463126
2021-10-19,3930.2,3955.0,3892.25,3911.55,3489.76,275481
2021-10-20,3903.75,3909.9,3828.0,3848.65,3433.64,321450
2021-10-21,3870.0,3875.15,3769.5,3804.0,3393.8,373336
2021-10-22,3839.45,3910.0,3813.05,3866.5,3449.56,408499
2021-10-25,3854.0,3884.75,3735.0,3763.75,3357.89,306195
2021-10-26,3779.85,3811.8,3762.25,3791.75,3382.88,170050
2021-10-27,3795.0,3815.0,3760.0,3776.5,3369.27,251226
2021-10-28,3854.95,3860.0,3688.85,3700.7,3301.64,706705
2021-10-29,3720.0,3754.85,3665.0,3707.25,3307.49,316325
2021-11-01,3721.8,3750.0,3681.6,3726.15,3324.35,228051
2021-11-02,3735.0,3790.0,3727.05,3741.85,3338.36,250053
2021-11-03,3726.2,3763.95,3689.05,3698.4,3299.59,261709
2021-11-04,3718.5,3764.9,3718.5,3759.35,3353.97,65679
2021-11-08,3791.0,3800.0,3743.6,3777.3,3369.98,261609
2021-11-09,3780.0,3845.0,3772.0,3794.45,3385.28,521920
2021-11-10,3790.0,3801.6,3744.0,3771.7,3364.99,373526
2021-11-11,3774.5,3781.85,3726.0,3749.95,3345.58,446382
2021-11-12,3782.0,3782.0,3615.7,3635.05,3243.07,745428
2021-11-15,3651.0,3673.9,3580.05,3601.15,3212.83,551238
2021-11-16,3612.9,3651.8,3583.1,3608.7,3219.56,473529
2021-11-17,3610.0,3644.0,3576.4,3583.8,3197.35,348752
2021-11-18,3590.5,3594.9,3525.0,3547.55,3165.01,384426
2021-11-22,3570.0,3570.0,3426.0,3444.2,3072.8,422572
2021-11-23,3440.0,3448.5,3376.05,3434.85,3064.46,713102
2021-11-24,3459.0,3459.0,3385.65,3407.1,3039.7,287005
2021-11-25,3402.0,3413.9,3377.05,3391.7,3025.96,264226
2021-11-26,3370.0,3383.5,3320.0,3334.6,2975.02,341506
2021-11-29,3321.0,3354.35,3246.2,3298.2,2942.55,403739
2021-11-30,3296.0,3322.95,3223.05,3240.3,2890.89,682518
2021-12-01,3280.0,3294.2,3227.3,3249.55,2899.14,551434
2021-12-02,3259.95,3337.35,3236.5,3328.4,2969.49,502905
2021-12-03,3335.0,3343.15,3280.6,3287.85,2933.31,315536
2021-12-06,3297.8,3300.0,3242.7,3249.75,2899.32,251407
2021-12-07,3284.95,3317.0,3261.0,3286.45,2932.06,286908
2021-12-08,3302.85,3337.95,3297.0,3332.05,2972.75,334037
2021-12-09,3350.0,3350.0,3306.0,3341.0,2980.73,237723
2021-12-10,3320.2,3364.2,3320.0,3344.75,2984.08,220039
2021-12-13,3367.0,3372.45,3295.0,3305.45,2949.01,214515
2021-12-14,3300.0,3305.0,3268.0,3291.65,2936.7,181626
2021-12-15,3289.65,3329.85,3275.0,3294.5,2939.25,295667
2021-12-16,3327.75,3327.75,3227.35,3253.15,2902.35,324140
2021-12-17,3248.05,3261.8,3149.1,3179.15,2836.33,3170631
2021-12-20,3149.9,3171.1,3027.05,3105.2,2770.36,595625
2021-12-21,3112.0,3160.05,3092.0,3130.8,2793.2,326850
2021-12-22,3132.0,3173.55,3126.0,3135.85,2797.7,294578
2021-12-23,3150.0,3190.95,3138.0,3174.1,2831.83,224147
2021-12-24,3181.3,3195.0,3135.0,3152.05,2812.16,123753
2021-12-27,3145.0,3174.15,3122.0,3154.1,2813.99,94069
2021-12-28,3161.2,3187.55,3150.0,3176.05,2833.57,214640
2021-12-29,3188.75,3269.0,3152.05,3262.5,2910.7,563709
2021-12-30,3278.0,3279.15,3187.0,3200.8,2855.65,594987
2021-12-31,3230.0,3264.7,3217.0,3249.25,2898.87,248103
2022-01-03,3258.7,3292.6,3251.5,3277.1,2923.72,266680
2022-01-04,3284.0,3316.0,3270.65,3289.15,2934.47,244503
2022-01-05,3289.15,3365.0,3281.0,3358.55,2996.39,312215
2022-01-06,3344.8,3429.0,3333.0,3418.2,3049.61,410181
2022-01-07,3437.5,3437.5,3377.0,3392.5,3026.68,263996
2022-01-10,3414.8,3451.25,3404.45,3435.1,3064.68,318473
2022-01-11,3413.0,3445.95,3413.0,3436.75,3066.16,225782
2022-01-12,3446.1,3452.0,3414.25,3440.1,3069.15,198452
2022-01-13,3445.9,3474.3,3430.0,3451.0,3078.87,291271
2022-01-14,3451.0,3462.2,3425.0,3432.8,3062.63,127752
2022-01-17,3450.0,3527.0,3434.05,3489.75,3113.44,646271
2022-01-18,3488.95,3497.2,3392.6,3400.95,3034.22,656590
2022-01-19,3400.95,3462.3,3383.05,3436.8,3066.2,694189
2022-01-20,3398.9,3448.0,3295.0,3308.75,2951.96,874508
2022-01-21,3308.75,3473.95,3270.0,3419.8,3051.03,1609260
2022-01-24,3421.0,3454.2,3350.0,3382.3,3017.58,788137
2022-01-25,3359.0,3490.0,3328.75,3469.1,3095.02,571406
2022-01-27,3445.0,3536.8,3394.2,3501.1,3123.57,664333
2022-01-28,3505.0,3562.3,3485.1,3497.2,3120.09,575466
2022-01-31,3520.0,3585.65,3487.0,3564.65,3180.26,470500
2022-02-01,3577.0,3592.35,3511.55,3534.45,3153.32,487464
2022-02-02,3540.0,3585.0,3521.45,3535.0,3153.81,212256
2022-02-03,3550.0,3650.95,3521.0,3621.1,3230.63,760774
2022-02-04,3621.1,3621.1,3550.0,3565.35,3180.89,296588
2022-02-07,3570.0,3570.0,3468.0,3476.0,3101.17,286849
2022-02-08,3476.1,3512.95,3445.9,3458.65,3085.69,397493
2022-02-09,3452.0,3570.0,3452.0,3563.55,3179.28,352729
2022-02-10,3563.35,3581.55,3545.65,3569.35,3184.46,239918
2022-02-11,3530.0,3575.0,3508.0,3566.65,3182.05,339577
2022-02-14,3465.0,3538.0,3461.35,3487.95,3111.83,282645
2022-02-15,3490.0,3601.0,3473.75,3589.2,3202.17,357052
2022-02-16,3599.0,3640.0,3571.1,3586.9,3200.11,244587
2022-02-17,3590.1,3660.0,3590.1,3597.3,3209.39,513917
2022-02-18,3597.0,3642.5,3563.6,3632.15,3240.49,277299
2022-02-21,3624.15,3637.95,3567.35,3579.5,3193.51,344326
2022-02-22,3520.0,3615.0,3515.0,3600.7,3212.43,432562
2022-02-23,3615.1,3639.9,3570.0,3580.3,3194.23,209392
2022-02-24,3485.5,3559.3,3435.0,3478.9,3103.76,628362
2022-02-25,3490.1,3560.0,3490.1,3508.4,3130.08,327777
2022-02-28,3497.7,3561.0,3448.05,3530.35,3149.66,387040
2022-03-02,3498.3,3498.3,3333.0,3372.3,3008.66,982580
2022-03-03,3399.0,3404.8,3279.0,3297.1,2941.57,536758
2022-03-04,3251.0,3285.95,3151.0,3242.1,2892.5,509620
2022-03-07,3185.0,3279.0,3125.0,3234.65,2885.85,335205
2022-03-08,3229.0,3354.45,3175.7,3317.1,2959.41,557492
2022-03-09,3320.0,3360.0,3293.0,3339.0,2978.95,508262
2022-03-10,3399.0,3440.0,3385.4,3422.35,3053.31,350154
2022-03-11,3400.0,3445.5,3386.45,3423.0,3053.89,156038
2022-03-14,3402.0,3464.95,3368.0,3452.55,3080.25,245299
2022-03-15,3441.0,3494.0,3426.35,3454.05,3081.59,229544
2022-03-16,3490.05,3592.2,3481.0,3569.8,3184.86,262987
2022-03-17,3580.0,3664.85,3575.65,3650.45,3256.81,429272
2022-03-21,3650.45,3718.0,3580.25,3589.05,3202.03,432309
2022-03-22,3580.0,3662.0,3564.5,3656.45,3262.17,213667
2022-03-23,3664.95,3683.35,3590.0,3601.5,3213.14,281347
2022-03-24,3590.3,3637.9,3569.7,3583.9,3197.44,385957
2022-03-25,3592.0,3659.15,3592.0,3654.35,3260.29,492945
2022-03-28,3654.35,3737.0,3645.05,3687.75,3290.09,688267
2022-03-29,3697.8,3735.0,3660.85,3689.1,3291.29,376929
2022-03-30,3729.65,3729.65,3665.25,3674.1,3277.91,343930
2022-03-31,3680.0,3715.15,3636.1,3653.0,3259.09,511249
2022-04-01,3636.0,3746.0,3636.0,3739.9,3336.62,391985
2022-04-04,3750.0,3772.0,3716.4,3763.65,3357.81,419517
2022-04-05,3765.0,3819.95,3765.0,3809.7,3398.89,339228
2022-04-06,3801.0,3810.0,3741.6,3801.8,3391.84,240470
2022-04-07,3801.85,3819.6,3771.05,3802.25,3392.24,224527
2022-04-08,3812.3,3836.0,3767.0,3810.35,3399.47,229962
2022-04-11,3820.0,3825.0,3768.15,3787.15,3378.77,135225
2022-04-12,3768.5,3776.7,3676.05,3712.05,3311.77,266145
2022-04-13,3712.05,3747.5,3669.1,3697.3,3298.61,198206
2022-04-18,3690.0,3758.25,3645.25,3714.6,3314.04,373718
2022-04-19,3740.0,3774.6,3618.35,3657.15,3262.79,211918
2022-04-20,3666.0,3734.95,3652.3,3720.75,3319.53,174080
2022-04-21,3705.0,3739.5,3680.1,3702.35,3303.12,216475
2022-04-22,3670.0,3694.75,3622.85,3642.5,3249.72,228316
2022-04-25,3602.0,3724.75,3600.0,3682.95,3285.81,444222
2022-04-26,3704.95,3905.0,3704.95,3892.1,3472.4,1107122
2022-04-27,3870.0,3919.0,3846.0,3905.65,3484.49,541564
2022-04-28,4000.0,4000.0,3805.0,3834.4,3420.93,1628318
2022-04-29,3805.0,3840.0,3711.35,3729.55,3327.38,594650
2022-05-02,3720.0,3720.0,3606.0,3623.45,3232.72,376660
2022-05-04,3625.0,3683.0,3485.4,3496.9,3119.82,575428
2022-05-05,3538.8,3595.0,3510.4,3523.9,3143.91,323081
2022-05-06,3488.3,3555.0,3460.0,3499.75,3122.36,436366
2022-05-09,3490.0,3584.7,3480.0,3568.75,3183.92,502719
2022-05-10,3564.95,3646.7,3540.0,3593.05,3205.6,507087
2022-05-11,3600.0,3627.95,3537.3,3612.85,3223.27,437746
2022-05-12,3585.0,3654.0,3539.2,3585.0,3198.42,777332
2022-05-13,3618.05,3736.0,3618.05,3642.1,3249.36,633218
2022-05-16,3650.0,3725.0,3650.0,3715.85,3315.16,401803
2022-05-17,3725.1,3787.0,3725.1,3742.9,3339.29,402398
2022-05-18,3743.0,3829.5,3736.2,3791.2,3382.38,507061
2022-05-19,3691.9,3778.0,3680.05,3698.55,3299.73,261026
2022-05-20,3760.0,3849.0,3735.0,3787.8,3379.35,396832
2022-05-23,3836.0,3874.5,3770.0,3786.15,3377.88,339483
2022-05-24,3817.4,3842.0,3771.05,3783.3,3375.34,369304
2022-05-25,3814.55,3819.0,3742.25,3791.8,3382.92,225253
2022-05-26,3801.1,3870.0,3754.05,3857.35,3441.4,419826
2022-05-27,3875.0,3890.0,3823.05,3833.05,3419.72,422591
2022-05-30,3860.0,3903.15,3843.05,3856.7,3440.82,271827
2022-05-31,3876.0,3958.0,3839.0,3864.1,3447.42,1154256
2022-06-01,3877.2,3904.0,3707.3,3720.1,3318.95,784215
2022-06-02,3720.1,3749.9,3666.35,3688.7,3290.94,346754
2022-06-03,3719.0,3733.9,3650.0,3672.7,3276.66,409815
2022-06-06,3660.0,3869.75,3650.5,3817.0,3405.4,1136609
2022-06-07,3765.0,3853.65,3765.0,3834.1,3420.66,561644
2022-06-08,3833.5,3850.0,3768.05,3794.15,3385.02,346603
2022-06-09,3794.15,3895.0,3779.4,3878.65,3460.4,627869
2022-06-10,3956.3,3971.0,3850.0,3881.0,3462.5,1412838
2022-06-13,3825.0,3895.05,3794.45,3881.25,3462.72,519745
2022-06-14,3885.0,3915.75,3602.95,3681.75,3284.74,1733394
2022-06-15,3700.0,3742.65,3645.0,3698.1,3299.32,753821
2022-06-16,3736.8,3736.8,3633.0,3658.2,3263.73,438590
2022-06-17,3670.0,3713.95,3615.6,3628.95,3237.63,727356
2022-06-20,3620.25,3638.8,3574.8,3615.95,3226.03,268242
2022-06-21,3631.0,3675.0,3616.05,3645.25,3252.17,424763
2022-06-22,3645.0,3721.5,3614.15,3635.65,3243.61,585483
2022-06-23,3680.1,3796.0,3665.25,3784.8,3376.67,1186420
2022-06-24,3800.8,3841.35,3781.95,3813.35,3402.15,558798
2022-06-27,3870.0,3958.45,3817.0,3861.2,3444.84,1819576
2022-06-28,3839.95,3907.2,3783.05,3889.0,3469.64,799053
2022-06-29,3880.0,3900.0,3856.05,3867.55,3450.5,524392
2022-06-30,3750.0,3768.35,3692.0,3706.6,3431.11,715926
2022-07-01,3667.95,3678.7,3601.1,3624.6,3355.2,756589
2022-07-04,3644.4,3695.15,3608.0,3679.75,3406.25,536505
2022-07-05,3700.0,3700.0,3663.0,3682.75,3409.03,294980
2022-07-06,3682.0,3777.3,3675.15,3773.05,3492.62,333226
2022-07-07,3786.3,3836.1,3785.0,3795.5,3513.4,534547
2022-07-08,3830.0,3830.0,3792.7,3825.0,3540.71,326804
2022-07-11,3820.0,3858.0,3795.0,3848.55,3562.51,372417
2022-07-12,3853.0,3863.0,3832.05,3847.85,3561.86,244636
2022-07-13,3858.0,3878.95,3848.0,3860.75,3573.8,308508
2022-07-14,3858.9,3885.95,3841.0,3863.2,3576.07,377688
2022-07-15,3863.0,3919.0,3861.0,3913.35,3622.49,281730
2022-07-18,3930.0,3990.0,3925.1,3984.05,3687.94,513318
2022-07-19,3977.05,4036.0,3966.0,4002.0,3704.55,512451
2022-07-20,4018.0,4055.0,3999.0,4002.05,3704.6,377717
2022-07-21,4004.65,4070.6,3993.45,4057.05,3755.51,371547
2022-07-22,4065.0,4091.0,4045.25,4054.5,3753.15,280291
2022-07-25,4054.5,4073.95,3998.3,4021.15,3722.28,372987
2022-07-26,4014.0,4030.0,3917.0,3925.6,3633.83,882407
2022-07-27,3933.0,3960.0,3845.15,3883.85,3595.18,514997
2022-07-28,3884.0,3913.7,3847.0,3858.25,3571.49,423758
2022-07-29,3899.0,3952.25,3878.0,3914.45,3623.51,412805
2022-08-01,3919.95,3988.25,3915.0,3973.3,3677.99,459482
2022-08-02,3973.3,4005.0,3941.35,3996.2,3699.18,398168
2022-08-03,3999.0,4010.0,3963.05,4003.45,3705.9,312355
2022-08-04,4011.0,4035.0,3976.0,4011.7,3713.53,310996
2022-08-05,4025.0,4038.25,3993.05,4013.1,3714.83,287542
2022-08-08,4013.0,4039.9,4000.0,4022.65,3723.67,238574
2022-08-10,4014.0,4066.0,4014.0,4034.85,3734.96,218912
2022-08-11,4050.1,4058.25,4022.35,4033.5,3733.71,277432
2022-08-12,4033.5,4060.0,4013.75,4038.0,3737.88,217139
2022-08-16,4038.0,4100.0,4038.0,4091.15,3787.08,302627
2022-08-17,4095.1,4120.45,4060.0,4067.9,3765.56,313179
2022-08-18,4079.0,4079.0,4040.5,4060.65,3758.84,451908
2022-08-19,4052.0,4088.45,4050.0,4074.55,3771.71,223883
2022-08-22,4030.0,4073.4,4008.8,4041.6,3741.21,388178
2022-08-23,4025.0,4072.85,4016.05,4064.45,3762.36,172256
2022-08-24,4050.45,4083.95,4050.45,4065.75,3763.57,245586
2022-08-25,4073.0,4095.65,4051.1,4062.95,3760.97,374693
2022-08-26,4075.0,4124.35,4041.45,4054.4,3753.06,453561
2022-08-29,4024.95,4050.0,3985.5,4030.05,3730.52,608621
2022-08-30,4050.25,4128.95,4011.55,4084.85,3781.25,740581
2022-09-01,4010.0,4131.75,4010.0,4076.3,3773.33,510034
2022-09-02,4080.0,4102.8,4025.4,4030.9,3731.31,556543
2022-09-05,4050.0,4055.85,3944.3,3956.65,3662.57,799837
2022-09-06,3962.0,3990.0,3919.5,3929.4,3637.35,508096
2022-09-07,3915.0,3937.5,3811.2,3845.65,3559.82,724097
2022-09-08,3864.9,3879.95,3840.0,3846.6,3560.7,493973
2022-09-09,3865.85,3880.0,3835.0,3848.6,3562.55,485613
2022-09-12,3840.0,3889.8,3825.0,3870.3,3582.64,369281
2022-09-13,3865.0,3890.0,3855.0,3866.5,3579.12,507487
2022-09-14,3815.0,3918.95,3811.6,3850.25,3564.08,576311
2022-09-15,3865.0,3884.6,3751.35,3768.0,3487.95,351737
2022-09-16,3800.0,3800.0,3676.1,3689.55,3415.33,579176
2022-09-19,3700.0,3731.85,3661.1,3708.25,3432.64,454942
2022-09-20,3726.8,3807.9,3725.0,3768.6,3488.5,268923
2022-09-21,3773.85,3807.45,3724.0,3730.6,3453.33,197924
2022-09-22,3720.0,3760.0,3700.0,3728.9,3451.75,149651
2022-09-23,3730.0,3770.0,3683.0,3698.9,3423.98,158122
2022-09-26,3668.9,3686.75,3566.0,3574.5,3308.83,517637
2022-09-27,3590.0,3594.95,3510.1,3541.9,3278.65,344198
2022-09-28,3525.0,3573.9,3505.0,3545.9,3282.35,181128
2022-09-29,3563.0,3563.85,3465.05,3476.7,3218.3,350931
2022-09-30,3486.5,3553.95,3461.25,3527.75,3265.55,276996
2022-10-03,3527.75,3559.9,3475.0,3515.35,3254.07,442640
2022-10-04,3550.5,3599.9,3539.2,3579.6,3313.55,317554
2022-10-06,3597.5,3617.15,3570.0,3594.65,3327.48,353529
2022-10-07,3580.05,3668.9,3580.0,3603.55,3335.72,591544
2022-10-10,3557.35,3624.9,3529.05,3616.95,3348.12,240975
2022-10-11,3635.05,3635.05,3519.6,3528.75,3266.48,258827
2022-10-12,3546.4,3653.0,3515.85,3624.5,3355.11,496229
2022-10-13,3616.85,3648.8,3590.0,3604.8,3336.88,336605
2022-10-14,3659.95,3663.0,3552.15,3570.5,3305.12,499983
2022-10-17,3580.0,3674.8,3578.0,3629.0,3359.28,921084
2022-10-18,3647.15,3664.85,3602.1,3611.3,3342.89,496519
2022-10-19,3629.4,3716.95,3623.75,3655.85,3384.13,456361
2022-10-20,3629.35,3703.9,3586.0,3691.85,3417.46,310251
2022-10-21,3699.0,3720.35,3641.75,3668.6,3395.93,207556
2022-10-24,3715.0,3720.0,3680.0,3699.8,3424.81,29986
2022-10-25,3699.0,3727.0,3644.0,3654.1,3382.51,351456
2022-10-27,3690.6,3690.6,3606.15,3622.3,3353.07,333703
2022-10-28,3640.45,3719.0,3631.0,3670.7,3397.88,500485
2022-10-31,3689.1,3706.35,3659.1,3671.85,3398.94,314769
2022-11-01,3686.55,3744.2,3663.0,3732.7,3455.27,514106
2022-11-02,3746.0,3746.0,3693.6,3736.8,3459.06,317571
2022-11-03,3754.0,3814.0,3731.05,3773.5,3493.04,637882
2022-11-04,3779.45,3809.9,3762.9,3771.1,3490.82,230932
2022-11-07,3790.0,3818.65,3758.5,3769.85,3489.66,272013
2022-11-09,3790.0,3794.0,3717.85,3739.55,3461.61,249436
2022-11-10,3739.55,3770.0,3717.0,3724.6,3447.77,291055
2022-11-11,3743.25,3783.95,3708.5,3727.65,3450.59,268871
2022-11-14,3746.3,3768.0,3710.45,3726.0,3449.07,200313
2022-11-15,3726.05,3789.0,3726.05,3764.15,3484.38,296104
2022-11-16,3757.0,3798.5,3739.65,3747.45,3468.92,329588
2022-11-17,3749.0,3767.35,3678.4,3694.15,3419.58,185433
2022-11-18,3694.15,3706.85,3621.0,3632.95,3362.93,327528
2022-11-21,3615.0,3645.8,3606.4,3619.5,3350.48,226673
2022-11-22,3636.0,3643.0,3585.0,3619.1,3350.11,322261
2022-11-23,3622.2,3654.15,3595.0,3607.85,3339.7,340707
2022-11-24,3617.2,3629.65,3598.45,3620.15,3351.08,397640
2022-11-25,3632.25,3652.7,3601.0,3640.25,3369.69,224797
2022-11-28,3630.2,3710.0,3630.2,3676.7,3403.43,185431
2022-11-29,3680.35,3697.0,3652.0,3660.1,3388.06,134922
2022-11-30,3674.95,3772.9,3671.0,3750.7,3471.93,1267676
2022-12-01,3744.05,3744.05,3594.35,3707.6,3432.03,514227
2022-12-02,3707.0,3712.35,3640.8,3659.35,3387.37,349992
2022-12-05,3672.0,3672.0,3638.0,3659.9,3387.88,163476
2022-12-06,3652.0,3699.8,3642.1,3694.8,3420.19,251515
2022-12-07,3694.8,3708.55,3629.55,3634.65,3364.51,167024
2022-12-08,3635.05,3658.55,3618.0,3636.15,3365.9,141912
2022-12-09,3650.0,3669.3,3601.0,3616.95,3348.12,166035
2022-12-12,3616.95,3624.6,3573.55,3596.75,3329.42,171844
2022-12-13,3614.75,3642.0,3591.3,3636.75,3366.45,126272
2022-12-14,3650.0,3667.95,3641.0,3652.05,3380.61,132320
2022-12-15,3635.0,3656.0,3610.0,3619.3,3350.3,161541
2022-12-16,3613.75,3627.9,3539.0,3549.6,3285.78,228381
2022-12-19,3567.35,3636.35,3550.0,3629.75,3359.97,238078
2022-12-20,3634.0,3634.0,3581.4,3613.6,3345.02,152284
2022-12-21,3615.0,3657.15,3592.6,3611.05,3342.66,149348
2022-12-22,3629.15,3647.9,3581.55,3600.85,3333.22,158182
2022-12-23,3580.0,3600.0,3533.0,3541.8,3278.56,122024
2022-12-26,3542.0,3574.8,3524.05,3552.2,3288.18,140091
2022-12-27,3555.0,3600.0,3550.0,3590.95,3324.05,115917
2022-12-28,3580.0,3604.95,3550.0,3586.85,3320.26,229748
2022-12-29,3579.0,3600.0,3540.0,3568.8,3303.55,748244
2022-12-30,3580.0,3643.1,3567.65,3616.05,3347.29,287867
2023-01-02,3617.0,3620.0,3520.45,3573.95,3308.32,471328
2023-01-03,3562.5,3620.0,3562.5,3601.7,3334.01,218996
2023-01-04,3588.0,3602.55,3543.5,3552.85,3288.79,250071
2023-01-05,3568.0,3632.5,3558.35,3621.15,3352.01,294998
2023-01-06,3618.0,3648.0,3598.0,3642.25,3371.54,173591
2023-01-09,3660.5,3669.0,3606.0,3620.75,3351.64,200031
2023-01-10,3630.6,3636.0,3563.3,3574.2,3308.55,247609
2023-01-11,3585.0,3589.95,3531.05,3538.05,3275.09,308958
2023-01-12,3538.05,3580.0,3520.05,3570.3,3304.94,182941
2023-01-13,3580.0,3617.85,3555.15,3605.3,3337.34,180876
2023-01-16,3609.95,3620.95,3560.0,3583.15,3316.83,226147
2023-01-17,3590.0,3612.7,3568.15,3606.95,3338.87,106465
2023-01-18,3625.0,3638.75,3579.0,3609.9,3341.6,306275
2023-01-19,3599.95,3628.95,3572.0,3575.95,3310.17,226186
2023-01-20,3583.05,3586.6,3551.25,3572.75,3307.21,191361
2023-01-23,3583.5,3627.0,3571.0,3623.55,3354.23,173482
2023-01-24,3626.0,3696.1,3611.45,3686.5,3412.5,212778
2023-01-25,3689.0,3740.0,3673.7,3717.4,3441.11,375571
2023-01-27,3850.0,3995.0,3830.0,3936.75,3644.15,2375899
2023-01-30,3940.0,3948.95,3818.85,3841.15,3555.66,654472
2023-01-31,3878.0,3878.0,3801.0,3818.25,3534.46,359118
2023-02-01,3829.45,3886.4,3760.1,3811.3,3528.03,328212
2023-02-02,3799.0,3859.1,3740.0,3790.7,3508.96,309024
2023-02-03,3785.0,3858.0,3769.2,3852.55,3566.21,242350
2023-02-06,3846.55,3869.7,3804.1,3849.1,3563.02,205412
2023-02-07,3873.0,3895.0,3818.2,3879.45,3591.11,246673
2023-02-08,3898.85,3898.85,3835.5,3880.3,3591.9,309039
2023-02-09,3879.9,3890.5,3832.25,3845.75,3559.92,249061
2023-02-10,3845.0,3848.95,3800.1,3831.65,3546.86,170034
2023-02-13,3850.85,3912.6,3824.0,3883.5,3594.86,372862
2023-02-14,3894.95,3906.95,3862.55,3876.1,3588.01,251160
2023-02-15,3866.6,3911.9,3850.0,3905.4,3615.13,214072
2023-02-16,3910.0,3930.95,3892.0,3906.6,3616.24,166844
2023-02-17,3890.0,3920.0,3872.0,3894.3,3604.86,167844
2023-02-20,3894.95,3934.95,3893.35,3903.8,3613.65,169828
2023-02-21,3927.0,3927.0,3824.7,3837.1,3551.91,177954
2023-02-22,3837.1,3890.25,3814.95,3840.7,3555.24,477992
2023-02-23,3847.5,3872.75,3815.2,3831.9,3547.1,299446
2023-02-24,3833.55,3874.9,3833.55,3849.95,3563.8,263732
2023-02-27,3799.95,3799.95,3626.05,3639.85,3369.32,822866
2023-02-28,3647.0,3743.0,3625.6,3661.2,3389.08,723245
2023-03-01,3670.0,3748.35,3636.9,3731.65,3454.3,432887
2023-03-02,3731.05,3757.35,3680.0,3715.25,3439.12,276614
2023-03-03,3720.05,3748.0,3697.45,3732.0,3454.62,281411
2023-03-06,3721.7,3774.0,3718.15,3723.05,3446.34,186747
2023-03-08,3723.8,3817.8,3711.05,3811.2,3527.93,478922
2023-03-09,3811.2,3838.75,3801.0,3813.5,3530.06,295897
2023-03-10,3830.0,3845.4,3798.0,3821.9,3537.84,530973
2023-03-13,3822.95,3838.0,3768.3,3778.45,3497.62,247745
2023-03-14,3778.45,3794.45,3735.9,3752.9,3473.97,278919
2023-03-15,3774.9,3787.5,3720.55,3730.0,3452.77,317890
2023-03-16,3740.95,3811.0,3740.95,3800.2,3517.75,377544
2023-03-17,3817.8,3827.95,3792.05,3814.4,3530.9,396793
2023-03-20,3790.0,3834.95,3785.1,3805.0,3522.2,331370
2023-03-21,3806.5,3922.0,3796.75,3905.7,3615.41,803886
2023-03-22,3921.75,3945.5,3888.6,3923.95,3632.3,311063
2023-03-23,3902.5,3912.4,3853.05,3862.95,3575.84,256313
2023-03-24,3845.1,3882.9,3812.0,3827.9,3543.39,281359
2023-03-27,3834.95,3844.3,3800.0,3807.55,3524.56,198811
2023-03-28,3821.0,3833.8,3769.55,3791.6,3509.79,144400
2023-03-29,3810.5,3894.0,3800.15,3879.3,3590.97,429300
2023-03-31,3875.65,3907.85,3860.0,3884.75,3596.02,248433
2023-04-03,3904.8,3995.0,3888.2,3993.75,3696.92,497915
2023-04-05,3994.0,4026.95,3960.05,4023.15,3724.13,584697
2023-04-06,4028.0,4065.0,4020.05,4033.6,3733.8,321813
2023-04-10,4035.05,4072.0,4030.1,4061.6,3759.72,218632
2023-04-11,4080.0,4183.55,4070.55,4177.4,3866.92,685931
2023-04-12,4177.4,4307.35,4170.5,4286.0,3967.45,992142
2023-04-13,4270.0,4305.95,4260.05,4288.35,3969.62,371608
2023-04-17,4311.0,4311.0,4221.05,4254.35,3938.15,718984
2023-04-18,4254.25,4266.1,4175.05,4209.25,3896.4,235015
2023-04-19,4184.1,4296.9,4180.05,4265.8,3948.75,406755
2023-04-20,4265.0,4330.5,4252.05,4314.35,3993.69,409146
2023-04-21,4323.0,4337.0,4283.05,4308.3,3988.09,237639
2023-04-24,4308.3,4354.95,4282.7,4332.1,4010.12,279716
2023-04-25,4340.0,4375.0,4316.1,4342.55,4019.79,367525
2023-04-26,4345.0,4362.65,4281.0,4299.0,3979.48,964051
2023-04-27,4300.0,4422.55,4294.0,4408.2,4080.56,667011
2023-04-28,4397.35,4439.7,4390.05,4431.95,4102.55,457064
2023-05-02,4439.95,4506.5,4424.05,4498.0,4163.69,522701
2023-05-03,4484.5,4489.95,4435.0,4447.85,4117.27,351550
2023-05-04,4446.8,4470.0,4437.25,4457.7,4126.38,191019
2023-05-05,4463.1,4504.3,4427.4,4463.1,4131.38,180033
2023-05-08,4475.0,4558.0,4465.2,4549.25,4211.13,365732
2023-05-09,4572.85,4577.0,4519.65,4528.85,4192.25,329083
2023-05-10,4555.0,4576.5,4529.35,4555.95,4217.33,229527
2023-05-11,4594.0,4594.0,4535.1,4547.9,4209.88,293197
2023-05-12,4545.0,4628.85,4517.0,4538.9,4201.55,620213
2023-05-15,4569.0,4608.5,4542.05,4564.55,4225.29,534604
2023-05-16,4583.5,4595.0,4530.0,4538.35,4201.04,321308
2023-05-17,4550.0,4600.0,4509.0,4529.35,4192.71,346510
2023-05-18,4539.95,4572.45,4513.25,4518.65,4182.8,194233
2023-05-19,4534.0,4550.15,4464.05,4483.2,4149.99,398571
2023-05-22,4494.95,4566.65,4494.95,4523.25,4187.06,368479
2023-05-23,4534.95,4553.4,4491.1,4498.1,4163.78,239196
2023-05-24,4505.55,4552.2,4492.05,4517.6,4181.83,395343
2023-05-25,4505.65,4651.4,4504.6,4644.0,4298.84,1016606
2023-05-26,4612.35,4664.55,4605.3,4615.95,4272.87,484972
2023-05-29,4659.95,4663.15,4608.1,4618.5,4275.23,301343
2023-05-30,4615.1,4635.35,4586.7,4591.9,4250.61,229574
2023-05-31,4589.8,4628.95,4552.65,4567.15,4227.7,719613
2023-06-01,4587.0,4669.8,4567.25,4643.6,4298.47,698733
2023-06-02,4674.2,4707.0,4647.25,4669.1,4322.07,606833
2023-06-05,4688.0,4716.95,4669.0,4710.05,4359.98,234925
2023-06-06,4717.5,4744.95,4710.05,4726.25,4374.97,353149
2023-06-07,4736.95,4787.9,4736.95,4780.75,4425.42,239491
2023-06-08,4800.85,4829.9,4776.8,4800.65,4443.84,295499
2023-06-09,4800.65,4821.8,4735.0,4743.4,4390.85,208197
2023-06-12,4749.95,4790.0,4733.35,4769.65,4415.15,137778
2023-06-13,4770.0,4795.0,4746.45,4755.95,4402.47,247078
2023-06-14,4751.1,4768.45,4712.0,4730.2,4378.63,191238
2023-06-15,4741.9,4764.65,4702.5,4721.55,4370.62,178304
2023-06-16,4695.0,4714.75,4620.0,4641.95,4296.94,658995
2023-06-19,4645.0,4655.0,4586.65,4597.35,4255.65,193043
2023-06-20,4585.0,4670.0,4569.05,4662.0,4315.5,453523
2023-06-21,4678.0,4703.65,4637.0,4650.15,4304.53,274821
2023-06-22,4664.05,4669.0,4601.6,4612.1,4269.31,180102
2023-06-23,4613.1,4655.0,4605.4,4622.6,4279.03,348409
2023-06-26,4624.75,4657.95,4600.55,4606.9,4264.49,298624
2023-06-27,4633.9,4678.65,4610.0,4618.05,4274.82,444793
2023-06-28,4630.0,4740.0,4620.1,4716.3,4365.76,769406
2023-06-30,4636.0,4735.0,4635.0,4691.55,4475.71,587936
2023-07-03,4685.2,4688.0,4588.05,4610.65,4398.53,457367
2023-07-04,4611.95,4674.8,4611.95,4625.4,4412.6,286373
2023-07-05,4647.95,4900.0,4633.0,4890.05,4665.08,891033
2023-07-06,4890.0,4938.0,4832.0,4917.7,4691.46,888595
2023-07-07,4875.5,4913.15,4820.55,4834.0,4611.61,405959
2023-07-10,4849.0,4951.0,4845.05,4897.95,4672.62,659388
2023-07-11,4938.5,4954.45,4905.0,4917.65,4691.41,400593
2023-07-12,4929.0,4947.5,4867.0,4878.45,4654.01,295827
2023-07-13,4921.0,4990.0,4849.85,4866.45,4642.56,501038
2023-07-14,4894.95,4906.3,4850.0,4859.6,4636.03,419873
2023-07-17,4883.95,4906.4,4821.1,4833.15,4610.8,250127
2023-07-18,4845.55,4995.1,4830.0,4860.6,4636.98,270028
2023-07-19,4881.0,4909.15,4818.2,4823.65,4601.73,247325
2023-07-20,4828.0,4889.0,4782.05,4868.7,4644.71,450566
2023-07-21,4842.1,4879.4,4835.25,4862.7,4638.99,367833
2023-07-24,4862.0,4919.0,4851.15,4882.75,4658.11,288534
2023-07-25,4884.5,4909.9,4777.35,4848.95,4625.87,743269
2023-07-26,4890.0,4903.5,4840.95,4870.45,4646.38,387130
2023-07-27,4899.0,4908.0,4824.3,4851.0,4627.83,321326
2023-07-28,4855.0,4900.0,4829.65,4892.5,4667.42,255158
2023-07-31,4895.5,4938.4,4866.05,4931.4,4704.53,325463
2023-08-01,4941.75,4978.65,4899.15,4923.95,4697.42,391794
2023-08-02,4913.4,4937.95,4821.25,4832.1,4609.8,249850
2023-08-03,4837.0,4913.65,4806.0,4826.3,4604.26,418377
2023-08-04,4830.0,4864.2,4700.0,4712.0,4495.22,451353
2023-08-07,4743.55,4743.55,4665.0,4670.1,4455.25,436583
2023-08-08,4670.1,4698.0,4637.1,4650.15,4436.22,487053
2023-08-09,4650.5,4689.8,4616.1,4666.55,4451.86,282034
2023-08-10,4670.0,4708.4,4628.8,4636.6,4423.29,330123
2023-08-11,4636.6,4650.0,4581.6,4599.05,4387.47,274197
2023-08-14,4576.0,4633.7,4541.0,4616.7,4404.31,154258
2023-08-16,4577.0,4615.0,4559.75,4600.6,4388.95,188763
2023-08-17,4576.05,4668.45,4576.05,4657.85,4443.56,311184
2023-08-18,4649.55,4649.55,4595.3,4615.55,4403.21,243546
2023-08-21,4603.0,4629.95,4592.8,4610.85,4398.72,118491
2023-08-22,4617.95,4636.55,4601.65,4628.4,4415.47,96290
2023-08-23,4640.0,4666.35,4619.0,4660.75,4446.33,263771
2023-08-24,4689.0,4727.1,4574.45,4630.15,4417.14,433867
2023-08-25,4624.0,4646.9,4569.75,4584.05,4373.16,293384
2023-08-28,4586.5,4620.0,4586.0,4600.45,4388.8,283469
2023-08-29,4615.0,4671.0,4605.05,4664.55,4449.95,320941
2023-08-30,4688.95,4720.8,4661.6,4675.0,4459.92,370694
2023-08-31,4675.0,4703.05,4602.2,4613.8,4401.54,479472
2023-09-01,4622.4,4699.0,4619.0,4668.45,4453.67,456071
2023-09-04,4683.0,4689.4,4622.4,4637.15,4423.81,328037
2023-09-05,4639.0,4735.0,4635.35,4701.6,4485.3,353620
2023-09-06,4701.5,4710.0,4666.7,4683.8,4468.32,224928
2023-09-07,4679.0,4725.0,4655.0,4717.2,4500.18,319934
2023-09-08,4717.2,4784.6,4702.7,4759.55,4540.58,209769
2023-09-11,4779.0,4810.0,4763.0,4806.4,4585.28,151600
2023-09-12,4843.95,4849.85,4762.6,4820.6,4598.82,305478
2023-09-13,4820.0,4843.0,4800.25,4808.3,4587.09,207142
2023-09-14,4814.95,4858.0,4787.55,4844.5,4621.62,249498
2023-09-15,4894.9,5149.0,4893.0,5130.5,4894.47,1689829
2023-09-18,5124.0,5274.9,5094.25,5176.65,4938.49,804973
2023-09-20,5176.0,5263.35,5166.1,5182.95,4944.5,622924
2023-09-21,5168.0,5185.55,5073.1,5085.2,4851.25,640829
2023-09-22,5051.0,5084.15,4996.2,5001.05,4770.97,498375
2023-09-25,5000.0,5060.15,4992.85,5005.45,4775.17,539731
2023-09-26,5011.0,5102.95,5000.15,5069.2,4835.99,450923
2023-09-27,5065.2,5067.55,5018.0,5032.95,4801.4,257406
2023-09-28,5047.8,5128.85,4980.15,5006.6,4776.27,580065
2023-09-29,5029.0,5082.5,5004.9,5063.7,4830.74,248079
2023-10-03,5065.0,5073.0,4997.1,5016.45,4785.66,464531
2023-10-04,5011.25,5019.2,4903.05,4918.6,4692.32,256544
2023-10-05,4935.0,5039.3,4925.1,5011.05,4780.51,657876
2023-10-06,5120.0,5120.0,4997.5,5014.6,4783.9,279352
2023-10-09,4957.05,5068.7,4957.05,5007.3,4776.94,244083
2023-10-10,5007.3,5064.0,5002.2,5037.5,4805.75,307502
2023-10-11,5055.0,5095.0,5050.0,5064.4,4831.41,575680
2023-10-12,5085.0,5151.0,5051.1,5106.6,4871.67,472168
2023-10-13,5089.95,5123.45,5040.0,5052.4,4819.96,387366
2023-10-16,5035.0,5099.4,5032.0,5076.7,4843.14,158560
2023-10-17,5083.0,5150.0,5070.0,5141.25,4904.72,318565
2023-10-18,5150.0,5198.75,5125.65,5137.35,4901.0,360985
2023-10-19,5300.0,5495.0,5245.0,5482.6,5230.37,2838352
2023-10-20,5450.0,5510.0,5436.9,5489.3,5236.76,763919
2023-10-23,5453.05,5493.4,5395.05,5405.4,5156.72,451167
2023-10-25,5385.0,5423.95,5332.3,5347.3,5101.29,620266
2023-10-26,5333.85,5347.45,5236.0,5259.35,5017.39,746266
2023-10-27,5265.0,5423.7,5265.0,5373.55,5126.33,843465
2023-10-30,5388.0,5397.75,5275.0,5308.9,5064.66,360967
2023-10-31,5340.0,5366.15,5292.6,5314.05,5069.57,400987
2023-11-01,5305.0,5449.5,5305.0,5344.35,5098.48,619765
2023-11-02,5383.9,5392.85,5285.0,5318.4,5073.72,304362
2023-11-03,5357.0,5377.05,5316.6,5368.95,5121.95,448715
2023-11-06,5380.0,5427.5,5377.1,5406.85,5158.1,394137
2023-11-07,5406.85,5445.0,5405.3,5419.0,5169.69,202689
2023-11-08,5434.0,5435.25,5381.25,5397.6,5149.28,202145
2023-11-09,5421.8,5455.0,5382.15,5418.9,5169.6,232773
2023-11-10,5409.95,5427.05,5349.05,5392.05,5143.98,149325
2023-11-13,5435.0,5439.8,5395.55,5425.2,5175.61,93497
2023-11-15,5525.0,5555.0,5461.1,5536.7,5281.98,640468
2023-11-16,5520.0,5583.3,5496.95,5550.9,5295.53,324712
2023-11-17,5556.9,5674.95,5479.35,5631.5,5372.42,531539
2023-11-20,5610.05,5675.95,5606.0,5650.15,5390.21,679425
2023-11-21,5640.5,5707.35,5640.0,5685.95,5424.36,746193
2023-11-22,5680.0,5764.9,5661.3,5751.55,5486.94,497403
2023-11-23,5800.0,5945.0,5783.1,5925.25,5652.65,1118718
2023-11-24,5940.0,5960.0,5900.0,5930.3,5657.47,297211
2023-11-28,5969.8,6039.65,5912.0,5998.15,5722.2,380535
2023-11-29,6010.0,6096.4,5973.3,6069.95,5790.7,406974
2023-11-30,6095.0,6128.9,6031.0,6090.55,5810.35,501833
2023-12-01,6050.0,6090.0,6003.3,6046.05,5767.9,439023
2023-12-04,6090.55,6217.7,6087.45,6201.7,5916.39,359158
2023-12-05,6194.05,6194.05,6111.1,6140.1,5857.62,565826
2023-12-06,6089.05,6096.0,5987.85,6069.95,5790.7,699201
2023-12-07,6069.95,6154.45,6063.1,6093.6,5813.26,427407
2023-12-08,6115.0,6120.0,6048.05,6075.7,5796.18,233266
2023-12-11,6085.0,6145.0,6018.3,6138.4,5856.0,175955
2023-12-12,6164.0,6299.95,6149.95,6254.2,5966.47,810900
2023-12-13,6259.9,6329.0,6224.35,6316.1,6025.52,373989
2023-12-14,6325.0,6360.0,6284.2,6334.85,6043.41,419212
2023-12-15,6368.95,6402.1,6256.15,6275.2,5986.5,553522
2023-12-18,6275.2,6486.75,6262.15,6465.7,6168.24,851061
2023-12-19,6470.0,6470.25,6395.9,6419.0,6123.69,377109
2023-12-20,6434.0,6466.0,6350.0,6364.45,6071.65,385863
2023-12-21,6333.2,6345.0,6232.0,6246.35,5958.98,397717
2023-12-22,6288.0,6395.0,6264.25,6372.1,6078.95,237213
2023-12-26,6379.85,6475.0,6370.05,6464.55,6167.14,302139
2023-12-27,6470.0,6740.25,6465.2,6709.65,6400.97,1017894
2023-12-28,6709.65,6738.65,6666.0,6703.3,6394.91,406228
2023-12-29,6729.95,6833.95,6666.0,6797.25,6484.54,345626
2024-01-01,6770.0,6795.5,6682.05,6701.1,6392.81,253274
2024-01-02,6711.0,6736.8,6560.95,6665.05,6358.42,361379
2024-01-03,6644.05,7059.85,6604.0,6986.5,6665.08,1256275
2024-01-04,7025.0,7028.95,6887.0,6922.15,6603.69,619987
2024-01-05,6950.0,7084.0,6920.5,6978.5,6657.45,659306
2024-01-08,7018.95,7049.85,6961.5,6983.85,6662.55,312733
2024-01-09,7341.0,7399.0,7075.9,7093.9,6767.54,2125908
2024-01-10,7125.0,7139.95,7020.0,7053.75,6729.24,721432
2024-01-11,7090.0,7324.9,7075.0,7298.85,6963.06,1031594
2024-01-12,7360.0,7360.95,7252.0,7301.95,6966.02,434753
2024-01-15,7301.95,7301.95,7301.95,7301.95,6966.02,0
2024-01-16,7339.0,7356.15,7244.0,7293.95,6958.39,272181
2024-01-17,7112.0,7210.0,7081.0,7165.95,6836.27,619338
2024-01-18,7148.0,7189.25,7071.15,7083.6,6757.71,557084
2024-01-19,7138.8,7180.0,7105.0,7136.55,6808.23,327976
2024-01-23,7075.0,7210.0,6936.55,7095.9,6769.45,953921
2024-01-24,7075.1,7237.0,7028.2,7212.85,6881.02,467134
2024-01-25,7360.0,7625.15,7210.0,7597.5,7247.97,2065788
2024-01-29,7594.0,7640.0,7480.0,7548.8,7201.51,457853
2024-01-30,7574.9,7660.0,7543.65,7566.4,7218.3,266287
2024-01-31,7566.4,7686.0,7515.1,7667.55,7314.8,336874
2024-02-01,7680.0,7765.0,7636.35,7655.75,7303.54,394564
2024-02-02,7675.0,7797.5,7665.6,7738.2,7382.2,197720
2024-02-05,7800.0,7838.0,7633.5,7658.25,7305.93,252401
2024-02-06,7675.0,7747.7,7670.6,7720.4,7365.22,131992
2024-02-07,7745.0,7777.8,7665.6,7701.9,7347.57,159783
2024-02-08,7729.0,7783.45,7668.15,7757.25,7400.37,282537
2024-02-09,7778.8,7790.5,7669.0,7784.85,7426.7,173555
2024-02-12,7775.0,7874.2,7766.05,7829.95,7469.73,219911
2024-02-13,7830.0,7935.15,7811.95,7917.4,7553.15,258767
2024-02-14,7899.0,8136.85,7880.0,8083.3,7711.42,513900
2024-02-15,8120.6,8156.85,8045.3,8123.05,7749.34,394525
2024-02-16,8185.85,8455.45,8137.1,8325.05,7942.05,938756
2024-02-19,8400.0,8650.0,8361.1,8509.7,8118.2,1044959
2024-02-20,8505.0,8505.0,8238.7,8295.2,7913.57,547082
2024-02-21,8300.0,8376.85,8205.0,8232.25,7853.52,439817
2024-02-22,8260.0,8550.0,8220.0,8498.45,8107.47,548486
2024-02-23,8497.5,8531.0,8401.05,8436.95,8048.8,340749
2024-02-26,8458.8,8547.95,8375.0,8448.0,8059.34,345968
2024-02-27,8460.0,8490.0,8383.5,8463.5,8074.13,392445
2024-02-28,8470.0,8486.65,8071.85,8188.65,7811.92,537728
2024-02-29,7997.4,8143.5,7890.0,7909.35,7545.47,1042536
2024-03-01,7955.0,8094.0,7945.3,8040.05,7670.16,399007
2024-03-04,8068.75,8225.0,8046.65,8207.3,7829.72,410053
2024-03-05,8160.05,8388.0,8160.05,8351.75,7967.52,615117
2024-03-06,8369.7,8681.15,8364.0,8605.8,8209.88,959543
2024-03-07,8638.0,8972.85,8500.05,8879.05,8470.56,1243547
2024-03-11,9023.45,9025.0,8630.0,8659.4,8261.02,631957
2024-03-12,8636.95,8699.95,8475.25,8527.7,8135.38,324864
2024-03-13,8527.7,8617.2,8296.95,8384.9,7999.15,430048
2024-03-14,8330.5,8400.0,8202.05,8383.55,7997.86,392634
2024-03-15,8384.8,8432.1,8110.0,8350.7,7966.52,676870
2024-03-18,8343.0,8547.15,8294.2,8521.8,8129.75,367524
2024-03-19,8500.0,8687.9,8442.55,8640.2,8242.7,673456
2024-03-20,8640.0,8784.0,8562.0,8635.6,8238.31,790885
2024-03-21,8608.2,8770.0,8585.0,8750.6,8348.02,720691
2024-03-22,8700.05,9050.0,8682.0,8945.25,8533.72,851210
2024-03-26,8945.25,9020.0,8851.05,8960.55,8548.31,534067
2024-03-27,8959.0,9287.8,8926.7,9162.5,8740.97,1034030
2024-03-28,9162.5,9243.6,8980.05,9148.15,8727.28,847202
2024-04-01,9194.8,9211.6,9013.1,9042.15,8626.16,419820
2024-04-02,9150.0,9357.95,9139.5,9276.1,8849.34,803845
2024-04-03,9248.95,9248.95,9065.2,9080.45,8662.7,453210
2024-04-04,9139.0,9181.75,8988.05,9146.15,8725.37,617929
2024-04-05,9130.0,9130.0,9000.5,9009.5,8595.01,356305
2024-04-08,9049.0,9090.0,8951.3,9030.5,8615.04,376197
2024-04-09,9090.0,9132.7,8936.4,8978.9,8565.82,237944
2024-04-10,9034.8,9049.8,8901.35,9005.55,8591.24,319824
2024-04-12,8949.05,9119.0,8930.0,9064.85,8647.81,480474
2024-04-15,9059.1,9177.7,8945.0,8997.05,8583.13,386707
2024-04-16,8948.0,9029.45,8784.1,8919.15,8508.82,487529
2024-04-18,8967.9,9129.0,8950.0,9021.3,8606.27,819240
2024-04-19,9075.05,9090.0,8700.05,8804.5,8399.44,1385007
2024-04-22,8884.0,8884.0,8745.0,8795.75,8391.09,323734
2024-04-23,8845.0,8861.5,8761.0,8795.8,8391.14,295346
2024-04-24,8819.9,8869.0,8680.0,8697.1,8296.98,319824
2024-04-25,8697.0,8770.0,8641.4,8734.9,8333.04,524667
2024-04-26,8747.3,8994.95,8734.55,8974.3,8561.43,521344
2024-04-29,8974.3,8989.8,8729.0,8760.1,8357.08,299443
2024-04-30,8799.4,8966.0,8795.0,8903.65,8494.03,360403
2024-05-02,8944.0,9146.45,8826.1,9110.65,8691.51,638239
2024-05-03,9170.0,9258.6,9064.35,9105.6,8686.69,396042
2024-05-06,9120.0,9185.75,8810.55,9052.55,8636.08,458431
2024-05-07,9055.15,9074.95,8642.55,8677.9,8278.67,588285
2024-05-08,8651.0,8785.35,8592.8,8749.4,8346.88,451581
2024-05-09,8800.0,9007.45,8786.35,8846.85,8439.84,645689
2024-05-10,8950.0,9047.95,8906.5,8981.8,8568.58,482797
2024-05-13,9022.9,9025.0,8870.5,8992.3,8578.6,435605
2024-05-14,8952.25,9089.0,8882.75,9065.25,8648.2,408162
2024-05-15,9069.0,9125.0,8877.35,8903.15,8493.55,274392
2024-05-16,8950.0,8955.55,8710.0,8871.85,8463.69,680474
2024-05-17,8891.0,8958.35,8765.5,8780.7,8376.74,323961
2024-05-21,8775.0,8860.0,8775.0,8820.7,8414.9,417798
2024-05-22,8850.0,8850.0,8736.0,8805.55,8400.44,302838
2024-05-23,8850.0,8985.0,8751.2,8963.45,8551.08,731514
2024-05-24,8980.0,9024.0,8870.1,8948.2,8536.53,455920
2024-05-27,9002.0,9069.45,8881.7,8998.7,8584.71,301747
2024-05-28,8998.7,9022.25,8916.2,8989.75,8576.17,259094
2024-05-29,8950.0,9139.45,8902.75,9070.2,8652.92,339934
2024-05-30,9068.0,9128.9,8927.6,8968.5,8555.9,305109
2024-05-31,8990.0,9125.5,8923.0,9084.75,8666.8,560005
2024-06-03,9180.0,9444.0,9122.55,9335.45,8905.97,438422
2024-06-04,9227.0,9372.85,8808.0,9246.75,8821.35,738601
2024-06-05,9241.0,9679.0,9176.0,9602.25,9160.49,489543
2024-06-06,9595.3,9740.0,9454.0,9701.45,9255.13,570095
2024-06-07,9643.6,9740.1,9615.0,9725.55,9278.12,246783
2024-06-10,9779.0,9924.0,9681.5,9733.05,9285.27,201452
2024-06-11,9740.0,9900.0,9700.1,9812.7,9361.26,457442
2024-06-12,9854.0,9944.0,9795.7,9904.25,9448.6,277175
2024-06-13,9904.0,9940.0,9825.25,9923.4,9466.87,277783
2024-06-14,9826.0,9995.0,9813.05,9961.75,9580.69,320933
2024-06-18,9922.0,10038.8,9908.0,9918.2,9538.8,206100
2024-06-19,9939.5,9948.0,9670.0,9685.8,9315.29,279789
2024-06-20,9692.0,9735.9,9565.0,9632.0,9263.55,324597
2024-06-21,9675.0,9728.95,9571.1,9602.25,9234.94,334018
2024-06-24,9580.0,9758.95,9510.55,9745.25,9372.47,283754
2024-06-25,9755.0,9825.0,9645.0,9659.95,9290.43,282048
2024-06-26,9659.9,9660.3,9441.5,9474.65,9112.22,431217
2024-06-27,9564.65,9564.65,9365.65,9417.45,9057.21,637626
2024-06-28,9465.0,9523.7,9382.25,9501.65,9138.19,237516
2024-07-01,9505.0,9693.95,9505.0,9532.4,9167.76,289355
2024-07-02,9520.0,9532.4,9381.1,9401.25,9041.63,287884
2024-07-03,9474.0,9554.95,9384.6,9422.4,9061.97,318120
2024-07-04,9479.9,9499.0,9420.35,9460.85,9098.95,234656
2024-07-05,9522.0,9660.0,9493.3,9635.8,9267.21,608628
2024-07-08,9640.0,9666.15,9470.0,9529.4,9164.88,316215
2024-07-09,9565.0,9565.0,9481.2,9534.1,9169.4,262913
2024-07-10,9550.0,9650.0,9451.95,9542.45,9177.43,239607
2024-07-11,9542.45,9569.5,9383.0,9466.8,9104.67,294900
2024-07-12,9499.95,9554.35,9412.0,9430.75,9070.0,171581
2024-07-15,9430.75,9738.5,9403.95,9673.35,9303.32,504086
2024-07-16,9715.0,9909.95,9633.65,9718.35,9346.6,1041123
2024-07-18,9745.0,9745.0,9291.5,9626.2,9257.97,1055384
2024-07-19,9635.0,9675.0,9340.0,9386.05,9027.01,380782
2024-07-22,9350.0,9435.0,9263.2,9409.7,9049.76,247040
2024-07-23,9435.0,9508.0,8744.6,9382.5,9023.6,431989
2024-07-24,9360.0,9372.7,9250.0,9260.2,8905.97,283213
2024-07-25,9260.0,9309.95,9171.0,9278.25,8923.33,262328
2024-07-26,9319.0,9505.0,9268.45,9492.9,9129.77,250956
2024-07-29,9549.2,9621.05,9509.0,9557.65,9192.05,302363
2024-07-30,9550.65,9654.0,9512.0,9564.35,9198.49,301885
2024-07-31,9600.0,9680.0,9580.05,9664.2,9294.52,315292
2024-08-01,9844.0,9844.0,9662.0,9730.5,9358.28,308658
2024-08-02,9714.8,9730.0,9581.75,9616.2,9248.36,230615
2024-08-05,9396.2,9520.0,9369.3,9485.05,9122.22,310757
2024-08-06,9515.25,9620.0,9400.0,9427.4,9066.78,246541
2024-08-07,9570.0,9725.0,9497.5,9708.2,9336.84,270583
2024-08-08,9735.0,9777.7,9610.15,9641.3,9272.5,365016
2024-08-09,9761.0,9775.0,9614.0,9765.95,9392.38,161640
2024-08-12,9741.0,9750.95,9615.0,9710.85,9339.39,307698
2024-08-13,9700.0,9789.85,9650.0,9671.6,9301.64,161706
2024-08-14,9704.0,9785.0,9671.6,9749.6,9376.65,282934
2024-08-16,9788.0,9925.0,9693.95,9888.15,9509.9,240190
2024-08-19,9926.95,9944.0,9759.3,9770.65,9396.9,148301
2024-08-20,9772.2,9876.65,9755.05,9779.7,9405.6,132844
2024-08-21,9779.1,9869.0,9735.0,9852.0,9475.14,134985
2024-08-22,9900.0,10011.0,9841.1,9914.2,9534.96,388874
2024-08-23,9970.0,10444.35,9930.0,10406.45,10008.38,1229549
2024-08-26,10375.1,10517.15,10339.65,10432.55,10033.48,309223
2024-08-27,10401.0,10568.45,10350.0,10501.6,10099.89,262396
2024-08-28,10500.0,10715.0,10461.3,10656.75,10249.1,338792
2024-08-29,10582.05,10850.0,10555.4,10807.85,10394.42,693506
2024-08-30,10835.0,10921.35,10705.0,10891.55,10474.92,498560
2024-09-02,10926.0,11154.1,10912.15,11126.1,10700.5,787108
2024-09-03,11105.95,11118.7,11015.0,11043.65,10621.2,217394
2024-09-04,11012.0,11029.85,10908.9,10963.7,10544.31,324246
2024-09-05,10964.0,11015.85,10825.55,10855.75,10440.49,297298
2024-09-06,10855.75,10913.95,10796.25,10830.1,10415.82,216847
2024-09-09,10830.1,10902.4,10780.0,10847.6,10432.65,193055
2024-09-10,10793.4,11035.7,10780.05,10987.75,10567.44,466892
2024-09-11,11067.75,11501.3,10986.6,11420.75,10983.88,1283385
2024-09-12,11480.75,11779.25,11443.35,11723.5,11275.05,1409151
2024-09-13,11723.5,11893.95,11688.4,11737.15,11288.17,417878
2024-09-16,11734.0,11751.8,11640.05,11688.35,11241.24,172602
2024-09-17,11680.0,11972.85,11643.1,11950.3,11493.17,444755
2024-09-18,11840.5,12054.0,11740.0,11764.65,11314.62,446416
2024-09-19,11811.2,12040.25,11811.2,11868.0,11414.02,500633
2024-09-20,11925.0,12015.0,11868.25,11941.7,11484.9,772831
2024-09-23,12000.0,12380.0,12000.0,12338.95,11866.96,735579
2024-09-24,12230.55,12477.5,12230.55,12443.65,11967.65,503848
2024-09-25,12390.0,12430.7,12310.0,12397.25,11923.03,262012
2024-09-26,12460.0,12676.5,12391.05,12621.65,12138.84,641805
2024-09-27,12621.65,12774.0,12551.6,12666.4,12181.88,480852
2024-09-30,12553.6,12651.15,12281.65,12345.95,11873.69,479000
2024-10-01,12414.25,12500.0,12112.1,12157.45,11692.4,670828
2024-10-03,11732.0,12018.85,11700.0,11806.45,11354.82,670365
2024-10-04,11661.2,11948.3,11639.0,11774.4,11324.0,650553
2024-10-07,11774.4,11817.0,11525.0,11617.05,11172.67,341323
2024-10-08,11585.0,11936.85,11562.2,11889.1,11434.31,359432
2024-10-09,11944.0,11988.8,11802.0,11818.1,11366.03,193883
2024-10-10,11821.5,12030.95,11803.1,11832.0,11379.4,251378
2024-10-11,11890.0,11930.65,11705.6,11876.95,11422.63,200855
2024-10-14,11928.8,11990.1,11861.6,11899.3,11444.12,177045
2024-10-15,11950.0,11950.0,11467.0,11521.5,11080.77,476945
2024-10-16,11537.9,11680.0,11381.15,11616.95,11172.57,504602
2024-10-17,11222.2,11287.35,10071.0,10119.45,9732.36,3668914
2024-10-18,10049.55,10149.1,9841.1,10063.95,9678.98,1543331
2024-10-21,10063.0,10829.85,9881.4,10500.5,10098.83,2110278
2024-10-22,10500.5,10614.95,10320.0,10368.35,9971.74,1191148
2024-10-23,10368.0,10735.1,10342.45,10586.75,10181.78,1323887
2024-10-24,10504.0,10593.45,10210.0,10302.5,9908.4,653421
2024-10-25,10300.0,10368.2,9925.0,10206.1,9815.69,644769
2024-10-28,10206.1,10292.75,9985.0,10011.25,9628.29,340768
2024-10-29,10073.95,10073.95,9640.0,9850.85,9474.03,1100706
2024-10-30,9820.0,10057.75,9770.0,9940.65,9560.4,604822
2024-10-31,9940.0,10030.9,9805.0,9836.3,9460.04,361801
2024-11-01,9905.0,9950.0,9838.8,9875.95,9498.17,53757
2024-11-04,9896.5,9896.5,9365.0,9525.55,9161.17,1125992
2024-11-05,9530.0,10007.3,9500.2,9874.85,9497.11,1019901
2024-11-06,9883.4,10054.0,9848.8,10020.5,9637.19,514045
2024-11-07,10070.6,10079.8,9789.95,9856.65,9479.61,473407
2024-11-08,9856.65,9991.05,9777.25,9910.4,9531.3,273163
2024-11-11,9850.05,10032.9,9800.0,9919.35,9539.91,359768
2024-11-12,9900.0,9999.0,9662.0,9678.7,9308.47,316606
2024-11-13,9678.7,9710.0,9416.1,9452.15,9090.58,494123
2024-11-14,9410.0,9516.95,9400.0,9482.95,9120.2,275791
2024-11-18,9459.05,9603.0,9435.85,9516.5,9152.47,292519
2024-11-19,9560.0,9698.6,9500.45,9545.7,9180.55,365397
2024-11-21,9473.5,9554.0,9414.35,9505.0,9141.41,282212
2024-11-22,9545.0,9602.9,9444.1,9481.65,9118.95,619823
2024-11-25,9560.0,9636.35,9392.0,9420.95,9060.58,1090141
2024-11-26,9465.0,9484.0,9120.1,9137.45,8787.92,750430
2024-11-27,9175.0,9256.95,9103.0,9190.35,8838.8,461513
2024-11-28,9165.1,9272.4,8992.25,9013.5,8668.71,687966
2024-11-29,9059.1,9090.9,8993.0,9033.65,8688.09,423101
2024-12-02,9078.8,9175.0,9056.95,9130.35,8781.09,298320
2024-12-03,9105.0,9225.05,9105.0,9161.8,8811.34,398985
2024-12-04,9161.8,9240.0,8951.0,8999.15,8654.91,456462
2024-12-05,9044.15,9044.15,8746.5,8891.95,8551.81,1803653
2024-12-06,8953.9,9148.95,8930.1,9099.9,8751.81,746013
2024-12-09,9096.0,9171.0,9026.4,9077.45,8730.21,304202
2024-12-10,9075.1,9094.9,8980.0,9013.3,8668.52,393944
2024-12-11,9045.05,9108.4,9013.65,9069.85,8722.91,254311
2024-12-12,9095.0,9095.0,8944.0,8963.25,8620.38,599056
2024-12-13,8964.15,9051.0,8903.75,9021.4,8676.31,243931
2024-12-16,9064.0,9078.75,8970.0,8998.35,8654.14,228470
2024-12-17,8989.8,8990.0,8851.4,8895.0,8554.74,456493
2024-12-18,8825.0,9006.25,8800.0,8956.75,8614.13,303382
2024-12-19,8823.0,9003.0,8762.55,8982.65,8639.04,516640
2024-12-20,8950.0,9066.75,8759.4,8787.25,8451.12,316335
2024-12-23,8849.95,8874.95,8719.9,8768.45,8433.04,514460
2024-12-24,8745.0,8854.0,8731.0,8778.05,8442.27,297827
2024-12-26,8810.0,8898.65,8797.6,8878.5,8538.88,240675
2024-12-27,8896.25,9179.15,8896.25,8928.3,8586.77,713799
2024-12-30,8928.0,8962.45,8737.55,8779.9,8444.05,1065253
2024-12-31,8770.0,8839.75,8740.15,8798.6,8462.03,294554
2025-01-01,8754.05,8767.0,8551.0,8740.55,8406.2,558535
2025-01-02,8740.5,9107.3,8677.55,9079.5,8732.19,734590
2025-01-03,9100.0,9109.95,8945.0,8965.7,8622.74,337802
2025-01-06,9004.95,9093.9,8795.0,8823.85,8486.32,238306
2025-01-07,8870.0,8887.95,8735.1,8810.3,8473.28,270785
2025-01-08,8776.0,8830.95,8612.0,8642.25,8311.66,415288
2025-01-09,8719.95,8898.0,8692.1,8835.85,8497.86,612457
2025-01-10,8832.45,8855.0,8642.1,8764.0,8428.76,350859
2025-01-13,8704.5,8749.9,8551.0,8596.25,8267.42,341577
2025-01-14,8620.0,8698.0,8525.0,8611.2,8281.8,355464
2025-01-15,8623.9,8799.0,8561.3,8578.0,8249.87,347402
2025-01-16,8621.0,8639.9,8549.7,8581.95,8253.67,290855
2025-01-17,8565.85,8666.6,8531.3,8581.4,8253.14,183057
2025-01-20,8600.0,8609.6,8462.7,8544.4,8217.56,294136
2025-01-21,8582.45,8608.8,8412.1,8468.55,8144.61,343149
2025-01-22,8480.8,8534.95,8395.0,8460.85,8137.2,344305
2025-01-23,8439.15,8502.2,8375.65,8399.95,8078.63,347894
2025-01-24,8414.4,8489.95,8360.0,8401.5,8080.12,232317
2025-01-27,8378.05,8418.95,8290.35,8384.6,8063.87,324406
2025-01-28,8426.45,8489.0,8361.35,8398.4,8077.14,651069
2025-01-29,8420.15,8807.0,8420.15,8625.85,8295.89,802600
2025-01-30,8659.95,8824.3,8602.5,8747.8,8413.17,322587
2025-01-31,8800.0,8959.9,8744.05,8847.8,8509.35,315913
2025-02-01,8887.9,9178.0,8806.3,9155.6,8805.38,418755
2025-02-03,9150.0,9150.0,8886.55,8926.55,8585.09,667412
2025-02-04,8950.0,9059.65,8877.6,8911.4,8570.52,440468
2025-02-05,8930.0,8968.0,8895.0,8927.8,8586.29,329075
2025-02-06,8922.0,8961.65,8811.0,8846.35,8507.95,580590
2025-02-07,8890.55,9026.0,8851.05,8989.4,8645.53,244178
2025-02-10,8989.4,9069.8,8845.85,8880.55,8540.85,192650
2025-02-11,8830.0,8877.45,8732.55,8762.0,8426.83,282926
2025-02-12,8732.0,8819.4,8647.0,8711.6,8378.36,411042
2025-02-13,8715.05,8777.05,8651.45,8691.35,8358.88,206920
2025-02-14,8700.0,8722.7,8419.9,8506.5,8181.1,369356
2025-02-17,8494.0,8552.05,8382.65,8537.15,8210.58,224417
2025-02-18,8510.1,8550.0,8390.45,8446.6,8123.5,206278
2025-02-19,8440.05,8527.7,8405.05,8479.5,8155.14,200819
2025-02-20,8459.95,8640.0,8459.9,8630.2,8300.07,188845
2025-02-21,8550.0,8614.0,8450.0,8506.05,8180.67,222132
2025-02-24,8450.5,8488.45,8341.6,8446.95,8123.83,275998
2025-02-25,8450.0,8468.1,8365.05,8417.9,8095.9,237383
2025-02-27,8360.1,8413.95,8183.4,8232.35,7917.44,350992
2025-02-28,8234.75,8234.75,7886.3,7902.9,7600.59,580155
2025-03-03,7934.95,7998.3,7679.6,7714.8,7419.69,497052
2025-03-04,7652.1,7680.0,7317.05,7333.3,7052.78,1078953
2025-03-05,7332.2,7443.3,7301.0,7420.3,7136.46,749464
2025-03-06,7481.0,7500.0,7376.95,7462.25,7176.8,917093
2025-03-07,7462.25,7624.0,7451.1,7574.75,7285.0,942308
2025-03-10,7573.0,7573.0,7352.0,7383.4,7100.97,495241
2025-03-11,7355.5,7515.95,7328.0,7499.95,7213.06,412703
2025-03-12,7499.95,7569.0,7429.85,7515.05,7227.58,529286
2025-03-13,7545.25,7545.25,7415.0,7504.7,7217.63,454776
2025-03-17,7500.0,7611.0,7433.0,7486.05,7199.69,286383
2025-03-18,7486.05,7486.05,7486.05,7486.05,7199.69,0
2025-03-19,7674.0,7767.65,7619.25,7721.85,7426.47,409356
2025-03-20,7734.95,7951.95,7722.0,7920.0,7617.04,606109
2025-03-21,7969.0,8151.0,7938.0,8067.85,7759.23,703280
2025-03-24,8117.8,8213.95,8070.0,8125.55,7814.73,453508
2025-03-25,8160.0,8167.95,7952.0,8006.0,7699.75,824076
2025-03-26,8014.35,8047.45,7910.0,7977.1,7671.96,391366
2025-03-27,7901.0,8039.1,7852.25,7974.3,7669.26,651971
2025-03-28,7970.4,8024.9,7810.75,7878.85,7577.46,392400
2025-04-01,7631.0,8048.0,7631.0,7993.05,7687.3,283618
2025-04-02,7962.0,8083.8,7945.0,8072.95,7764.14,237191
2025-04-03,7940.05,7940.05,7840.0,7912.2,7609.54,470005
2025-04-04,7880.0,7889.85,7652.25,7685.1,7391.13,461228
2025-04-07,7300.0,7357.55,7089.35,7306.8,7027.3,469629
2025-04-08,7384.5,7529.85,7345.75,7498.05,7211.23,259199
2025-04-09,7525.45,7631.3,7460.5,7572.3,7282.64,261256
2025-04-11,7719.5,7779.95,7636.35,7768.85,7471.67,290737
2025-04-15,8000.0,8040.0,7828.5,7995.5,7689.65,387999
2025-04-16,7999.0,7999.5,7864.5,7961.5,7656.95,294161
2025-04-17,7994.0,8055.0,7864.5,8018.0,7711.29,274331
2025-04-21,8010.0,8275.0,7950.0,8247.5,7932.01,285132
2025-04-22,8186.0,8186.5,8075.0,8141.0,7829.59,394636
2025-04-23,8111.0,8294.5,8051.0,8261.5,7945.48,598686
2025-04-24,8260.0,8328.0,8169.0,8201.5,7887.77,322100
2025-04-25,8225.0,8259.5,7965.0,8034.0,7726.68,508224
2025-04-28,8034.0,8134.5,7971.0,8096.0,7786.31,282481
2025-04-29,8136.5,8169.5,8020.0,8078.5,7769.48,228383
2025-04-30,8060.0,8077.5,7977.5,8030.0,7722.83,447067
2025-05-02,8000.0,8086.0,7803.0,7820.5,7521.35,379515
2025-05-05,7869.5,7964.5,7850.0,7920.5,7617.52,250175
2025-05-06,7930.0,8044.0,7910.0,7945.5,7641.56,270568
2025-05-07,7915.5,7978.0,7811.5,7849.0,7548.76,459640
2025-05-08,7850.5,7869.5,7670.0,7724.5,7429.02,461725
2025-05-09,7620.0,7743.5,7612.0,7682.5,7388.63,248982
2025-05-12,7800.0,8048.5,7778.0,8039.5,7731.97,296774
2025-05-13,8039.5,8109.0,7950.0,8063.0,7754.57,407395
2025-05-14,8090.0,8208.0,8032.0,8102.5,7792.56,225717
2025-05-15,8135.0,8366.0,8077.0,8326.0,8007.51,497959
2025-05-16,8350.0,8495.0,8280.0,8482.5,8158.02,483122
2025-05-19,8500.0,8861.5,8492.0,8851.0,8512.43,858221
2025-05-20,8850.0,8850.0,8526.5,8565.0,8237.37,449936
2025-05-21,8608.0,8765.0,8535.5,8687.5,8355.18,572628
2025-05-22,8660.0,8775.5,8512.5,8733.5,8399.42,916615
2025-05-23,8765.0,8838.0,8714.0,8741.0,8406.64,321989
2025-05-26,8784.5,8978.5,8770.0,8958.5,8615.82,440577
2025-05-27,8945.0,9004.5,8900.5,8963.0,8620.14,401273
2025-05-28,8990.0,9007.0,8775.0,8849.0,8510.5,312080
2025-05-29,8907.0,8940.0,8802.0,8874.5,8535.03,330341
2025-05-30,8787.0,8865.0,8585.0,8607.0,8277.76,1434828
2025-06-02,8621.5,8621.5,8415.0,8513.5,8187.84,457251
2025-06-03,8513.0,8600.0,8490.0,8563.0,8235.44,566074
2025-06-04,8550.5,8640.5,8527.0,8563.5,8235.93,431009
2025-06-05,8614.0,8614.0,8509.5,8557.5,8230.15,381642
2025-06-06,8608.0,8685.0,8541.0,8637.0,8306.61,435024
2025-06-09,8680.0,8705.0,8599.5,8641.0,8310.46,443544
2025-06-10,8645.0,8664.0,8574.0,8626.0,8296.03,350288
2025-06-11,8635.5,8770.0,8610.0,8719.0,8385.48,462124
2025-06-12,8732.5,8756.0,8540.0,8567.0,8239.29,368162
2025-06-13,8460.0,8485.5,8350.0,8463.5,8139.75,250910
2025-06-16,8486.5,8595.0,8451.0,8529.5,8203.23,203598
2025-06-17,8490.0,8554.0,8455.0,8494.5,8169.56,286217
2025-06-18,8505.0,8657.5,8440.5,8468.0,8144.08,561114
2025-06-19,8480.0,8555.0,8451.5,8496.0,8171.01,332303
2025-06-20,8315.0,8403.0,8250.0,8371.0,8254.83,567646
2025-06-23,8275.0,8328.5,8255.0,8286.5,8171.5,271619
2025-06-24,8363.0,8424.5,8331.5,8377.0,8260.74,214129
2025-06-25,8407.0,8437.0,8371.0,8389.5,8273.07,276176
2025-06-26,8370.0,8465.0,8361.0,8433.0,8315.97,371685
2025-06-27,8468.0,8507.0,8414.0,8436.0,8318.93,504248
2025-06-30,8470.0,8496.0,8360.0,8376.0,8259.76,303799
2025-07-01,8370.0,8409.0,8300.0,8399.0,8282.44,363782
2025-07-02,8350.0,8409.5,8314.5,8356.5,8240.53,267604
2025-07-03,8378.0,8464.5,8350.0,8382.5,8266.17,175619
2025-07-04,8382.0,8450.0,8364.5,8433.0,8315.97,183720
2025-07-07,8433.0,8484.0,8404.0,8463.5,8346.04,123117
2025-07-08,8463.0,8474.0,8291.0,8339.5,8223.76,253579
2025-07-09,8350.0,8376.0,8310.5,8361.0,8244.97,157280
2025-07-10,8394.0,8394.0,8268.0,8285.0,8170.02,229552
2025-07-11,8285.5,8300.0,8045.5,8067.0,7955.05,539579
2025-07-14,8090.0,8120.0,8035.5,8087.5,7975.26,248351
2025-07-15,8128.0,8326.0,8090.0,8311.0,8195.66,366546
2025-07-16,8311.0,8345.0,8184.5,8302.5,8187.28,275493
2025-07-17,8278.5,8355.0,8262.5,8330.0,8214.4,249880
2025-07-18,8305.0,8365.0,8305.0,8347.5,8231.65,268313
2025-07-21,8306.0,8450.0,8306.0,8438.5,8321.39,253964
2025-07-22,8470.0,8470.0,8277.0,8295.0,8179.88,302466
2025-07-23,8313.5,8405.0,8290.5,8397.0,8280.47,194644
2025-07-24,8409.5,8435.0,8276.0,8288.5,8173.47,298692
2025-07-25,8275.0,8280.0,8044.5,8075.5,7963.43,554118
2025-07-28,8075.5,8158.0,8075.0,8089.5,7977.23,232171
2025-07-29,8089.5,8146.0,8056.0,8127.5,8014.71,209998
2025-07-30,8090.5,8132.5,8025.0,8043.5,7931.87,222804
2025-07-31,7990.0,8094.0,7930.5,8008.0,7896.87,297025
2025-08-01,8008.0,8091.0,7951.5,8044.5,7932.86,329818
2025-08-04,8044.5,8205.0,8044.5,8187.5,8073.87,221221
2025-08-05,8176.0,8236.5,8130.0,8230.5,8116.28,194083
2025-08-06,8269.0,8269.0,8120.0,8178.5,8065.0,515934
2025-08-07,8070.0,8249.0,7858.5,8229.0,8114.8,456168
2025-08-08,8229.0,8277.0,8185.0,8224.0,8109.87,282679
2025-08-11,8235.0,8300.0,8132.5,8275.0,8160.16,180274
2025-08-12,8275.5,8321.5,8180.0,8196.5,8082.75,184529
2025-08-13,8214.5,8309.5,8189.0,8248.5,8134.03,367519
2025-08-14,8250.0,8280.0,8198.0,8213.5,8099.51,364270
2025-08-18,8400.0,8629.5,8400.0,8588.5,8469.31,995976
2025-08-19,8609.0,8856.0,8586.0,8795.5,8673.44,1052384
2025-08-20,8794.5,8872.5,8763.5,8827.5,8704.99,490202
2025-08-21,8835.0,8869.0,8630.0,8684.5,8563.98,510564
2025-08-22,8684.5,8715.0,8581.0,8679.5,8559.05,369875
2025-08-25,8750.0,8764.0,8633.5,8750.5,8629.06,360880
2025-08-26,8730.0,8825.0,8646.0,8691.5,8570.88,778390
2025-08-28,8798.0,8798.0,8661.0,8689.5,8568.91,394657
2025-08-29,8714.0,8730.0,8571.5,8631.5,8511.71,344340
2025-09-01,8665.0,9037.5,8665.0,8967.0,8842.56,658701
2025-09-02,8970.0,9109.5,8926.0,9030.5,8905.17,548186
2025-09-03,9052.0,9129.5,8992.0,9116.0,8989.49,322758
2025-09-04,9350.0,9353.5,9046.5,9071.0,8945.11,652617
2025-09-05,9117.0,9172.0,9053.0,9084.5,8958.43,231190
2025-09-08,9102.0,9490.0,9073.0,9433.5,9302.58,713087
2025-09-09,9390.5,9428.5,9236.5,9383.0,9252.78,505482
2025-09-10,9425.0,9440.0,9180.0,9244.0,9115.71,454231
2025-09-11,9243.5,9243.5,9075.0,9113.5,8987.02,472941
2025-09-12,9115.0,9205.0,8979.5,8999.5,8874.61,481492
2025-09-15,9026.5,9091.5,8964.0,9025.0,8899.75,325549
2025-09-16,9032.0,9099.0,9020.0,9072.5,8946.59,219134
2025-09-17,9076.5,9136.0,9070.0,9084.0,8957.93,172732
2025-09-18,9099.5,9115.0,9025.0,9075.0,8949.06,183574
2025-09-19,9050.0,9063.5,8950.5,8971.5,8846.99,467648
2025-09-22,8971.5,9195.0,8959.5,9054.5,8928.84,525239
2025-09-23,9079.0,9225.0,8950.0,8984.5,8859.81,451186
2025-09-24,8990.0,8999.0,8804.0,8839.0,8716.33,240914
2025-09-25,8821.0,8910.0,8758.0,8842.5,8719.78,441002
2025-09-26,8830.0,8880.0,8668.0,8702.0,8581.23,335841
2025-09-29,8745.0,8829.0,8675.5,8717.5,8596.52,394174
2025-09-30,8721.0,8769.0,8640.0,8678.5,8558.06,285609
2025-10-01,8720.0,8846.5,8586.5,8626.5,8506.78,551282
2025-10-03,8626.5,8698.5,8491.5,8679.5,8559.05,915075
2025-10-06,8698.0,8803.5,8651.0,8792.0,8669.98,300715
2025-10-07,8800.0,8915.0,8785.5,8904.0,8780.43,490577
2025-10-08,8903.0,8903.0,8750.5,8792.0,8669.98,408647
2025-10-09,8775.0,8817.5,8701.5,8810.0,8687.74,217161
2025-10-10,8816.0,8955.0,8781.5,8946.5,8822.34,228686
2025-10-13,8947.0,9084.0,8917.0,9066.0,8940.18,374531
2025-10-14,9100.0,9120.0,9032.5,9102.5,8976.18,297332
2025-10-15,9106.5,9180.0,8955.5,8998.0,8873.13,300055
2025-10-16,9030.0,9177.0,9022.0,9151.5,9024.5,334619
2025-10-17,9150.0,9194.5,9090.5,9150.5,9023.51,466036
2025-10-20,9194.5,9236.5,9100.5,9124.5,8997.87,303686
2025-10-21,9159.5,9165.0,9081.0,9118.0,8991.46,27642
2025-10-23,9136.0,9157.0,9017.0,9047.0,8921.45,249420
2025-10-24,9070.0,9099.0,9012.0,9076.5,8950.54,332130
2025-10-27,9099.5,9115.0,9055.0,9095.5,8969.27,310061
2025-10-28,9100.0,9130.0,9019.0,9057.5,8931.8,459991
2025-10-29,9090.0,9090.0,8960.0,9034.0,8908.63,226605
2025-10-30,9034.0,9065.0,8904.5,8923.0,8799.17,250532
2025-10-31,8939.5,9051.0,8802.0,8892.5,8769.09,261013
2025-11-03,8900.0,8957.5,8855.0,8922.5,8798.67,206987
2025-11-04,8920.0,8920.0,8713.0,8751.0,8629.55,517334
2025-11-06,8755.0,8820.5,8702.5,8720.5,8599.48,326774
2025-11-07,8720.0,8749.5,8605.0,8721.5,8600.46,290120
2025-11-10,8795.0,8838.0,8685.5,8772.0,8650.26,992874
2025-11-11,8819.0,8945.0,8726.0,8895.0,8771.56,380748
2025-11-12,8935.0,8935.0,8800.0,8868.0,8744.93,439922
2025-11-13,8888.0,8895.5,8842.0,8867.5,8744.44,276001
2025-11-14,8867.5,8867.5,8781.5,8843.0,8720.28,550371
2025-11-17,8850.0,9025.0,8850.0,8945.5,8821.35,457995
2025-11-18,8975.5,8999.0,8900.0,8921.0,8797.19,276172
2025-11-19,8950.0,8975.0,8863.5,8884.5,8761.2,326292
2025-11-20,8924.0,9005.0,8890.0,8979.5,8854.88,189991
2025-11-21,8950.0,8957.5,8862.0,8892.0,8768.6,320271
2025-11-24,8905.0,9049.0,8857.5,9007.5,8882.49,466198
2025-11-25,9025.0,9145.0,9001.0,9048.0,8922.43,482151
2025-11-26,9054.0,9180.0,9028.0,9164.0,9036.82,354143
2025-11-27,9194.0,9254.5,8996.0,9022.5,8897.29,602295
2025-11-28,9031.0,9106.0,8922.0,9073.5,8947.58,432445
2025-12-01,9129.0,9189.5,9055.5,9096.0,8969.77,449503
2025-12-02,9100.0,9142.0,8988.0,9085.5,8959.41,319833
2025-12-03,9085.5,9105.0,8950.0,9000.5,8875.59,412081
2025-12-04,9005.0,9095.0,8988.0,9085.0,8958.92,275604
2025-12-05,9054.0,9130.0,9045.5,9109.0,8982.58,279893
2025-12-08,9115.0,9124.5,8956.5,9026.0,8900.74,299426
2025-12-09,8990.0,9034.5,8880.0,8961.0,8836.64,373015
2025-12-10,8961.0,9001.5,8904.0,8991.0,8866.22,307300
2025-12-11,8991.0,9084.0,8961.0,9053.5,8927.86,136142
2025-12-12,9065.0,9089.5,8960.0,9015.0,8889.89,356060
2025-12-15,9040.0,9042.5,8884.0,8940.0,8815.93,507849
2025-12-16,8940.0,9028.0,8891.0,9008.0,8882.99,278902
2025-12-17,9008.0,9009.0,8859.0,8895.0,8771.56,256364
2025-12-18,8891.0,8891.0,8735.0,8831.0,8708.44,338487
2025-12-19,8830.5,9011.0,8827.0,9002.0,8877.07,215196
2025-12-22,9010.0,9185.0,8997.5,9164.0,9036.82,377385
2025-12-23,9184.0,9184.0,9080.0,9099.0,8972.72,215559
2025-12-24,9100.0,9194.5,9070.0,9170.0,9042.74,167717
2025-12-26,9182.5,9185.5,9052.0,9064.5,8938.7,105815
2025-12-29,9069.5,9127.0,9055.5,9087.0,8960.89,263943
2025-12-30,9087.0,9299.0,9025.5,9282.0,9153.18,464922
2025-12-31,9320.0,9398.0,9296.5,9343.0,9213.34,319864
2026-01-01,9365.0,9585.0,9318.5,9558.0,9425.35,306936
2026-01-02,9550.0,9633.0,9310.5,9502.5,9370.62,733651
2026-01-05,9520.0,9684.0,9465.0,9497.5,9365.69,304245
2026-01-06,9575.0,9783.5,9543.0,9661.0,9526.92,503002
2026-01-07,9668.0,9807.0,9608.0,9789.5,9653.64,334802
2026-01-08,9799.5,9888.0,9725.0,9760.5,9625.04,534086
2026-01-09,9760.5,9830.0,9538.0,9562.5,9429.79,250994
2026-01-12,9562.5,9588.5,9360.0,9491.0,9359.28,332453
2026-01-13,9506.0,9576.5,9458.5,9554.0,9421.41,229215
2026-01-14,9576.0,9610.0,9494.0,9579.5,9446.56,335206
2026-01-15,9579.5,9579.5,9579.5,9579.5,9446.56,0
2026-01-16,9540.0,9616.5,9389.5,9489.0,9357.31,528450
2026-01-19,9489.0,9489.0,9393.5,9429.5,9298.64,403445
2026-01-20,9468.0,9468.0,9155.0,9180.0,9052.6,385253
2026-01-21,9150.0,9255.0,9072.0,9179.0,9051.61,323092
2026-01-22,9225.0,9391.5,9185.5,9370.0,9239.96,193757
2026-01-23,9390.0,9548.0,9335.0,9413.5,9282.86,204212
2026-01-27,9422.0,9506.0,9330.0,9492.0,9360.27,302065
2026-01-28,9500.0,9533.5,9250.0,9433.5,9302.58,342407
2026-01-29,9475.0,9533.0,9381.5,9512.0,9379.99,390096
2026-01-30,9497.0,9626.0,9382.5,9597.5,9464.31,283660
2026-02-02,9454.5,9523.0,9250.5,9496.5,9364.71,327240
2026-02-03,9933.0,9941.0,9515.0,9595.5,9462.33,573385
2026-02-04,9594.0,9725.0,9529.5,9639.0,9505.23,201083
2026-02-05,9640.0,9679.0,9600.0,9647.0,9513.12,155663
2026-02-06,9620.0,9668.0,9471.5,9518.5,9386.4,198790
2026-02-09,9598.0,9626.5,9505.0,9590.0,9456.91,171033
2026-02-10,9605.0,9833.5,9582.5,9774.0,9638.36,347018
2026-02-11,9818.0,9905.5,9796.0,9869.5,9732.53,324008
2026-02-12,9876.5,9930.0,9809.5,9840.0,9703.44,372062
2026-02-13,9800.5,9900.5,9720.0,9760.0,9624.55,120688
2026-02-16,9710.0,9774.5,9643.0,9697.5,9562.92,88321
2026-02-17,9651.0,9869.0,9632.5,9826.5,9690.13,159113
2026-02-18,9826.5,10009.0,9804.5,9980.0,9841.5,334455
2026-02-19,9991.0,10059.5,9701.0,9729.0,9593.98,310761
2026-02-20,9725.0,9823.0,9670.5,9807.0,9670.9,291070
2026-02-23,9851.0,9930.0,9814.0,9905.5,9768.03,145464
2026-02-24,9875.0,9875.0,9660.0,9829.0,9692.59,259761
2026-02-25,9859.5,10160.0,9839.5,10097.0,9956.87,334366
2026-02-26,10146.5,10187.0,10029.5,10110.0,9969.69,177814
2026-02-27,10072.5,10091.5,9940.0,9972.5,9834.1,231926
2026-03-02,9725.5,9941.5,9565.0,9776.0,9640.33,330330
2026-03-04,9516.5,9704.5,9516.5,9652.5,9518.54,319652
2026-03-05,9674.5,9853.0,9641.0,9804.5,9668.43,300749
2026-03-06,9780.0,9884.5,9690.0,9816.0,9679.77,386552
2026-03-09,9600.0,9645.5,9351.0,9383.0,9252.78,334501
2026-03-10,9449.5,9637.5,9349.0,9610.0,9476.63,463535
2026-03-11,9575.0,9666.0,9270.0,9327.5,9198.05,489382
2026-03-12,9280.0,9280.0,9080.0,9162.0,9034.85,390062
2026-03-13,9075.0,9119.5,8832.5,8875.0,8751.83,435631
2026-03-16,8866.0,9103.5,8742.5,9073.0,8947.08,580318
2026-03-17,9100.0,9250.0,9006.5,9110.0,8983.57,245258
2026-03-18,9150.0,9288.0,9136.5,9271.0,9142.34,247437
2026-03-19,9113.5,9150.0,8811.0,8868.5,8745.42,288162
2026-03-20,8957.5,9110.0,8931.5,9051.0,8925.39,356410
2026-03-23,8989.5,8989.5,8752.0,8776.0,8654.21,375189
2026-03-24,8900.0,9022.5,8792.0,8898.0,8774.51,438132
2026-03-25,9020.0,9149.5,8981.0,9048.5,8922.92,438761
2026-03-27,8971.5,9004.0,8840.0,8901.0,8777.47,326675
2026-03-30,8810.0,8889.0,8745.0,8781.5,8659.63,325094
2026-04-01,8993.5,9170.0,8870.0,8895.5,8772.05,416423
2026-04-02,8835.5,8835.5,8624.0,8758.5,8636.95,254975
2026-04-06,8778.5,8984.5,8755.0,8942.5,8818.4,313792
2026-04-07,8900.0,9088.0,8800.5,9049.5,8923.91,376810
2026-04-08,9365.0,9501.0,9262.0,9366.0,9236.02,474100
2026-04-09,9455.0,9625.0,9366.0,9517.0,9384.92,539407
2026-04-10,9400.0,9844.0,9399.5,9813.5,9677.31,738971
2026-04-13,9701.5,9851.0,9700.0,9816.0,9679.77,363886
2026-04-15,9901.5,9976.0,9830.0,9865.0,9728.09,551624
2026-04-16,9871.0,9918.5,9746.0,9825.0,9688.65,479220
2026-04-17,9810.0,9830.0,9722.0,9773.5,9637.86,264575
2026-04-20,9773.5,9862.5,9690.0,9803.0,9666.95,349985
2026-04-21,9803.0,9874.0,9741.0,9793.0,9657.09,291287
2026-04-22,9770.5,9790.5,9585.0,9602.0,9468.74,301870
2026-04-23,9575.0,9591.0,9477.0,9550.5,9417.96,444028
2026-04-24,9600.0,9663.0,9528.0,9576.0,9443.1,190469
2026-04-27,9642.5,9715.0,9617.0,9662.0,9527.91,147736
2026-04-28,9622.0,9662.5,9475.0,9495.5,9363.72,256811
2026-04-29,9510.0,9709.5,9496.0,9543.5,9411.06,261656
2026-04-30,9515.0,10045.0,9355.0,9994.0,9855.3,1209264
2026-05-01,9994.0,9994.0,9994.0,9994.0,9855.3,0
2026-05-04,10244.0,10477.5,10067.0,10132.0,9991.39,721598
2026-05-05,10131.0,10175.0,10016.0,10046.0,9906.58,233441
2026-05-06,10180.0,10390.0,10141.0,10319.0,10175.79,393486
2026-05-07,10582.0,10740.0,10324.5,10605.0,10457.82,1498254
2026-05-08,10625.0,10785.0,10540.0,10711.5,10562.85,375627
2026-05-11,10599.0,10650.0,10511.0,10595.5,10448.46,256703
2026-05-12,10550.0,10684.5,10366.0,10397.0,10252.71,409439
2026-05-13,10370.5,10455.0,10220.0,10262.0,10119.58,367905
2026-05-14,10380.0,10517.0,10251.5,10451.0,10305.96,426187
2026-05-15,10500.0,10540.5,10296.0,10377.5,10233.48,227162
2026-05-18,10325.0,10326.0,10144.5,10198.5,10056.97,295753
2026-05-19,10198.5,10285.0,10143.0,10205.0,10063.38,151592
2026-05-20,10158.0,10483.0,10078.5,10462.5,10317.3,379649
2026-05-21,10544.5,10735.0,10493.5,10667.0,10518.96,522986
2026-05-22,10667.0,10753.0,10537.0,10549.5,10403.09,207805
2026-05-25,10700.0,10770.0,10431.0,10491.0,10345.41,564521
2026-05-26,10530.0,10641.5,10449.0,10593.0,10445.99,559535
2026-05-27,10625.0,10834.0,10580.0,10808.5,10658.5,317630
2026-05-28,10808.5,10808.5,10808.5,10808.5,10658.5,0
2026-05-29,10650.0,10750.0,10388.5,10460.0,10460.0,483158
2026-06-01,10500.0,10619.0,10340.0,10376.0,10376.0,426434
2026-06-02,10305.0,10433.0,10260.0,10281.0,10281.0,404046
2026-06-03,10281.0,10415.0,10202.0,10259.0,10259.0,355015
2026-06-04,10240.0,10452.0,10178.0,10362.0,10362.0,539031
2026-06-05,10394.0,10446.0,10317.0,10342.0,10342.0,247150
2026-06-08,10251.0,10305.0,10171.0,10231.0,10231.0,127982
2026-06-09,10280.0,10344.0,10150.0,10184.0,10184.0,313286
2026-06-10,10229.0,10293.0,10124.0,10144.0,10144.0,293698
2026-06-11,10127.0,10255.0,10081.0,10114.0,10114.0,191419
2026-06-12,10226.0,10250.0,9922.0,10063.0,10063.0,386190
2026-06-15,10164.0,10178.0,9930.0,9943.0,9943.0,400018
2026-06-16,9992.0,9993.0,9902.0,9939.0,9939.0,203949
2026-06-17,9980.0,10074.0,9932.0,10042.0,10042.0,302387
2026-06-18,10049.0,10100.0,10001.0,10077.0,10077.0,219879
2026-06-19,10134.0,10134.0,9936.0,10066.0,10066.0,739358
2026-06-22,10116.0,10268.0,10088.0,10191.0,10191.0,834191
2026-06-23,10249.0,10259.0,9949.0,10025.0,10025.0,551711
2026-06-24,9838.0,9910.0,9732.0,9750.0,9750.0,426013
2026-06-25,9775.0,9930.0,9769.0,9843.0,9843.0,352943
2026-06-26,9843.0,9843.0,9843.0,9843.0,9843.0,0
2026-06-29,9874.0,9893.0,9605.0,9630.0,9630.0,515976
2026-06-30,9665.0,9750.0,9501.0,9716.0,9716.0,430959
2026-07-01,9762.0,9900.0,9762.0,9842.0,9842.0,200437
2026-07-02,9975.0,9998.0,9716.0,9857.0,9857.0,423525
2026-07-03,9899.0,9925.0,9771.0,9785.5,9785.5,145310
2026-07-06,9800.0,10058.0,9785.5,10036.5,10036.5,265284
2026-07-07,10040.0,10190.0,10020.5,10109.5,10109.5,172975
2026-07-08,10070.0,10264.5,9993.0,10164.0,10164.0,249351
2026-07-09,10176.0,10260.0,10112.0,10155.0,10155.0,191190
2026-07-10,10177.5,10298.0,10115.0,10156.0,10156.0,354772
2026-07-13,10080.0,10442.0,10030.5,10381.0,10381.0,1009236
2026-07-14,10212.5,10374.0,10145.5,10166.0,10166.0,802768
2026-07-15,10200.0,10369.0,10200.0,10323.0,10323.0,451477
2026-07-16,10323.0,10395.0,10278.0,10331.5,10331.5,407238
2026-07-17,10366.0,10499.0,10350.0,10443.0,10443.0,426656
2026-07-20,10443.0,10535.0,10401.5,10522.5,10522.5,335474
2026-07-21,10525.0,10560.0,10342.5,10403.5,10403.5,834319
2026-07-22,10610.0,11031.0,10575.0,10998.5,10998.5,1448948
2026-07-23,10999.5,11331.0,10967.0,11283.5,11283.5,1025555
2026-07-24,11229.0,11320.0,11100.0,11130.0,11130.0,442440
2026-07-27,11200.5,11251.0,11094.0,11183.5,11183.5,270544
2026-07-28,11176.5,11410.5,11156.0,11374.0,11374.0,357417
2026-07-29,11440.0,11532.0,11290.0,11338.0,11338.0,455484
2026-07-30,11338.0,11525.0,11305.5,11432.0,11432.0,295600
2026-07-31,11475.0,11590.0,11329.5,11520.5,11520.5,214380
2026-08-03,11575.0,11856.0,11456.0,11856.0,11856.0,281232
2026-08-04,11750.0,11751.0,11541.0,11600.0,11600.0,307958
2026-08-05,11665.0,11800.0,11580.0,11800.0,11800.0,382721
2026-08-06,11748.0,11778.0,11549.0,11620.0,11620.0,250127
2026-08-07,11580.0,11730.0,11574.0,11662.0,11662.0,208968
2026-08-10,11662.0,11786.0,11615.0,11677.0,11677.0,199134
2026-08-11,11734.0,11863.0,11615.0,11717.0,11717.0,268237
2026-08-12,11729.0,11819.0,11678.0,11700.0,11700.0,236192
2026-08-13,11707.0,11750.0,11607.0,11661.0,11661.0,138796
2026-08-14,11698.0,11785.0,11665.0,11700.0,11700.0,241415
2026-08-17,11700.0,11808.0,11663.0,11663.0,11663.0,181692
2026-08-18,11700.0,11768.0,11581.0,11607.0,11607.0,237816
2026-08-19,11607.0,11722.0,11534.0,11645.0,11645.0,222810
2026-08-20,11700.0,11793.0,11620.0,11793.0,11793.0,151383
2026-08-21,11790.0,11790.0,11660.0,11700.0,11700.0,221616
2026-08-24,11735.0,11838.0,11711.0,11800.0,11800.0,221901
2026-08-25,11800.0,11927.0,11722.0,11927.0,11927.0,159272
2026-08-26,11910.0,11924.0,11724.0,11724.0,11724.0,166838
2026-08-27,11750.0,11822.0,11618.0,11720.0,11720.0,221294
2026-08-28,11810.0,11974.0,11769.0,11910.0,11910.0,262591
2026-08-31,11910.0,12130.0,11877.0,12130.0,12130.0,355561
2026-09-01,12180.0,12470.0,12090.0,12361.0,12361.0,495029
2026-09-02,12211.0,12275.0,11925.0,12130.0,12130.0,333619
2026-09-03,12191.0,12191.0,11920.0,11920.0,11920.0,304296
2026-09-04,12005.0,12025.0,11873.0,11919.0,11919.0,154199
2026-09-07,11810.0,11860.0,11727.0,11800.0,11800.0,106111
2026-09-08,11727.0,11883.0,11716.0,11880.0,11880.0,192942
2026-09-09,11841.0,11896.0,11740.0,11790.0,11790.0,119472
2026-09-10,11771.0,11820.0,11673.0,11768.0,11768.0,121394
2026-09-11,11624.0,11723.0,11529.0,11678.0,11678.0,214731
2026-09-14,11678.0,11678.0,11678.0,11678.0,11678.0,0
2026-09-15,11693.0,11709.0,11416.0,11424.0,11424.0,236796
2026-09-16,11425.0,11596.0,11379.0,11593.0,11593.0,305528
2026-09-17,11568.0,11576.0,11435.0,11500.0,11500.0,129351
2026-09-18,11501.0,11540.0,11406.0,11414.0,11414.0,296757
2026-09-21,11470.0,11533.0,11450.0,11460.0,11460.0,93033
2026-09-22,11460.0,11515.0,11281.0,11363.0,11363.0,154756
2026-09-23,11363.0,11425.0,11293.0,11400.0,11400.0,158704
2026-09-24,11341.0,11383.0,11201.0,11208.0,11208.0,106766
2026-09-25,11245.0,11332.0,11212.0,11281.0,11281.0,121620
2026-09-28,11250.0,11270.0,10953.0,11024.0,11024.0,241334
2026-09-29,11016.0,11020.0,10805.0,10811.0,10811.0,527929
2026-09-30,10779.0,10953.0,10779.0,10874.0,10874.0,313712
2026-10-01,10701.0,10714.0,9900.0,10045.0,10045.0,1491300
