date,open,high,low,close,adj_close,volume
2011-01-03,118.5,119.98,117.52,119.53,103.99,10796780
2011-01-04,119.32,119.4,116.65,117.28,102.03,16568260
2011-01-05,117.49,117.49,114.88,115.41,100.41,15651840
2011-01-06,115.8,117.13,115.45,116.39,101.26,10870180
2011-01-07,116.31,116.31,113.05,113.47,98.72,15896020
2011-01-10,112.8,113.5,106.9,107.61,93.62,40141720
2011-01-11,108.5,110.93,106.25,107.33,93.38,24315180
2011-01-12,108.45,110.7,105.33,110.26,95.93,19810660
2011-01-13,110.45,110.87,106.32,107.15,93.22,18972020
2011-01-14,107.5,110.4,101.5,102.48,89.16,25582820
2011-01-17,103.0,104.65,102.53,103.4,89.96,24561640
2011-01-18,104.34,105.8,102.33,105.47,91.76,16840320
2011-01-19,105.58,105.7,103.15,103.77,90.28,17984100
2011-01-20,103.46,106.72,102.29,105.88,92.11,19277080
2011-01-21,105.2,106.24,103.81,104.71,91.1,16595220
2011-01-24,104.75,107.7,103.65,107.43,93.46,25548320
2011-01-25,107.56,108.74,103.5,104.21,90.67,28221080
2011-01-27,105.0,105.0,102.05,102.54,89.21,37891160
2011-01-28,102.75,104.47,102.1,102.71,89.36,35596840
2011-01-31,102.14,103.17,99.81,102.36,89.06,22236060
2011-02-01,103.85,103.85,100.75,101.98,88.72,17102460
2011-02-02,102.57,103.18,100.31,101.0,87.87,19524340
2011-02-03,101.0,103.59,100.5,103.05,89.65,11592060
2011-02-04,102.55,104.25,100.25,100.89,87.77,18506400
2011-02-07,102.25,103.0,101.01,101.94,88.69,17118920
2011-02-08,103.0,103.0,99.25,100.14,87.12,14391980
2011-02-09,99.9,101.75,99.07,101.11,87.97,14715160
2011-02-10,100.8,102.45,100.0,100.79,87.69,23071180
2011-02-11,99.75,103.0,99.75,102.96,89.58,20206840
2011-02-14,102.51,105.51,102.51,105.27,91.59,11844720
2011-02-15,105.5,106.4,103.76,105.35,91.66,15199460
2011-02-16,105.7,106.1,104.25,104.74,91.13,9101580
2011-02-17,105.0,109.7,104.75,109.28,95.07,23609840
2011-02-18,109.2,112.15,108.26,108.81,94.66,39535740
2011-02-21,108.25,110.4,106.62,110.08,95.77,11201020
2011-02-22,109.5,109.58,106.27,106.92,93.02,11592860
2011-02-23,106.26,107.65,105.01,105.71,91.96,12228440
2011-02-24,104.35,105.93,102.29,102.96,89.57,20055540
2011-02-25,104.35,104.35,100.9,102.11,88.83,12619920
2011-02-28,103.2,106.05,101.75,102.61,89.27,21962720
2011-03-01,103.74,107.5,102.95,106.95,93.05,20501160
2011-03-03,106.75,111.11,106.5,109.66,95.4,25337640
2011-03-04,110.5,111.64,110.32,110.91,96.49,19709880
2011-03-07,110.2,110.2,107.54,108.66,94.53,12855680
2011-03-08,107.9,110.93,107.82,110.32,95.98,17971140
2011-03-09,110.5,111.93,109.75,110.3,95.96,18083980
2011-03-10,109.6,110.75,109.12,110.42,96.07,14940620
2011-03-11,109.1,110.85,108.75,109.32,95.11,13107900
2011-03-14,108.6,110.95,108.6,110.74,96.34,13082880
2011-03-15,108.5,110.39,106.5,109.23,95.03,27602000
2011-03-16,109.8,110.25,108.93,109.19,94.99,11610680
2011-03-17,108.51,111.65,108.31,109.07,94.9,33521240
2011-03-18,109.0,109.81,107.11,107.46,93.5,9644240
2011-03-21,108.51,108.93,107.32,107.72,93.72,12318700
2011-03-22,107.96,108.65,107.1,107.58,93.6,9430540
2011-03-23,107.5,109.1,107.25,108.21,94.14,9314700
2011-03-24,108.95,109.94,108.43,109.64,95.39,8827620
2011-03-25,110.35,113.75,110.0,113.25,98.53,17802960
2011-03-28,113.25,115.6,113.25,114.84,99.91,21860620
2011-03-29,115.5,116.19,114.23,115.26,100.27,21636600
2011-03-30,115.75,118.2,115.3,117.07,101.86,22194840
2011-03-31,117.5,119.79,115.25,117.29,102.05,37863820
2011-04-01,117.65,118.25,116.15,116.69,101.52,8738580
2011-04-04,117.0,120.25,117.0,120.04,104.44,12644540
2011-04-05,120.0,120.5,118.41,119.79,104.22,16825320
2011-04-06,119.55,119.75,117.55,118.8,103.35,12939720
2011-04-07,118.75,118.9,116.98,117.74,102.43,13116320
2011-04-08,117.7,119.25,117.25,117.62,102.33,15440340
2011-04-11,116.26,116.88,114.43,114.8,99.88,22416360
2011-04-13,113.97,119.18,113.75,118.45,103.05,18067780
2011-04-15,118.75,119.6,117.2,118.15,102.8,17181860
2011-04-18,118.94,119.99,115.22,115.59,100.56,20706540
2011-04-19,117.0,117.94,116.22,117.38,102.12,14924860
2011-04-20,118.03,119.45,117.4,118.6,103.18,13096140
2011-04-21,119.1,120.85,119.1,120.53,104.86,32410700
2011-04-25,121.15,122.05,119.3,119.55,104.01,12645740
2011-04-26,119.33,119.89,117.03,117.99,102.65,12643700
2011-04-27,118.8,118.95,116.32,117.66,102.37,14295300
2011-04-28,118.16,118.45,116.5,116.89,101.69,26769640
2011-04-29,116.25,116.99,114.05,114.78,99.86,18625880
2011-05-02,115.3,115.79,113.1,114.51,99.62,14156740
2011-05-03,114.43,114.78,111.11,111.78,97.25,21480560
2011-05-04,112.2,114.26,110.39,113.07,98.37,26421220
2011-05-05,112.79,113.74,110.5,111.02,96.59,18698980
2011-05-06,111.25,116.0,111.25,114.86,99.93,21551460
2011-05-09,115.1,115.75,112.42,113.94,99.13,7797180
2011-05-10,113.9,113.9,111.25,112.32,97.72,13046440
2011-05-11,113.0,113.44,111.05,113.05,98.36,9821700
2011-05-12,112.5,113.25,111.75,112.01,97.45,9478860
2011-05-13,111.6,114.5,111.29,112.55,97.92,11646140
2011-05-16,112.25,113.31,111.82,112.65,98.01,12541240
2011-05-17,112.6,113.7,112.05,112.62,97.98,12223880
2011-05-18,112.9,113.89,112.15,113.37,98.63,13870960
2011-05-19,113.53,114.2,112.89,113.69,98.91,15022540
2011-05-20,113.5,116.0,112.77,115.79,100.73,23827740
2011-05-23,114.75,114.94,112.3,113.24,98.52,20092800
2011-05-24,112.7,114.62,112.41,112.76,98.11,9004880
2011-05-25,112.5,113.35,112.27,112.74,98.08,8314880
2011-05-26,112.75,113.85,112.0,113.21,98.49,19899900
2011-05-27,113.25,115.6,113.13,115.18,100.21,11662040
2011-05-30,115.2,116.38,114.87,115.38,100.38,7849500
2011-05-31,116.25,120.43,115.75,119.98,104.38,35393460
2011-06-01,119.5,120.35,118.74,119.91,104.32,13143340
2011-06-02,117.75,118.33,117.25,118.01,103.39,13445520
2011-06-03,118.0,118.54,117.43,117.84,103.23,11977060
2011-06-06,117.26,119.5,117.26,119.06,104.3,11685600
2011-06-07,118.25,119.54,118.19,118.82,104.09,8126940
2011-06-08,117.81,118.6,117.41,117.76,103.16,10278780
2011-06-09,117.74,118.73,117.07,118.14,103.49,6459880
2011-06-10,118.4,118.72,116.51,118.12,103.48,8743820
2011-06-13,117.66,119.0,117.21,118.63,103.92,7835560
2011-06-14,118.9,119.9,118.28,119.12,104.36,12433200
2011-06-15,119.0,119.79,118.35,118.64,103.93,14077880
2011-06-16,118.2,118.6,116.9,117.15,102.63,8425300
2011-06-17,117.53,118.31,116.68,117.46,102.9,14213480
2011-06-20,117.11,118.07,113.6,114.95,100.7,15625700
2011-06-21,115.1,117.2,115.1,116.28,101.86,10157720
2011-06-22,116.62,117.39,115.62,116.14,101.74,6183160
2011-06-23,115.95,116.97,115.5,116.69,102.22,8267580
2011-06-24,117.45,119.5,117.08,119.16,104.39,16575460
2011-06-27,119.15,121.59,118.63,120.81,105.83,20512380
2011-06-28,121.47,121.5,120.23,121.15,106.13,12193620
2011-06-29,121.75,124.95,121.75,124.46,109.03,20504880
2011-06-30,124.95,126.25,123.81,125.78,110.19,26841200
2011-07-01,127.0,127.38,123.9,125.06,109.56,13304840
2011-07-04,126.75,127.1,125.62,126.61,110.91,14323360
2011-07-05,126.1,127.6,125.72,127.06,111.31,10637280
2011-07-06,126.75,128.0,125.75,127.26,111.49,11785740
2011-07-07,127.31,128.75,126.71,128.29,112.39,14778040
2011-07-08,128.3,129.16,127.68,127.96,112.1,15089360
2011-07-11,127.95,128.21,125.75,126.22,110.57,7945000
2011-07-12,125.5,125.5,123.01,123.99,108.62,14721800
2011-07-13,124.5,126.45,123.9,125.99,110.37,7441820
2011-07-14,126.28,128.32,124.7,126.49,110.81,9354344
2011-07-15,126.61,127.61,125.75,127.24,111.46,5490152
2011-07-18,127.99,129.73,127.0,128.76,112.8,6209896
2011-07-19,129.38,129.75,127.09,127.71,111.88,17052664
2011-07-20,129.1,129.1,125.5,125.78,110.18,7408644
2011-07-21,126.2,126.22,123.62,124.07,108.69,12881024
2011-07-22,125.0,126.76,124.71,125.39,109.84,12634120
2011-07-25,125.39,126.62,124.29,126.3,110.64,13370428
2011-07-26,126.34,127.55,123.81,124.54,109.1,10581528
2011-07-27,124.84,125.99,123.0,125.51,109.95,11062712
2011-07-28,124.88,124.88,121.15,121.82,106.72,21417956
2011-07-29,122.47,122.47,120.28,121.7,106.61,11990668
2011-08-01,123.36,123.99,121.12,122.0,106.88,8809416
2011-08-02,121.97,121.97,120.0,120.71,105.75,7929976
2011-08-03,119.68,122.35,119.0,120.51,105.57,8330268
2011-08-04,121.03,122.22,118.75,119.11,104.35,7318424
2011-08-05,116.25,118.95,114.28,118.26,103.6,12624376
2011-08-08,115.75,120.0,114.51,115.53,101.2,17233492
2011-08-09,112.5,118.39,112.46,116.11,101.72,17963696
2011-08-10,123.7,123.7,118.35,119.97,105.1,13068904
2011-08-11,119.68,121.18,118.75,119.99,105.11,8409216
2011-08-12,121.28,121.5,116.03,117.01,102.51,11413552
2011-08-16,119.6,119.6,113.66,114.11,99.97,12222592
2011-08-17,114.01,118.11,113.97,116.88,102.39,12536804
2011-08-18,117.07,118.71,114.64,115.6,101.27,22888452
2011-08-19,113.75,115.88,112.5,115.21,100.93,17921036
2011-08-22,115.01,115.99,112.68,113.26,99.22,11908996
2011-08-23,114.35,115.62,111.32,114.85,100.61,16145092
2011-08-24,114.5,115.6,113.12,114.0,99.87,12742456
2011-08-25,114.85,114.85,110.18,110.91,97.16,23200840
2011-08-26,111.0,112.64,109.04,109.74,96.13,8523824
2011-08-29,111.12,114.49,110.79,114.11,99.97,11600396
2011-08-30,115.49,118.75,114.7,117.99,103.36,15589296
2011-09-02,121.0,121.0,117.0,118.2,103.55,15190948
2011-09-05,117.45,118.5,115.66,117.56,102.99,11800716
2011-09-06,117.15,119.1,115.0,118.2,103.55,17860792
2011-09-07,119.0,122.49,118.21,122.03,106.9,14746572
2011-09-08,122.43,122.43,119.79,120.93,105.93,8164048
2011-09-09,120.97,121.43,117.68,118.31,103.65,10331416
2011-09-12,116.75,117.8,115.62,117.34,102.79,6985520
2011-09-13,117.75,118.95,116.0,116.93,102.43,7175952
2011-09-14,116.85,120.78,115.26,119.72,104.88,7749008
2011-09-15,121.47,122.01,117.9,121.16,106.14,8736760
2011-09-16,121.56,122.5,119.07,120.93,105.93,10947008
2011-09-19,120.47,121.75,119.28,121.19,106.16,8389220
2011-09-20,121.25,123.31,120.75,122.84,107.61,11835268
2011-09-21,123.19,124.41,122.1,123.62,108.3,12891396
2011-09-22,121.97,122.25,116.38,118.07,103.44,10191088
2011-09-23,117.14,117.5,113.12,114.1,99.96,32911224
2011-09-26,114.0,114.41,109.86,112.53,98.58,27785068
2011-09-27,114.5,115.47,113.53,114.36,100.19,16022836
2011-09-28,115.6,116.34,112.94,114.5,100.31,15223752
2011-09-29,114.39,118.7,113.16,117.65,103.07,32532984
2011-09-30,116.46,118.7,116.1,116.91,102.42,19028800
2011-10-03,115.04,116.22,112.69,114.01,99.88,18136236
2011-10-04,113.12,114.0,110.12,112.22,98.31,14963192
2011-10-05,112.24,114.06,109.14,109.68,96.08,16534992
2011-10-07,113.18,115.0,111.55,112.5,98.55,18887004
2011-10-10,113.0,114.5,112.51,113.68,99.58,24125984
2011-10-11,115.18,116.22,113.79,114.38,100.2,9987516
2011-10-12,115.49,117.47,113.36,116.79,102.31,17935560
2011-10-13,118.75,119.05,116.9,117.66,103.08,11733404
2011-10-14,117.25,119.1,116.34,118.47,103.79,6670040
2011-10-17,119.15,120.12,118.09,119.51,104.7,7087264
2011-10-18,118.47,120.35,118.0,119.54,104.72,8109020
2011-10-19,120.74,123.65,119.82,122.96,107.72,17378084
2011-10-20,122.0,123.1,120.15,122.39,107.22,11353704
2011-10-21,122.51,122.95,120.82,121.75,106.66,9161464
2011-10-24,123.19,124.25,120.74,121.09,106.08,9743092
2011-10-25,121.96,122.69,112.14,117.0,102.5,82630020
2011-10-28,121.5,123.62,119.94,120.66,105.7,18038448
2011-10-31,120.75,122.94,119.29,122.5,107.31,12851416
2011-11-01,121.28,123.25,120.0,120.57,105.63,13299516
2011-11-02,119.68,122.0,119.38,120.78,105.8,10111820
2011-11-03,120.25,121.21,118.03,120.46,105.53,10505636
2011-11-04,121.68,121.97,120.07,120.75,105.78,6803220
2011-11-08,120.75,121.84,119.62,121.06,106.05,8392808
2011-11-09,121.25,121.43,118.82,119.31,104.52,8604988
2011-11-11,118.91,119.6,115.65,116.01,101.63,9210036
2011-11-14,117.47,119.96,117.24,117.85,103.24,12228564
2011-11-15,117.68,119.45,117.47,118.06,103.43,11644292
2011-11-16,117.5,118.0,115.07,116.43,101.99,7117600
2011-11-17,115.79,117.5,114.15,114.84,100.6,10777368
2011-11-18,113.8,115.4,112.53,114.57,100.37,11720744
2011-11-21,114.0,114.0,110.0,111.16,97.38,10194036
2011-11-22,111.75,112.38,110.0,111.01,97.25,15218304
2011-11-23,110.44,110.44,103.55,106.53,93.32,25565636
2011-11-24,107.2,108.75,102.82,107.41,94.1,28885188
2011-11-25,106.94,108.72,104.76,107.72,94.37,18906468
2011-11-28,109.0,111.24,108.53,110.21,96.55,10891716
2011-11-29,111.0,111.39,108.05,108.8,95.31,14831024
2011-11-30,107.3,112.41,107.3,110.62,96.91,28214548
2011-12-01,114.74,116.75,112.36,113.38,99.32,13929784
2011-12-02,113.79,116.97,113.29,116.5,102.06,11237028
2011-12-05,115.93,116.86,114.5,115.59,101.26,8753228
2011-12-07,117.5,117.72,115.53,116.78,102.3,11172944
2011-12-08,116.75,116.93,112.78,113.44,99.38,12557000
2011-12-09,111.75,112.8,110.12,110.94,97.19,13606912
2011-12-12,112.03,112.74,106.57,108.01,94.62,12071156
2011-12-13,107.0,111.35,106.5,109.6,96.01,14925880
2011-12-14,109.75,110.94,107.56,108.59,95.13,24306724
2011-12-15,107.25,109.0,106.75,107.84,94.47,26960140
2011-12-16,108.53,110.12,102.5,103.82,90.95,29424820
2011-12-19,103.01,103.25,100.06,101.5,88.92,32341524
2011-12-20,101.5,105.4,101.0,103.55,90.71,19983568
2011-12-21,106.5,109.85,104.45,108.86,95.37,14986880
2011-12-22,107.88,111.2,107.2,110.71,96.99,13576068
2011-12-23,111.05,111.62,109.0,109.39,95.83,6855300
2011-12-26,109.75,111.35,109.26,110.93,97.17,4564760
2011-12-27,110.07,110.9,108.93,109.93,96.3,6294236
2011-12-28,110.62,110.75,108.26,109.95,96.32,7668340
2011-12-29,108.91,110.5,106.5,107.4,94.09,10930628
2011-12-30,108.45,108.5,105.53,106.71,93.48,7676416
2012-01-02,107.22,107.45,104.88,106.71,93.48,7029996
2012-01-03,107.85,110.22,107.5,109.79,96.18,6878476
2012-01-04,110.47,111.24,107.71,110.82,97.09,9742956
2012-01-05,111.0,111.68,110.07,110.91,97.16,6761212
2012-01-06,110.25,114.29,109.74,113.32,99.28,7954444
2012-01-09,112.97,114.28,111.5,113.93,99.8,8463936
2012-01-10,115.0,115.57,114.0,114.93,100.68,8982772
2012-01-11,115.12,116.0,113.75,115.66,101.32,7719112
2012-01-12,115.43,117.28,115.3,116.66,102.2,7975444
2012-01-13,117.5,118.26,115.26,117.4,102.85,7381684
2012-01-16,116.7,116.96,114.56,115.12,100.85,6383420
2012-01-17,115.97,117.25,115.75,117.1,102.58,7322016
2012-01-18,118.22,121.35,117.4,120.47,105.54,20137244
2012-01-19,121.5,122.56,120.07,121.7,106.61,16842176
2012-01-20,122.5,123.36,120.11,122.64,107.43,14390260
2012-01-23,121.5,121.94,120.22,121.0,106.0,7533728
2012-01-24,121.31,123.28,120.14,122.2,107.05,15063952
2012-01-25,122.56,123.25,121.44,122.55,107.36,14819100
2012-01-27,125.97,126.0,119.91,121.05,106.04,14877636
2012-01-30,120.74,120.75,118.25,119.76,104.92,9975016
2012-01-31,120.88,123.75,119.96,123.03,107.77,10653848
2012-02-01,123.62,124.93,120.34,124.29,108.88,12020596
2012-02-02,124.75,125.0,122.82,124.47,109.04,22841708
2012-02-03,124.38,127.0,123.81,126.56,110.87,14915004
2012-02-06,127.5,129.0,125.0,126.93,111.19,17438624
2012-02-07,128.5,128.85,127.0,127.32,111.54,12075708
2012-02-08,127.68,129.45,125.69,127.11,111.35,13861148
2012-02-09,126.43,131.49,126.41,130.64,114.44,17361024
2012-02-10,130.7,131.41,128.5,129.38,113.34,11515172
2012-02-13,129.66,131.25,128.98,130.49,114.31,14614324
2012-02-14,130.62,130.95,128.76,129.48,113.42,13114828
2012-02-15,130.12,133.73,129.31,133.26,116.74,19379584
2012-02-16,132.75,134.46,130.81,131.61,115.3,8124264
2012-02-17,132.81,133.25,130.02,132.07,115.7,14219648
2012-02-21,131.5,133.38,130.12,133.01,116.52,14831136
2012-02-22,132.5,134.73,131.66,132.86,116.39,13923108
2012-02-23,131.8,133.99,131.8,133.29,116.76,17095748
2012-02-24,131.8,133.85,128.84,131.16,114.9,16380168
2012-02-27,131.73,132.86,128.04,128.9,112.92,15321292
2012-02-28,129.81,133.35,128.3,132.62,116.18,14801148
2012-02-29,133.48,134.98,128.34,129.27,113.25,19988636
2012-03-01,129.25,130.57,126.32,128.5,112.57,12198492
2012-03-02,128.5,131.25,126.94,129.69,113.61,8116696
2012-03-05,130.0,130.24,126.39,127.74,111.9,10051372
2012-03-06,127.45,130.25,125.81,126.85,111.12,11597188
2012-03-07,126.71,129.5,124.39,128.91,112.93,7577636
2012-03-09,130.5,131.75,129.91,130.8,114.59,9315044
2012-03-12,133.5,133.62,129.25,129.74,113.65,11217384
2012-03-13,130.75,131.88,130.09,131.1,114.85,11079428
2012-03-14,132.02,132.5,130.36,132.05,115.68,11721124
2012-03-15,132.0,132.5,127.26,127.7,111.87,14939196
2012-03-16,127.5,131.23,126.25,126.96,111.22,12810608
2012-03-19,127.51,127.51,123.78,124.71,109.25,15299768
2012-03-20,124.0,127.71,123.25,126.35,110.69,6324272
2012-03-21,125.75,129.46,125.75,128.91,112.93,12021572
2012-03-22,128.48,130.6,125.03,126.06,110.44,11280064
2012-03-23,127.38,129.69,125.24,128.49,112.56,8047164
2012-03-26,128.38,129.12,126.41,127.91,112.06,9832916
2012-03-27,128.75,130.45,128.0,129.71,113.63,11857352
2012-03-28,129.62,129.62,127.51,128.36,112.45,8699492
2012-03-29,127.0,128.52,126.25,127.53,111.72,16225116
2012-03-30,128.0,130.96,127.44,129.96,113.85,11184976
2012-04-02,129.5,132.49,129.02,132.09,115.71,5530932
2012-04-03,133.25,134.1,132.0,132.55,116.12,12920812
2012-04-04,131.31,132.25,131.1,131.64,115.32,4175076
2012-04-09,130.94,131.57,130.0,130.44,114.27,5036740
2012-04-10,130.85,131.5,128.96,131.21,114.95,5834072
2012-04-11,130.46,132.74,129.27,131.61,115.3,7463248
2012-04-12,131.25,133.62,131.07,132.6,116.16,12103288
2012-04-13,134.1,134.44,130.98,132.34,115.93,9833428
2012-04-16,132.23,132.75,131.02,132.44,116.02,17396084
2012-04-17,133.0,133.98,130.27,132.56,116.13,15665808
2012-04-18,133.25,134.98,133.25,134.41,117.75,12000284
2012-04-19,135.0,138.9,134.3,138.51,121.34,16366676
2012-04-20,138.06,139.5,136.61,137.77,120.7,15725100
2012-04-23,137.99,139.0,135.82,136.34,119.44,8437648
2012-04-24,136.52,136.62,134.85,135.46,118.67,8760780
2012-04-25,136.0,137.38,134.5,136.66,119.72,10778388
2012-04-26,136.25,137.49,134.75,135.12,118.37,9338952
2012-04-27,135.5,136.5,133.55,135.29,118.52,4549020
2012-04-30,135.95,137.25,135.09,135.62,118.81,6039020
2012-05-02,135.18,137.75,135.18,137.48,120.43,8978348
2012-05-03,136.38,139.5,136.36,138.51,121.34,13714548
2012-05-04,137.8,138.43,133.66,134.38,117.72,12351888
2012-05-07,132.98,133.64,129.1,133.06,116.57,16712688
2012-05-08,133.23,134.1,128.31,128.84,112.87,11283080
2012-05-09,128.43,130.65,126.35,128.16,112.27,15023992
2012-05-10,127.76,130.73,127.5,129.38,113.34,12084380
2012-05-11,128.31,130.0,127.05,127.64,111.81,8050084
2012-05-14,127.69,127.95,123.51,125.14,109.62,11034848
2012-05-15,124.0,126.11,124.0,124.78,109.31,8019464
2012-05-16,123.5,124.68,121.5,123.8,108.45,16960872
2012-05-17,124.25,126.62,123.75,124.45,109.02,11618520
2012-05-18,122.45,125.97,122.25,125.14,109.62,9614416
2012-05-21,125.06,126.96,123.49,124.36,108.95,8542340
2012-05-22,125.95,126.25,121.74,122.31,107.15,11096812
2012-05-23,122.5,123.22,120.55,121.8,106.7,12695888
2012-05-24,123.25,125.68,121.25,124.93,109.44,11539244
2012-05-25,124.95,125.79,123.9,125.0,109.5,11194572
2012-05-28,125.3,127.65,125.0,127.19,111.42,12206852
2012-05-29,127.54,127.99,125.53,126.24,110.59,10573024
2012-05-30,125.01,126.35,124.14,125.16,109.65,10167280
2012-05-31,124.0,127.22,123.84,126.55,110.86,19039120
2012-06-01,126.0,126.79,122.5,122.6,107.4,11708748
2012-06-04,122.0,124.62,121.26,123.91,108.55,11360968
2012-06-05,125.0,126.22,124.61,125.38,109.83,10710712
2012-06-06,126.21,130.75,125.88,129.98,113.86,25091692
2012-06-07,131.05,134.88,130.75,134.45,117.78,19800492
2012-06-08,135.23,135.69,132.74,134.77,118.07,19322744
2012-06-11,135.27,137.23,134.6,135.49,118.69,13071884
2012-06-12,134.7,137.71,134.49,137.4,120.37,11253840
2012-06-13,137.75,138.1,134.95,135.44,118.65,8064732
2012-06-14,135.0,136.85,133.16,133.6,117.04,8642552
2012-06-15,133.75,137.43,133.74,136.89,119.92,9932224
2012-06-18,138.0,138.0,132.39,133.74,117.16,11237464
2012-06-19,133.7,134.75,131.57,134.11,117.49,11860736
2012-06-20,134.25,135.12,132.14,133.55,116.99,9534472
2012-06-21,133.25,136.18,132.82,135.73,118.9,10652656
2012-06-22,133.77,136.27,133.77,136.09,119.22,6168816
2012-06-25,136.35,137.12,133.75,134.18,117.54,6374848
2012-06-26,134.5,137.0,134.07,135.86,119.02,5853128
2012-06-27,136.5,138.68,136.5,137.25,120.24,11937288
2012-06-28,136.73,138.16,135.81,137.12,121.07,12142440
2012-06-29,138.02,141.23,138.01,140.89,124.4,12659172
2012-07-02,141.0,143.75,140.0,143.49,126.69,8201524
2012-07-03,143.98,145.0,142.93,143.96,127.11,8466800
2012-07-04,144.18,145.21,143.91,144.5,127.59,12810284
2012-07-05,144.48,146.25,143.86,146.02,128.93,8381528
2012-07-06,145.52,147.25,144.62,145.38,128.36,15741520
2012-07-09,144.99,145.44,142.27,144.54,127.62,7661160
2012-07-10,145.0,148.07,144.38,147.16,129.94,13543016
2012-07-11,146.73,148.45,146.27,146.75,129.57,12299444
2012-07-12,145.98,147.73,143.9,145.02,128.05,7583748
2012-07-13,146.25,147.85,145.61,146.76,129.58,9508572
2012-07-16,147.0,148.18,145.26,145.66,128.61,12850160
2012-07-17,146.75,147.19,144.65,145.81,128.75,8539356
2012-07-18,146.18,147.18,145.02,146.75,129.57,7117996
2012-07-19,147.15,147.7,146.39,147.35,130.1,4800448
2012-07-20,147.25,147.25,145.25,145.65,128.6,4168944
2012-07-23,144.35,145.0,142.76,143.25,126.48,6094528
2012-07-24,143.14,144.36,142.55,143.51,126.71,5305588
2012-07-25,143.61,145.2,143.43,144.01,127.16,8815704
2012-07-26,144.5,144.69,140.75,141.45,124.89,17705416
2012-07-27,143.0,147.18,141.16,146.15,129.04,13430872
2012-07-30,146.77,147.98,146.0,146.81,129.63,8466284
2012-07-31,147.5,147.5,144.96,146.94,129.74,8391408
2012-08-01,146.39,147.09,144.4,146.62,129.46,7870988
2012-08-02,146.62,147.3,144.32,145.62,128.58,6885460
2012-08-03,145.25,147.25,144.94,147.05,129.84,9951500
2012-08-06,148.29,150.5,148.25,150.06,132.5,12329176
2012-08-07,150.5,150.57,149.25,150.02,132.46,11228764
2012-08-08,150.0,150.5,148.68,149.73,132.2,8053116
2012-08-09,150.25,151.75,149.62,151.16,133.47,9873120
2012-08-10,150.0,151.73,149.91,150.54,132.92,15127420
2012-08-13,150.0,152.38,150.0,151.86,134.09,8421704
2012-08-14,151.76,152.25,150.81,152.04,134.24,11225568
2012-08-16,152.0,152.04,149.46,150.01,132.45,8143296
2012-08-17,149.65,150.56,147.95,148.77,131.36,7686156
2012-08-21,148.75,149.62,147.05,149.1,131.65,8340840
2012-08-22,148.6,150.11,147.84,149.23,131.76,9580860
2012-08-23,149.85,151.14,148.81,149.43,131.93,9425048
2012-08-24,148.38,150.1,148.31,149.07,131.63,6708376
2012-08-27,148.75,149.73,148.01,148.59,131.2,4046724
2012-08-28,148.23,148.64,146.62,147.34,130.09,8895964
2012-08-29,147.31,148.95,146.56,147.14,129.92,6729628
2012-08-30,146.5,150.5,146.5,148.98,131.54,22716404
2012-08-31,147.59,150.0,147.31,148.84,131.42,12506740
2012-09-03,149.39,149.45,147.0,147.61,130.33,7437816
2012-09-04,147.64,148.09,146.8,147.52,130.26,5772588
2012-09-05,147.0,149.0,146.84,148.02,130.7,12158472
2012-09-06,147.52,148.38,146.52,147.04,129.83,5097452
2012-09-07,148.56,148.75,146.43,147.6,130.32,11205148
2012-09-10,147.88,149.25,147.34,147.79,130.49,6034892
2012-09-11,147.19,149.25,145.84,148.6,131.21,6311544
2012-09-12,148.81,150.0,148.48,149.8,132.27,6391016
2012-09-13,150.25,150.38,148.39,149.8,132.27,3399760
2012-09-14,151.65,153.69,150.24,153.19,135.26,25771220
2012-09-17,154.75,154.99,151.38,152.07,134.27,21086848
2012-09-18,152.07,153.0,150.96,151.36,133.65,10039176
2012-09-20,150.5,152.5,150.25,151.73,133.97,10491328
2012-09-21,152.18,157.25,151.27,156.29,137.99,23602848
2012-09-24,156.38,159.23,155.7,158.75,140.17,17574880
2012-09-25,158.25,159.73,156.54,159.23,140.59,11686144
2012-09-26,158.71,159.15,156.04,157.69,139.23,10730508
2012-09-27,158.25,159.25,156.3,157.7,139.24,15861744
2012-09-28,157.98,158.57,156.52,157.29,138.88,11007688
2012-10-01,157.25,158.0,155.0,155.71,137.49,8054784
2012-10-03,156.0,156.7,154.49,154.86,136.74,11032228
2012-10-04,155.38,158.48,155.36,157.82,139.35,12652064
2012-10-05,159.5,159.66,126.26,155.6,137.39,14947024
2012-10-08,155.98,155.98,154.14,155.18,137.01,9290672
2012-10-09,156.24,157.62,155.5,156.44,138.13,4310768
2012-10-10,156.0,156.0,154.05,154.49,136.4,4295016
2012-10-11,155.29,156.95,154.61,156.21,137.93,9812932
2012-10-12,157.5,158.75,156.5,157.79,139.32,15506408
2012-10-15,158.1,158.73,155.65,158.54,139.98,7572068
2012-10-16,158.81,158.88,157.02,157.6,139.15,7273836
2012-10-17,158.0,158.12,156.62,157.02,138.65,6433772
2012-10-18,157.5,159.48,156.11,159.05,140.43,5618460
2012-10-19,158.0,158.75,156.75,157.12,138.73,9055400
2012-10-22,156.3,160.0,156.3,159.75,141.05,8241404
2012-10-23,159.76,159.88,158.12,158.52,139.97,8332960
2012-10-25,158.16,160.25,157.25,159.34,140.69,17011340
2012-10-29,159.46,160.62,158.89,160.15,141.4,5512328
2012-10-30,159.26,161.2,157.65,158.41,139.87,8834904
2012-10-31,158.52,158.98,157.51,158.55,139.99,7492968
2012-11-01,158.19,158.93,156.88,157.15,138.76,7058460
2012-11-02,159.5,159.5,157.0,157.57,139.13,5432772
2012-11-05,158.0,159.0,157.69,158.75,140.17,4022128
2012-11-06,158.49,160.3,158.49,159.89,141.17,7278084
2012-11-07,159.94,161.25,159.23,160.01,141.28,8200660
2012-11-08,159.12,160.25,158.88,159.75,141.05,3867800
2012-11-09,159.56,160.75,158.75,159.84,141.13,4420776
2012-11-12,159.31,163.45,159.31,162.82,143.77,9657456
2012-11-15,161.75,161.85,159.75,161.56,142.65,9442340
2012-11-16,160.75,162.15,160.04,160.56,141.77,12102824
2012-11-19,159.94,161.98,159.86,161.69,142.76,5787948
2012-11-20,162.27,163.98,162.06,163.46,144.33,9353388
2012-11-21,163.79,166.38,162.43,165.93,146.5,12929784
2012-11-22,166.7,167.79,166.0,167.27,147.7,8440964
2012-11-23,167.38,168.15,164.76,167.44,147.84,5249712
2012-11-26,168.25,168.43,165.02,165.48,146.11,5481536
2012-11-27,166.23,170.95,166.23,170.12,150.21,16502672
2012-11-29,169.38,175.94,168.85,174.96,154.48,25199452
2012-11-30,175.25,176.38,172.4,175.99,155.39,15639292
2012-12-03,175.0,175.29,171.0,171.74,151.64,11636340
2012-12-04,171.02,172.5,170.26,171.29,151.24,8679488
2012-12-05,172.25,173.75,171.75,173.15,152.88,9219860
2012-12-06,173.95,174.62,170.2,173.69,153.36,10904552
2012-12-07,173.81,174.5,172.0,173.27,152.99,7936632
2012-12-10,172.5,174.12,172.41,173.25,152.97,8324104
2012-12-11,173.81,174.75,171.57,172.71,152.5,13500552
2012-12-12,172.81,174.0,172.12,173.46,153.16,7736504
2012-12-13,173.46,174.0,172.25,172.76,152.54,6283232
2012-12-14,172.51,173.6,171.34,172.19,152.03,8373892
2012-12-17,171.98,171.98,168.4,169.12,149.33,12230212
2012-12-18,169.49,170.55,167.44,168.99,149.21,13375072
2012-12-19,168.64,172.31,168.62,172.0,151.87,16489012
2012-12-20,171.5,171.75,170.06,170.85,150.85,10260748
2012-12-21,170.25,170.5,168.51,169.0,149.22,11086244
2012-12-24,170.0,170.04,167.95,169.02,149.24,5482252
2012-12-26,169.52,171.21,168.27,170.07,150.17,5723216
2012-12-27,171.0,171.0,169.18,170.02,150.12,9858168
2012-12-28,170.27,170.75,168.54,169.41,149.58,7024264
2012-12-31,169.25,170.0,168.5,169.65,149.79,5107288
2013-01-01,170.52,171.27,169.91,171.12,151.09,4029212
2013-01-02,172.48,172.5,170.76,171.84,151.72,9709596
2013-01-03,172.5,172.5,170.1,170.84,150.84,9142732
2013-01-04,171.25,171.25,168.2,169.84,149.96,10884508
2013-01-07,170.93,170.93,166.5,167.05,147.5,11004568
2013-01-08,167.0,168.35,166.43,167.56,147.95,9885196
2013-01-09,168.0,168.14,166.51,166.88,147.34,12871964
2013-01-10,167.38,169.5,166.62,168.95,149.17,9130368
2013-01-11,169.23,169.23,166.68,167.32,147.74,10283428
2013-01-14,167.04,167.62,166.77,167.32,147.74,11389748
2013-01-15,167.7,168.86,166.25,167.07,147.52,8263376
2013-01-16,166.39,167.3,164.4,165.12,145.8,9150756
2013-01-17,164.43,167.71,163.51,166.7,147.19,12844144
2013-01-18,167.5,168.5,163.82,165.71,146.32,20224692
2013-01-21,165.0,165.85,163.69,164.64,145.37,10854720
2013-01-22,164.62,165.25,161.89,163.44,144.31,8486128
2013-01-23,164.25,165.75,163.59,164.15,144.94,7079740
2013-01-24,163.9,165.69,163.81,165.07,145.75,6147960
2013-01-25,165.07,166.75,163.89,166.26,146.8,5589732
2013-01-28,166.31,168.0,166.11,167.59,147.97,7368020
2013-01-29,167.69,167.73,162.5,163.11,144.02,11961748
2013-01-30,163.25,164.6,161.0,164.16,144.95,10039632
2013-01-31,164.15,164.48,160.02,160.76,141.95,13888384
2013-02-01,161.2,161.21,159.05,160.04,141.31,10484144
2013-02-04,160.29,162.38,160.0,161.73,142.8,10475800
2013-02-05,159.09,161.8,159.09,161.04,142.19,7460020
2013-02-06,161.65,161.73,159.3,159.88,141.16,9873588
2013-02-07,159.07,160.75,158.64,160.38,141.6,9082836
2013-02-08,160.12,163.35,160.12,162.51,143.49,18826656
2013-02-11,162.5,164.99,162.5,164.24,145.01,15167060
2013-02-12,163.91,166.75,163.91,166.3,146.83,15832836
2013-02-13,165.82,166.85,164.88,166.05,146.61,14508832
2013-02-14,166.0,169.6,165.5,168.7,148.95,17684152
2013-02-15,167.93,170.2,167.05,169.19,149.38,12488780
2013-02-18,169.5,170.23,168.5,169.0,149.22,9469164
2013-02-19,168.62,169.35,167.89,168.7,148.95,2374812
2013-02-20,169.38,170.2,168.73,169.24,149.43,6861684
2013-02-21,168.75,169.36,166.01,166.56,147.07,10871872
2013-02-22,165.55,166.6,164.39,164.82,145.53,7708384
2013-02-25,165.81,166.3,163.52,164.11,144.9,7552944
2013-02-26,163.7,165.75,161.35,162.81,143.76,11742640
2013-02-27,163.07,163.5,160.23,160.69,141.88,12871336
2013-02-28,161.74,163.74,154.84,156.34,138.04,27887004
2013-03-01,156.25,157.4,154.07,155.62,137.41,17220728
2013-03-04,155.09,157.57,154.5,156.91,138.55,11969800
2013-03-05,157.73,158.68,155.79,158.24,139.72,10557580
2013-03-06,158.74,159.29,157.25,157.62,139.17,10933316
2013-03-07,157.09,160.74,156.79,160.45,141.67,5950984
2013-03-08,161.05,165.0,160.85,164.32,145.09,10596860
2013-03-11,164.32,164.93,162.56,163.81,144.64,8504584
2013-03-12,163.25,163.93,160.02,161.0,142.15,6895724
2013-03-13,160.26,161.48,158.05,158.73,140.15,7913372
2013-03-14,158.73,163.38,153.84,162.31,143.31,31914436
2013-03-15,161.25,162.48,158.45,159.85,141.14,15439608
2013-03-18,158.25,163.5,157.5,160.82,142.0,17561924
2013-03-19,160.75,160.95,156.0,157.89,139.41,20028460
2013-03-20,158.0,158.36,155.25,156.38,138.07,11336436
2013-03-21,155.66,157.2,150.94,151.75,133.99,14452588
2013-03-22,152.25,153.65,150.65,151.31,133.6,29525900
2013-03-25,152.75,153.34,151.89,152.35,134.52,27198976
2013-03-26,151.5,154.38,150.64,153.62,135.64,13274404
2013-03-28,154.12,157.79,151.74,156.34,138.04,19496092
2013-04-01,156.16,157.25,155.25,155.96,137.71,6708772
2013-04-02,156.25,158.57,154.48,157.48,139.04,6857420
2013-04-03,157.0,157.91,154.88,155.91,137.66,6703616
2013-04-04,154.7,155.85,153.36,154.04,136.01,8181984
2013-04-05,153.74,156.6,153.35,155.24,137.07,12959920
2013-04-08,154.74,157.24,154.44,156.11,137.84,8652128
2013-04-09,157.02,157.02,154.35,155.15,136.99,14760408
2013-04-10,156.7,158.41,154.74,158.0,139.51,15144504
2013-04-11,158.12,160.5,157.98,159.81,141.11,25066068
2013-04-12,159.02,161.46,159.02,160.93,142.09,15206080
2013-04-15,160.52,160.86,158.75,160.39,141.61,15923768
2013-04-16,160.75,166.46,160.59,165.84,146.43,13740312
2013-04-17,166.25,167.96,164.2,165.02,145.71,14956948
2013-04-18,163.5,168.85,163.5,168.4,148.69,9223784
2013-04-22,168.68,175.5,168.68,174.57,154.14,19860152
2013-04-23,174.7,175.0,169.7,172.25,152.09,23863560
2013-04-25,173.09,173.75,170.01,172.39,152.21,25895124
2013-04-26,171.91,173.06,170.75,172.27,152.11,8568744
2013-04-29,172.06,174.21,171.62,173.79,153.45,11675432
2013-04-30,173.5,173.99,169.2,170.57,150.61,12552272
2013-05-02,171.1,173.5,170.57,173.12,152.86,12303268
2013-05-03,173.15,173.5,169.66,170.24,150.31,12286584
2013-05-06,169.75,169.82,167.49,168.88,149.11,7673460
2013-05-07,169.07,172.48,168.12,172.01,151.88,11098464
2013-05-08,172.25,174.88,171.62,174.29,153.89,8653956
2013-05-09,174.76,174.88,172.05,172.51,152.32,4523360
2013-05-10,172.18,176.23,172.16,175.84,155.26,13913256
2013-05-13,176.25,177.86,172.7,173.19,152.92,9593972
2013-05-14,172.51,173.73,171.27,172.26,152.1,6653676
2013-05-15,173.38,179.0,172.84,178.71,157.79,14173480
2013-05-16,178.0,181.0,177.75,180.7,159.55,11660616
2013-05-17,180.62,180.62,177.3,179.73,158.69,12819852
2013-05-20,179.88,181.0,178.04,178.62,157.72,5841608
2013-05-21,178.5,179.5,176.26,176.95,156.24,9206500
2013-05-22,176.88,178.0,174.5,175.86,155.28,5412112
2013-05-23,174.75,176.61,173.57,174.65,154.21,7905248
2013-05-24,176.44,176.44,173.57,175.34,154.81,8264240
2013-05-27,174.65,179.25,174.65,178.76,157.84,8995208
2013-05-28,178.56,180.2,176.7,178.32,157.45,6707916
2013-05-29,177.51,179.61,175.96,178.99,158.04,4933492
2013-05-30,177.52,181.82,177.52,181.29,160.07,15357456
2013-05-31,179.31,180.18,174.43,175.12,154.63,12332896
2013-06-03,174.5,175.35,171.64,172.29,152.12,7890124
2013-06-04,171.82,173.45,170.25,170.76,150.77,5616324
2013-06-05,170.5,173.6,169.62,171.99,151.86,7563676
2013-06-06,170.88,172.35,169.5,170.55,150.59,7116412
2013-06-07,170.44,173.35,168.3,169.04,149.25,9556224
2013-06-10,170.26,171.75,167.88,169.09,149.3,6368012
2013-06-11,168.36,170.23,165.55,166.23,146.77,11820860
2013-06-12,165.5,168.35,164.61,165.99,146.56,9815652
2013-06-13,164.4,165.25,163.34,163.77,145.81,7149736
2013-06-14,165.5,167.11,164.82,166.26,148.03,14965212
2013-06-17,166.4,167.3,164.34,166.84,148.54,13070908
2013-06-18,167.0,167.0,163.75,164.36,146.34,12446568
2013-06-19,164.02,166.65,163.21,166.3,148.06,9646956
2013-06-20,164.71,164.71,158.65,159.15,141.7,15138044
2013-06-21,159.2,160.64,157.52,158.81,141.39,17899844
2013-06-24,157.95,158.46,155.94,156.34,139.19,10768052
2013-06-25,156.5,161.6,155.6,158.5,141.12,18686432
2013-06-26,157.88,159.41,155.0,155.71,138.63,10476020
2013-06-27,158.5,163.18,155.59,161.62,143.9,27003560
2013-06-28,162.38,168.3,162.27,167.38,149.02,21082680
2013-07-01,167.25,168.5,166.16,167.19,148.85,9838684
2013-07-02,167.18,167.19,163.57,164.14,146.14,9183152
2013-07-03,163.5,163.68,160.9,162.66,144.82,13386260
2013-07-04,163.45,164.36,161.43,163.79,145.82,9591060
2013-07-05,165.02,168.19,164.62,166.94,148.63,9543496
2013-07-08,166.0,166.86,163.19,165.11,147.0,7169296
2013-07-09,165.55,168.44,165.55,167.57,149.2,7040192
2013-07-10,167.56,167.98,164.04,164.82,146.75,7138580
2013-07-11,166.75,171.68,166.51,170.81,152.08,10599568
2013-07-12,171.75,174.43,170.45,173.94,154.86,15634852
2013-07-15,172.75,174.51,171.0,173.86,154.79,8511888
2013-07-16,169.75,171.12,167.49,169.68,151.07,11647384
2013-07-17,169.45,170.2,161.98,165.73,147.55,22633988
2013-07-18,167.48,172.12,164.24,171.02,152.27,13663880
2013-07-19,172.01,172.99,168.29,170.0,151.36,12458420
2013-07-22,169.0,171.75,169.0,170.51,151.81,6460432
2013-07-23,171.98,172.5,170.26,170.9,152.16,7414784
2013-07-24,168.5,169.0,163.38,164.99,146.89,14628748
2013-07-25,165.16,166.5,162.54,163.46,145.53,16267256
2013-07-26,164.0,164.06,159.5,161.02,143.36,9356492
2013-07-29,160.75,160.75,157.41,158.12,140.78,14922224
2013-07-30,157.69,158.75,155.02,156.34,139.19,14691084
2013-07-31,155.25,155.45,151.73,152.44,135.72,26824520
2013-08-01,153.48,159.45,153.1,158.05,140.72,23446608
2013-08-02,157.5,158.7,156.71,157.81,140.5,20015848
2013-08-05,157.89,158.86,153.75,158.18,140.83,13598372
2013-08-06,157.75,157.84,151.62,152.16,135.47,19645180
2013-08-07,152.49,153.59,150.0,150.3,133.82,22756456
2013-08-08,151.0,154.38,150.0,152.62,135.89,20461448
2013-08-12,152.51,152.7,149.66,150.55,134.04,15700868
2013-08-13,150.96,156.2,149.54,155.12,138.11,14702392
2013-08-14,155.5,155.91,152.16,155.34,138.3,14303708
2013-08-16,153.5,155.5,146.23,146.98,130.86,28059568
2013-08-19,146.75,147.15,142.57,146.18,130.14,20018440
2013-08-20,143.74,147.48,141.62,146.19,130.15,25726984
2013-08-21,151.5,154.84,147.5,148.34,132.07,28908596
2013-08-22,147.25,150.93,142.5,147.18,131.03,30250692
2013-08-23,148.0,152.29,147.07,151.89,135.23,20698444
2013-08-26,153.09,155.7,150.64,152.82,136.06,14607608
2013-08-27,149.32,150.0,138.86,140.48,125.07,54708372
2013-08-28,138.93,143.0,132.0,140.49,125.08,37067552
2013-08-29,142.0,145.62,142.0,143.01,127.33,40771004
2013-08-30,142.75,150.0,142.66,148.5,132.21,36616916
2013-09-02,149.5,151.09,145.62,147.38,131.21,19515716
2013-09-03,149.23,149.23,139.26,140.64,125.21,18140008
2013-09-04,141.86,144.21,139.79,141.01,125.55,20941800
2013-09-05,146.0,155.73,146.0,152.38,135.66,33246248
2013-09-06,152.75,155.0,146.69,154.05,137.15,18997216
2013-09-10,155.14,160.25,154.6,159.5,142.01,20298836
2013-09-11,158.25,162.5,156.39,161.81,144.07,12690392
2013-09-12,160.62,161.5,156.9,158.49,141.11,17676536
2013-09-13,158.11,158.62,155.25,157.3,140.05,15503120
2013-09-16,159.38,162.23,157.25,160.7,143.08,12139216
2013-09-17,159.5,161.25,158.4,160.56,142.95,8432088
2013-09-18,160.9,163.73,157.79,162.62,144.79,10989616
2013-09-19,170.0,172.48,169.07,170.8,152.07,29280904
2013-09-20,170.62,171.61,158.81,164.76,146.69,24726152
2013-09-23,162.75,163.09,158.27,160.49,142.89,13985240
2013-09-24,158.26,161.09,157.49,159.61,142.11,18175188
2013-09-25,159.5,160.43,153.3,155.15,138.13,20980920
2013-09-26,155.34,156.5,154.5,155.29,138.26,22582440
2013-09-27,155.5,156.0,151.25,152.23,135.53,16408692
2013-09-30,151.5,153.21,146.93,148.26,132.0,17062428
2013-10-01,149.7,153.6,147.34,152.91,136.14,12997108
2013-10-03,153.82,159.75,152.5,159.05,141.61,9772912
2013-10-04,158.88,161.85,158.75,160.11,142.55,13628376
2013-10-07,159.12,159.54,154.56,158.57,141.18,9922000
2013-10-08,162.62,163.64,156.45,158.16,140.82,11768148
2013-10-09,156.3,162.73,155.75,162.29,144.49,8668760
2013-10-10,162.25,162.25,158.34,160.26,142.69,8345284
2013-10-11,161.82,165.94,159.84,165.32,147.19,13390264
2013-10-14,164.39,167.32,162.16,166.88,148.57,12375720
2013-10-15,168.25,168.75,161.65,163.11,145.22,16143324
2013-10-17,163.25,164.99,160.64,163.55,145.61,14551588
2013-10-18,163.81,169.89,163.81,169.15,150.6,21281184
2013-10-21,168.5,169.7,165.64,167.81,149.41,11225424
2013-10-22,167.75,168.49,166.3,167.25,148.91,8758096
2013-10-23,167.25,167.25,163.45,165.05,146.95,13544956
2013-10-24,164.05,168.94,164.05,167.32,148.97,12321928
2013-10-25,166.31,168.74,165.79,168.14,149.7,8946872
2013-10-28,168.25,168.75,166.35,166.98,148.66,8382088
2013-10-29,167.0,172.25,163.89,171.62,152.8,15222916
2013-10-30,171.5,171.88,168.94,169.84,151.21,10188672
2013-10-31,169.05,171.26,168.35,170.2,151.53,18195556
2013-11-01,170.4,172.0,169.55,170.95,152.2,15642444
2013-11-05,170.11,171.25,168.25,169.06,150.52,14258472
2013-11-06,169.73,169.8,166.31,167.23,148.88,4610652
2013-11-07,167.5,169.38,164.23,166.35,148.11,7789140
2013-11-08,165.85,166.91,161.16,163.12,145.23,13480760
2013-11-11,161.0,165.18,154.18,163.56,145.62,11216304
2013-11-12,163.14,165.76,160.84,161.49,143.78,8980320
2013-11-13,159.75,161.86,157.09,158.43,141.05,10561084
2013-11-14,159.5,162.48,159.5,160.55,142.94,12626860
2013-11-18,162.85,167.5,162.26,167.2,148.86,14873920
2013-11-19,167.1,167.1,164.36,165.01,146.91,6789036
2013-11-20,164.18,164.75,161.6,162.39,144.58,8370096
2013-11-21,161.14,161.4,158.79,159.41,141.93,12787656
2013-11-22,160.62,161.73,158.77,160.54,142.93,7492384
2013-11-25,162.01,165.44,162.01,164.94,146.85,16150540
2013-11-26,164.43,164.98,162.1,163.24,145.33,14478516
2013-11-27,162.77,164.69,161.02,163.39,145.47,8593012
2013-11-28,163.9,165.75,162.01,163.35,145.43,14773732
2013-11-29,163.75,167.23,163.75,165.32,147.19,9571080
2013-12-02,165.5,166.25,164.51,165.32,147.19,6858612
2013-12-03,165.0,165.55,163.16,163.94,145.96,10288280
2013-12-04,163.73,164.89,163.36,164.4,146.37,10476608
2013-12-05,167.89,172.48,167.89,172.02,153.16,32019992
2013-12-06,171.23,172.4,169.56,170.68,151.96,16069232
2013-12-09,177.5,179.35,173.14,174.16,155.06,25265628
2013-12-10,173.09,175.46,172.5,174.18,155.07,25064880
2013-12-11,172.52,175.45,171.73,173.89,154.82,12289776
2013-12-12,173.3,175.14,172.62,173.8,154.74,12867696
2013-12-13,171.95,175.5,171.25,172.49,153.57,25316080
2013-12-16,172.0,172.73,170.3,171.09,152.32,21432244
2013-12-17,168.91,168.91,163.51,164.4,146.37,17942644
2013-12-18,162.62,170.16,162.39,166.56,148.29,14087316
2013-12-19,169.75,170.99,162.6,163.14,145.25,10019516
2013-12-20,164.45,167.15,162.52,166.15,147.93,5722468
2013-12-23,164.5,167.88,164.25,166.11,147.89,5531232
2013-12-24,166.39,166.62,163.76,164.32,146.3,3554696
2013-12-26,164.96,168.05,164.23,167.26,148.92,8046760
2013-12-27,166.02,168.86,166.02,167.41,149.05,5464012
2013-12-30,169.2,169.25,166.29,167.38,149.02,4227604
2013-12-31,168.02,168.07,165.02,166.46,148.21,5261312
2014-01-01,167.0,167.45,165.75,166.29,148.05,4492436
2014-01-02,166.25,168.69,163.39,164.25,146.24,7228992
2014-01-03,163.0,166.5,162.5,165.77,147.59,6513184
2014-01-06,165.75,165.75,164.25,165.43,147.28,5963420
2014-01-07,166.77,167.74,163.32,166.1,147.88,7896920
2014-01-08,166.3,166.74,165.0,166.18,147.95,4649480
2014-01-09,165.8,166.51,164.27,165.74,147.56,3777472
2014-01-10,165.74,168.68,164.07,165.51,147.36,6150508
2014-01-13,165.02,169.24,164.23,168.21,149.76,4752580
2014-01-14,167.26,169.0,167.07,168.07,149.64,3577120
2014-01-15,168.25,170.68,167.4,170.14,151.48,4627840
2014-01-16,171.1,171.25,167.59,168.26,149.81,4501176
2014-01-17,168.75,168.75,164.76,166.25,148.02,43374856
2014-01-20,167.02,169.18,166.6,167.51,149.14,5600368
2014-01-21,168.24,169.7,167.5,169.02,150.49,6251924
2014-01-22,168.88,171.18,168.66,169.27,150.71,7033336
2014-01-23,168.75,170.27,168.19,169.88,151.24,5482740
2014-01-24,167.5,168.74,165.93,168.35,149.89,8842900
2014-01-27,166.23,166.23,161.4,162.3,144.5,17060448
2014-01-28,162.0,164.0,159.65,161.11,143.44,18395424
2014-01-29,161.88,162.73,160.14,161.36,143.67,10970924
2014-01-30,159.38,159.98,156.91,157.95,140.63,11425460
2014-01-31,157.5,159.07,156.27,157.12,139.89,9620984
2014-02-03,157.49,158.5,156.27,156.62,139.45,4776820
2014-02-04,155.41,158.88,154.2,157.65,140.36,7409304
2014-02-05,157.75,159.95,156.27,159.36,141.88,6905384
2014-02-06,159.69,162.4,157.38,161.75,144.01,13466944
2014-02-07,163.1,163.62,160.52,161.94,144.18,4029468
2014-02-10,161.91,162.54,159.0,160.98,143.32,6280820
2014-02-11,161.5,161.79,159.82,161.2,143.52,4464856
2014-02-12,161.65,163.2,160.91,161.36,143.67,6436960
2014-02-13,161.5,162.0,157.81,158.12,140.78,3155200
2014-02-14,158.5,160.96,157.34,160.45,142.85,4249112
2014-02-17,160.5,163.0,160.27,162.6,144.77,3650120
2014-02-18,162.12,166.1,161.85,165.1,146.99,5019672
2014-02-19,164.05,168.06,163.75,167.51,149.14,4060948
2014-02-20,166.45,166.86,165.21,165.69,147.52,3448436
2014-02-21,164.96,167.4,164.93,166.1,147.88,3043872
2014-02-24,165.52,168.25,163.94,167.75,149.35,5018984
2014-02-25,168.5,169.0,166.5,167.77,149.37,4020560
2014-02-26,167.5,169.8,167.14,169.35,150.78,4551340
2014-02-28,170.5,170.73,166.29,167.4,149.04,4903584
2014-03-03,166.3,168.0,165.8,166.55,148.28,3678432
2014-03-04,166.5,168.46,166.06,167.93,149.51,6443868
2014-03-05,168.38,168.75,165.62,167.44,149.07,4006984
2014-03-06,168.25,169.43,167.02,168.9,150.38,4948680
2014-03-07,169.9,178.73,169.05,177.86,158.36,22767568
2014-03-10,176.62,184.23,175.0,183.61,163.47,26123852
2014-03-11,183.62,185.0,179.89,181.29,161.4,13000472
2014-03-12,180.31,183.25,179.12,181.39,161.49,7110216
2014-03-13,181.88,187.38,181.88,185.59,165.23,11448452
2014-03-14,183.75,184.98,181.0,183.04,162.96,12208480
2014-03-18,183.85,186.2,182.07,183.5,163.37,8102724
2014-03-19,185.0,185.82,183.94,184.61,164.37,6055136
2014-03-20,184.61,184.61,182.0,182.55,162.53,5195084
2014-03-21,183.79,184.38,182.8,183.46,163.34,7525592
2014-03-24,183.62,188.23,183.5,187.66,167.08,11713860
2014-03-25,187.5,190.14,186.94,187.54,166.97,8031092
2014-03-26,188.2,189.07,186.02,186.51,166.06,9409312
2014-03-27,187.5,190.19,185.5,186.69,166.21,24554932
2014-03-28,187.49,188.52,183.76,186.24,165.81,12160900
2014-03-31,186.99,188.25,185.77,187.2,166.67,8262428
2014-04-01,187.88,188.39,183.14,184.52,164.29,8051832
2014-04-02,186.24,186.5,180.48,182.98,162.91,10398752
2014-04-03,184.0,184.5,181.56,182.2,162.22,5559704
2014-04-04,181.39,183.25,180.01,181.36,161.47,7422408
2014-04-07,181.25,183.0,180.77,181.34,161.45,11733156
2014-04-09,182.01,186.23,180.44,185.46,165.12,10520384
2014-04-10,186.16,187.16,184.0,184.85,164.58,7494792
2014-04-11,183.51,186.2,183.48,184.54,164.3,5207952
2014-04-15,183.57,184.7,179.52,180.99,161.14,8371868
2014-04-16,180.8,182.95,180.27,181.49,161.58,3572392
2014-04-17,179.06,180.32,176.82,179.68,159.97,12302328
2014-04-21,180.68,181.62,178.25,179.11,159.47,6987752
2014-04-22,180.48,182.4,179.35,181.89,161.94,11395824
2014-04-23,181.23,184.86,180.65,183.25,163.15,21025344
2014-04-24,183.25,183.25,183.25,183.25,163.15,0
2014-04-25,183.29,184.5,181.25,181.6,161.68,6212444
2014-04-28,180.56,182.31,180.14,181.3,161.42,4882860
2014-04-29,181.6,181.88,178.12,178.95,159.32,6641236
2014-04-30,179.0,182.48,177.91,180.32,160.55,8786920
2014-05-02,180.88,181.89,178.89,179.27,159.61,5915292
2014-05-05,179.96,180.77,178.5,179.18,159.52,5192324
2014-05-06,180.05,181.15,178.52,180.05,160.3,6184560
2014-05-07,179.62,181.75,177.86,178.9,159.28,6598624
2014-05-08,179.29,180.75,178.88,179.57,159.88,7520428
2014-05-09,180.0,190.0,180.0,189.2,168.45,16376444
2014-05-12,188.77,198.71,188.62,198.04,176.32,17561360
2014-05-13,200.0,200.0,195.62,197.04,175.43,12665216
2014-05-14,196.25,198.7,193.56,193.86,172.6,8501500
2014-05-15,192.25,197.79,191.51,197.09,175.47,9466188
2014-05-16,200.0,213.5,196.91,201.18,179.11,32868368
2014-05-19,203.98,208.75,202.0,202.98,180.71,10522804
2014-05-20,204.0,205.4,201.09,204.01,181.64,6357032
2014-05-21,203.09,203.62,201.25,202.38,180.18,3642388
2014-05-22,203.0,203.75,199.5,200.65,178.64,7806456
2014-05-23,199.75,200.75,195.68,197.41,175.76,9818936
2014-05-26,199.75,201.01,197.5,199.29,177.43,17395232
2014-05-27,200.0,202.66,197.09,201.23,179.16,7619524
2014-05-28,199.98,206.69,199.88,205.86,183.28,14355564
2014-05-29,205.65,207.69,201.85,202.56,180.35,13684008
2014-05-30,203.75,205.7,182.5,198.19,176.45,32807544
2014-06-02,198.38,205.59,198.38,204.85,182.38,8083132
2014-06-03,205.75,206.96,203.5,206.09,183.48,3624148
2014-06-04,205.6,207.43,203.77,204.18,181.78,2864340
2014-06-05,202.95,203.85,200.25,201.36,180.79,7674472
2014-06-06,203.25,205.25,200.25,203.81,182.99,10565276
2014-06-09,205.48,207.5,203.75,204.86,183.94,9339920
2014-06-10,205.29,205.9,202.5,204.16,183.31,4999344
2014-06-11,204.25,207.46,202.5,205.12,184.17,7743772
2014-06-12,206.12,211.24,203.21,209.96,188.52,12732048
2014-06-13,211.0,214.0,207.91,208.85,187.52,12212884
2014-06-16,207.75,210.7,207.57,209.75,188.33,5309880
2014-06-17,209.0,212.2,206.84,211.64,190.02,6988120
2014-06-18,211.77,212.85,207.19,208.71,187.39,5374628
2014-06-19,209.27,209.99,205.55,206.44,185.35,4720996
2014-06-20,206.5,207.94,204.84,205.49,184.5,2969768
2014-06-23,206.0,206.64,203.82,205.36,184.39,5840844
2014-06-24,206.34,208.19,206.25,207.25,186.08,5066224
2014-06-25,207.25,208.3,205.75,206.02,184.98,6330624
2014-06-26,205.0,206.65,202.16,203.1,182.35,21808264
2014-06-27,204.46,205.5,203.5,204.05,183.21,5142960
2014-06-30,204.98,208.18,204.98,205.39,184.41,6176100
2014-07-01,205.75,206.99,203.75,205.82,184.8,7641372
2014-07-02,207.7,210.5,206.38,209.98,188.53,7626724
2014-07-03,210.25,211.32,207.84,209.2,187.83,6062740
2014-07-04,209.2,214.74,208.77,214.16,192.29,5631988
2014-07-07,214.98,215.18,208.96,210.11,188.65,8131968
2014-07-08,211.0,212.09,205.0,207.31,186.14,6732272
2014-07-09,207.0,208.71,204.5,207.57,186.37,5795552
2014-07-10,207.57,212.0,203.06,205.84,184.81,9857544
2014-07-11,205.27,207.86,202.2,202.95,182.22,9198780
2014-07-14,203.75,205.0,201.79,204.36,183.49,4921608
2014-07-15,205.19,207.2,204.12,206.7,185.59,6092036
2014-07-16,207.38,209.62,204.48,208.94,187.6,9589300
2014-07-17,209.68,209.75,207.38,207.95,186.71,5039100
2014-07-18,207.23,209.2,205.5,208.11,186.85,7288432
2014-07-21,210.43,211.74,206.31,206.86,185.73,9813656
2014-07-22,207.48,210.66,206.75,209.96,188.52,6970352
2014-07-23,210.77,211.25,208.75,209.07,187.72,7849852
2014-07-24,209.0,211.0,208.25,210.56,189.05,4278600
2014-07-25,210.25,212.45,208.54,208.88,187.54,10665952
2014-07-28,209.62,209.95,207.0,207.39,186.2,3884952
2014-07-30,207.75,210.48,206.71,209.7,188.28,4685380
2014-07-31,209.48,209.98,207.14,208.5,187.2,11901344
2014-08-01,206.51,206.95,203.0,203.86,183.04,6828460
2014-08-04,204.75,205.68,201.77,203.25,182.49,7363044
2014-08-05,204.25,205.75,202.48,205.05,184.11,6077104
2014-08-06,203.76,204.89,201.84,202.5,181.82,3381400
2014-08-07,203.23,204.62,202.5,202.88,182.15,3933740
2014-08-08,201.25,201.95,198.75,199.04,178.71,7450680
2014-08-11,200.25,200.71,197.85,198.24,177.99,5626224
2014-08-12,200.25,202.12,198.0,201.8,181.19,6603072
2014-08-13,202.5,203.94,200.66,203.1,182.35,7839820
2014-08-14,203.52,207.91,203.32,206.68,185.56,11873224
2014-08-18,207.5,208.62,205.9,208.09,186.83,6702168
2014-08-19,208.25,209.38,205.56,205.96,184.92,7892856
2014-08-20,207.25,208.65,204.75,205.14,184.18,9434852
2014-08-21,205.5,208.8,205.25,208.12,186.87,6390480
2014-08-22,208.59,212.19,207.01,211.69,190.06,10015288
2014-08-25,210.75,213.2,209.3,210.86,189.32,6656064
2014-08-26,211.12,212.12,209.52,210.62,189.11,4165256
2014-08-27,211.5,211.5,208.5,209.15,187.79,4852968
2014-08-28,209.38,211.38,208.5,210.89,189.35,7991452
2014-09-01,211.48,212.25,209.65,210.3,188.82,4154656
2014-09-02,210.77,215.27,209.66,214.8,192.86,11442252
2014-09-03,216.25,216.25,212.9,214.16,192.29,9234780
2014-09-04,214.51,214.75,212.12,212.96,191.21,6406968
2014-09-05,213.0,213.89,211.02,212.11,190.45,3835208
2014-09-08,212.75,216.95,212.36,216.19,194.11,9788344
2014-09-09,215.02,217.48,214.45,216.4,194.3,7661044
2014-09-10,216.25,216.25,213.52,214.32,192.43,4314252
2014-09-11,214.35,215.77,213.25,213.59,191.77,6532864
2014-09-12,212.52,214.5,212.24,213.93,192.07,6086556
2014-09-15,212.5,216.25,212.5,215.09,193.12,5809088
2014-09-16,215.25,215.51,212.0,212.75,191.02,5076268
2014-09-17,213.75,213.98,210.52,211.6,189.99,7905896
2014-09-18,211.19,215.25,210.56,214.54,192.62,6652568
2014-09-19,215.0,216.25,212.85,215.06,193.1,6542108
2014-09-22,214.24,214.62,212.75,214.21,192.33,6534316
2014-09-23,214.01,214.46,211.4,212.21,190.54,4716976
2014-09-24,211.77,214.32,211.26,213.86,192.02,6665496
2014-09-25,213.25,216.4,210.52,212.49,190.78,16595960
2014-09-26,212.49,219.75,211.25,217.91,195.65,9882252
2014-09-29,218.25,219.34,215.3,216.27,194.18,8682268
2014-09-30,216.05,219.95,215.29,218.16,195.88,12035432
2014-10-01,216.5,217.79,215.12,217.0,194.83,5870188
2014-10-07,216.25,216.75,213.52,215.61,193.59,5026288
2014-10-08,215.14,217.5,214.57,216.9,194.74,3140384
2014-10-09,218.5,223.24,217.06,221.9,199.23,7650420
2014-10-10,220.76,221.29,216.23,216.82,194.68,4266980
2014-10-13,216.0,219.5,213.91,219.2,196.81,5376512
2014-10-14,221.25,221.49,216.29,217.09,194.91,7266240
2014-10-15,217.09,217.09,217.09,217.09,194.91,0
2014-10-16,217.1,218.5,213.76,214.71,192.78,5533084
2014-10-17,215.06,222.02,214.27,221.31,198.71,9977920
2014-10-20,223.5,227.4,222.54,223.45,200.63,9532004
2014-10-21,225.0,226.44,221.91,223.89,201.02,16037152
2014-10-22,226.26,226.59,222.81,223.41,200.59,4571544
2014-10-27,224.76,226.82,223.54,224.31,201.4,6724768
2014-10-28,224.75,225.05,223.5,223.82,200.96,5803492
2014-10-29,225.05,225.62,222.5,222.89,200.12,7896188
2014-10-30,222.48,224.99,221.77,224.16,201.27,10738180
2014-10-31,225.02,228.65,224.34,227.96,204.68,10105988
2014-11-03,228.8,229.82,226.35,227.68,204.42,7239648
2014-11-05,228.76,230.07,227.56,228.2,204.89,7524180
2014-11-07,226.25,226.65,223.41,224.86,201.89,9028492
2014-11-10,224.88,227.09,223.25,226.16,203.06,6389756
2014-11-11,226.48,229.32,225.6,226.98,203.79,5913408
2014-11-12,227.75,229.98,226.04,227.94,204.65,9058664
2014-11-13,228.88,230.0,225.98,228.99,205.6,7388952
2014-11-14,229.55,233.25,227.94,232.52,208.77,8438056
2014-11-17,232.5,233.5,227.0,229.74,206.27,13464084
2014-11-18,230.25,233.75,228.0,233.05,209.25,9189112
2014-11-19,233.76,234.43,230.54,231.64,207.98,3454848
2014-11-20,231.99,231.99,228.02,229.55,206.1,4770372
2014-11-21,230.3,233.75,228.51,233.21,209.39,8823808
2014-11-24,233.09,237.5,232.02,236.3,212.16,7316860
2014-11-25,235.75,239.7,234.75,238.39,214.04,12156508
2014-11-26,234.95,239.98,233.32,237.82,213.53,8976428
2014-11-27,237.65,238.45,235.75,237.04,212.83,13211448
2014-11-28,237.0,241.48,236.75,239.29,214.85,9251860
2014-12-01,239.57,240.61,237.05,237.5,213.24,7389128
2014-12-02,235.44,237.4,234.8,235.82,211.74,4517556
2014-12-03,235.5,236.01,233.0,233.27,209.45,6661184
2014-12-04,235.0,236.06,233.0,235.35,211.31,6839104
2014-12-05,235.25,236.1,233.93,235.69,211.61,4074180
2014-12-08,236.25,236.25,231.25,231.79,208.11,4057128
2014-12-09,231.26,233.75,231.26,231.69,208.02,4873344
2014-12-10,231.52,233.75,231.32,232.85,209.07,5565432
2014-12-11,232.48,233.94,231.25,233.4,209.56,4818844
2014-12-12,233.25,234.05,232.25,232.88,209.09,4616828
2014-12-15,232.5,236.07,232.0,235.38,211.33,6638628
2014-12-16,234.39,235.5,229.25,231.44,207.8,4989956
2014-12-17,231.5,233.12,229.0,230.46,206.92,7064016
2014-12-18,233.15,234.12,230.51,233.51,209.66,6493828
2014-12-19,236.26,237.25,233.12,235.36,211.32,6114108
2014-12-22,238.5,241.52,235.62,240.93,216.32,8295612
2014-12-23,239.93,243.49,238.84,239.94,215.43,7544080
2014-12-24,239.48,241.2,235.27,236.31,212.17,16664812
2014-12-26,237.6,238.24,235.64,237.16,212.94,3366480
2014-12-29,237.52,239.0,237.07,237.93,213.62,3614800
2014-12-30,237.5,239.9,235.69,239.11,214.69,5681200
2014-12-31,239.0,239.32,237.44,237.9,213.6,4992528
2015-01-01,237.75,238.6,236.26,238.01,213.7,3544940
2015-01-02,237.6,242.32,237.6,241.32,216.67,5900384
2015-01-05,242.5,242.64,238.77,239.29,214.85,4796000
2015-01-06,238.5,239.14,234.39,235.56,211.5,8219680
2015-01-07,234.93,237.84,234.06,236.25,212.12,5746112
2015-01-08,238.56,242.24,237.05,241.21,216.57,9525824
2015-01-09,243.23,245.0,241.65,243.91,219.0,8985184
2015-01-12,242.35,243.6,241.12,241.76,217.07,4126412
2015-01-13,242.24,242.99,238.93,240.84,216.24,5828348
2015-01-14,240.01,243.66,239.93,240.98,216.36,3685232
2015-01-15,247.5,249.55,242.69,248.29,222.93,11398476
2015-01-16,250.55,253.73,249.64,250.34,224.77,7821308
2015-01-19,253.31,255.0,250.74,251.14,225.49,4239492
2015-01-20,252.5,256.75,250.5,255.24,229.17,8505804
2015-01-21,256.85,258.24,254.59,254.99,228.94,6740612
2015-01-22,256.25,258.12,254.64,255.31,229.23,6470680
2015-01-23,257.5,262.0,256.1,260.7,234.07,9987912
2015-01-27,260.75,269.44,260.23,268.51,241.09,9962400
2015-01-28,267.5,273.3,263.75,264.59,237.56,11364940
2015-01-29,268.75,275.15,265.25,273.75,245.79,20567616
2015-01-30,273.64,273.64,266.06,269.34,241.83,10570416
2015-02-02,267.12,273.25,263.09,270.4,242.78,5710352
2015-02-03,269.62,270.55,263.83,266.02,238.85,10200688
2015-02-04,265.75,270.2,264.31,266.92,239.66,6197512
2015-02-05,268.75,273.2,267.59,269.12,241.64,8059148
2015-02-06,269.25,269.74,262.51,263.38,236.47,6903120
2015-02-09,261.75,262.94,258.62,260.02,233.46,5231896
2015-02-10,257.5,265.58,257.5,263.61,236.69,9275752
2015-02-11,264.5,266.2,263.25,264.6,237.57,4161588
2015-02-12,266.27,270.48,263.17,269.0,241.52,5525740
2015-02-13,270.3,270.5,265.9,266.45,239.23,7714500
2015-02-16,268.95,271.25,265.62,266.89,239.63,7388716
2015-02-18,266.89,270.74,264.26,268.7,241.25,5381692
2015-02-19,268.5,271.23,265.95,269.95,242.38,4507004
2015-02-20,270.75,272.48,267.12,268.26,240.86,6206024
2015-02-23,269.27,270.39,265.5,266.88,239.62,5581564
2015-02-24,267.58,267.75,264.27,266.91,239.65,5846288
2015-02-25,267.5,268.7,262.5,263.11,236.24,4648524
2015-02-26,263.41,264.0,258.77,259.54,233.03,12426944
2015-02-27,261.36,264.64,261.36,263.5,236.58,10261784
2015-03-02,270.09,274.75,267.0,270.64,242.99,14385232
2015-03-03,271.61,273.0,269.26,270.84,243.17,6029348
2015-03-04,276.25,277.33,265.0,266.33,239.12,12277624
2015-03-05,266.25,272.5,265.62,271.27,243.57,9702452
2015-03-09,269.26,270.45,264.0,264.75,237.71,5755808
2015-03-10,265.5,265.56,261.25,263.14,236.26,5134836
2015-03-11,262.73,265.48,262.5,264.11,237.13,5465536
2015-03-12,265.02,265.98,262.77,263.65,236.72,7530836
2015-03-13,265.0,266.0,258.65,260.66,234.04,5426780
2015-03-16,261.25,264.48,260.62,262.89,236.04,5348772
2015-03-17,265.0,266.48,260.71,264.51,237.49,5369304
2015-03-18,265.04,267.98,263.3,265.89,238.73,5148332
2015-03-19,267.75,268.45,262.17,263.05,236.18,5373572
2015-03-20,262.75,264.88,261.49,263.98,237.01,6483236
2015-03-23,263.99,264.85,261.5,261.94,235.18,5446740
2015-03-24,260.83,264.25,258.86,259.49,232.98,8973564
2015-03-25,260.01,261.67,257.77,258.56,232.15,10608900
2015-03-26,256.73,258.05,250.52,251.74,226.02,35800620
2015-03-27,253.74,255.89,252.02,253.66,227.75,10840896
2015-03-30,255.0,259.75,253.2,259.23,232.75,6955144
2015-03-31,259.98,259.98,253.71,255.68,229.56,5962256
2015-04-01,256.52,259.21,253.25,258.31,231.93,3844196
2015-04-06,258.75,259.21,254.95,257.99,231.64,7151172
2015-04-07,258.31,259.55,255.91,258.19,231.82,6197072
2015-04-08,260.01,260.61,257.51,258.89,232.44,4106144
2015-04-09,259.56,264.75,257.5,264.02,237.06,7002784
2015-04-10,263.25,263.25,258.71,260.66,234.04,6119324
2015-04-13,260.0,261.58,258.7,259.7,233.17,4563236
2015-04-15,260.0,262.17,256.3,257.91,231.57,4893996
2015-04-16,257.0,258.39,254.5,257.41,231.12,5610120
2015-04-17,256.27,256.96,254.01,254.56,228.56,4049012
2015-04-20,255.0,256.25,250.65,251.27,225.61,5188880
2015-04-21,251.25,253.6,248.9,250.75,225.14,6510744
2015-04-22,251.62,255.25,248.38,253.27,227.4,6765936
2015-04-23,255.01,256.05,251.52,253.38,227.49,9627828
2015-04-24,254.73,254.75,250.09,251.61,225.91,7205244
2015-04-27,251.74,253.12,249.0,251.36,225.69,7370704
2015-04-28,249.89,252.86,247.52,251.14,225.49,7942108
2015-04-29,251.0,252.38,247.0,248.29,222.93,7863564
2015-04-30,247.75,248.75,244.76,247.2,221.95,15143684
2015-05-04,248.51,252.38,248.0,250.24,224.68,3141448
2015-05-05,249.76,250.98,246.46,246.91,221.69,5138004
2015-05-06,246.88,246.88,241.38,242.65,217.86,11007696
2015-05-07,242.0,242.5,236.05,237.82,213.53,11736664
2015-05-08,240.38,246.95,238.85,245.5,220.42,11571932
2015-05-11,246.51,248.19,243.51,247.57,222.29,6731344
2015-05-12,247.5,247.5,241.75,242.99,218.17,11107568
2015-05-13,243.96,248.35,242.9,247.56,222.28,7791848
2015-05-14,247.25,248.71,243.5,247.76,222.45,4455188
2015-05-15,248.73,249.39,246.05,247.52,222.24,8153624
2015-05-18,249.0,253.0,248.0,252.46,226.67,5713304
2015-05-19,251.59,254.5,249.52,251.89,226.16,4786348
2015-05-20,252.41,256.7,252.39,256.01,229.86,4008840
2015-05-21,256.0,257.5,253.77,256.17,230.01,3934380
2015-05-22,256.17,257.25,254.59,256.08,229.92,4689536
2015-05-25,257.1,257.75,254.4,255.89,229.75,4369060
2015-05-26,256.11,257.55,254.51,256.85,230.61,4906344
2015-05-27,255.95,260.0,255.35,259.54,233.03,3218592
2015-05-28,259.76,260.92,255.55,257.35,231.06,9561160
2015-05-29,257.49,263.5,256.79,262.64,235.81,5058680
2015-06-01,262.24,264.0,257.75,259.05,232.59,3841320
2015-06-02,259.6,260.08,251.23,252.2,226.44,4726008
2015-06-03,252.25,254.25,249.5,251.39,225.71,5824832
2015-06-04,252.21,254.46,248.75,253.74,227.82,5557588
2015-06-05,252.56,254.62,250.62,252.94,227.1,6753860
2015-06-08,251.06,253.06,248.89,250.86,225.24,3811996
2015-06-09,251.25,251.5,249.27,250.46,224.88,6040260
2015-06-10,249.5,254.75,249.25,253.9,227.97,7986248
2015-06-11,254.4,254.64,248.68,250.05,224.51,9094176
2015-06-12,250.25,252.71,247.54,252.29,226.52,6528344
2015-06-15,250.5,253.44,250.0,251.3,225.63,5999828
2015-06-16,250.0,252.61,249.26,252.1,226.35,6010524
2015-06-17,252.25,253.38,249.88,251.18,225.52,9686268
2015-06-18,251.48,255.95,250.56,254.9,228.86,8431716
2015-06-19,256.2,258.74,253.29,257.62,231.31,3742324
2015-06-22,258.02,264.23,257.12,261.79,235.05,5449652
2015-06-23,263.0,265.3,260.62,263.02,236.16,5655180
2015-06-24,263.5,264.45,260.67,261.45,234.74,6267396
2015-06-25,262.06,267.71,260.66,266.25,239.05,16573568
2015-06-26,266.75,267.74,262.88,265.71,238.57,5647504
2015-06-29,261.23,265.44,257.62,264.16,237.18,6487836
2015-06-30,263.06,268.0,262.0,266.79,239.54,7290136
2015-07-01,265.34,269.25,265.01,268.09,240.7,4971188
2015-07-02,266.25,266.92,263.91,264.55,239.31,4483444
2015-07-03,263.51,269.04,263.51,268.56,242.94,4039288
2015-07-06,266.01,271.25,265.06,270.88,245.03,3267780
2015-07-07,269.62,272.88,269.62,271.71,245.79,4141472
2015-07-08,269.77,270.15,266.5,267.21,241.72,5400676
2015-07-09,265.67,269.23,265.02,268.51,242.9,2797964
2015-07-10,267.45,273.75,267.12,272.69,246.67,4900088
2015-07-13,271.25,276.48,271.25,274.04,247.9,7076084
2015-07-14,273.88,275.48,271.5,272.96,246.92,5674116
2015-07-15,273.25,275.36,272.7,274.17,248.02,3849404
2015-07-16,274.7,279.75,274.52,278.67,252.09,7310424
2015-07-17,279.85,280.44,276.4,277.64,251.15,3510988
2015-07-20,278.99,279.75,276.75,278.81,252.21,4551268
2015-07-21,279.14,282.0,273.27,274.51,248.33,11028136
2015-07-22,274.1,279.26,272.16,278.6,252.02,7286400
2015-07-23,278.23,279.17,275.02,276.98,250.55,5083172
2015-07-24,275.79,278.75,275.12,276.96,250.54,4761008
2015-07-27,275.98,276.12,267.5,273.96,247.83,3328572
2015-07-28,273.5,278.48,273.11,277.12,250.69,6345672
2015-07-29,276.27,279.48,276.26,277.09,250.65,3943032
2015-07-30,276.75,279.25,275.27,277.64,251.15,9462188
2015-07-31,278.9,280.25,275.75,277.91,251.4,5649500
2015-08-03,278.19,279.38,273.36,273.85,247.73,4345728
2015-08-04,274.52,275.5,270.49,271.61,245.7,5390928
2015-08-05,273.04,274.42,271.3,273.05,247.0,4122780
2015-08-06,272.98,275.34,271.36,273.99,247.85,3743712
2015-08-07,273.49,274.38,272.15,273.16,247.1,3227140
2015-08-10,273.75,276.49,272.0,273.66,247.56,3954376
2015-08-11,273.76,274.71,271.06,273.67,247.57,2727688
2015-08-12,272.1,273.73,266.92,267.61,242.08,6005740
2015-08-13,269.25,270.67,266.65,269.39,243.69,3465052
2015-08-14,270.77,275.91,269.98,275.45,249.17,3601660
2015-08-17,274.76,275.45,268.95,272.88,246.84,2500212
2015-08-18,272.9,274.02,269.61,271.59,245.68,1857316
2015-08-19,271.21,271.75,268.75,270.46,244.66,3004576
2015-08-20,267.0,271.19,267.0,268.67,243.04,3044852
2015-08-21,266.0,268.24,262.75,265.33,240.01,7758972
2015-08-24,261.17,261.17,252.81,254.76,230.46,14686328
2015-08-25,256.17,258.08,251.43,254.61,230.32,12347920
2015-08-26,254.35,257.25,252.25,253.38,229.2,5573000
2015-08-27,256.25,258.61,252.27,255.52,231.15,13873432
2015-08-28,257.76,260.69,254.85,256.99,232.47,5553136
2015-08-31,255.27,258.23,253.89,256.86,232.36,3441460
2015-09-01,255.32,255.32,248.25,250.02,226.17,10469144
2015-09-02,251.27,253.49,246.25,248.79,225.05,8681688
2015-09-03,250.57,253.75,249.75,252.57,228.48,6507368
2015-09-04,250.55,251.5,245.0,249.01,225.26,11404592
2015-09-07,250.25,252.45,245.0,246.11,222.63,5381740
2015-09-08,246.68,252.5,244.25,251.01,227.07,7444488
2015-09-09,253.62,256.25,251.25,254.07,229.84,6553120
2015-09-10,250.75,254.24,249.07,252.75,228.64,4463740
2015-09-11,253.62,255.0,251.7,252.62,228.53,4301760
2015-09-14,252.21,255.57,250.88,254.93,230.61,5060344
2015-09-15,254.49,254.91,252.02,253.29,229.12,4332728
2015-09-16,254.73,257.02,252.89,255.84,231.43,4254052
2015-09-18,258.75,265.5,257.79,262.44,237.4,7841168
2015-09-21,259.49,263.75,259.09,263.24,238.13,4276688
2015-09-22,262.51,265.0,256.33,257.66,233.08,6025212
2015-09-23,254.8,263.36,254.66,262.3,237.28,5161152
2015-09-24,261.75,263.5,259.0,262.85,237.78,8252836
2015-09-28,263.75,265.0,260.77,261.6,236.64,5777108
2015-09-29,258.0,268.48,256.27,266.2,240.81,10418840
2015-09-30,267.0,268.25,265.34,267.2,241.71,9027796
2015-10-01,268.8,269.23,264.84,266.91,241.45,5034788
2015-10-05,269.3,276.2,269.3,274.59,248.39,8053372
2015-10-06,276.75,276.98,270.75,271.49,245.59,4758964
2015-10-07,272.0,274.59,270.84,271.94,246.0,4386268
2015-10-08,272.02,272.67,268.85,270.77,244.94,3881908
2015-10-09,273.75,273.75,270.05,271.54,245.63,3443228
2015-10-12,271.92,273.88,269.45,270.14,244.37,2217340
2015-10-13,268.89,270.54,268.3,269.09,243.42,1823652
2015-10-14,267.2,271.62,266.76,271.19,245.32,2749148
2015-10-15,271.42,274.12,270.25,271.04,245.18,3925952
2015-10-16,272.5,275.38,271.25,275.01,248.78,4843688
2015-10-19,275.0,275.52,273.58,274.45,248.27,2654220
2015-10-20,274.5,275.73,272.8,273.73,247.61,3851356
2015-10-21,274.73,276.0,271.25,273.75,247.64,7273204
2015-10-23,274.86,278.42,274.0,277.12,250.69,4467048
2015-10-26,278.49,278.55,274.25,275.38,249.11,4887984
2015-10-27,273.89,278.5,273.89,277.73,251.23,8984032
2015-10-28,276.26,281.0,276.26,277.88,251.37,7694760
2015-10-29,277.5,278.62,275.0,275.89,249.57,6702368
2015-10-30,275.5,278.0,272.61,274.9,248.68,8097460
2015-11-02,273.76,273.98,269.12,270.77,244.94,3156552
2015-11-03,272.74,273.0,269.8,271.23,245.35,2548592
2015-11-04,272.51,274.52,269.56,270.42,244.63,2696444
2015-11-05,269.62,270.75,267.38,269.96,244.21,3596952
2015-11-06,270.17,272.25,268.81,270.23,244.45,5881004
2015-11-09,264.5,267.41,262.75,266.2,240.81,11429432
2015-11-10,265.01,266.25,263.11,263.65,238.5,4402580
2015-11-13,262.35,263.75,260.25,263.01,237.92,3940028
2015-11-16,262.19,266.25,261.31,265.24,239.93,4734732
2015-11-17,265.83,265.95,262.8,265.2,239.9,2567404
2015-11-18,265.42,266.46,261.58,262.15,237.14,2446720
2015-11-19,263.75,267.74,262.4,267.23,241.73,3277680
2015-11-20,266.23,270.06,265.0,267.71,242.17,4648160
2015-11-23,268.5,268.88,264.76,266.51,241.09,3408280
2015-11-24,266.31,268.38,265.52,266.09,240.7,4002252
2015-11-26,264.75,266.75,262.77,265.99,240.61,8791484
2015-11-27,266.21,270.55,265.24,269.85,244.11,6925072
2015-11-30,269.8,270.25,267.42,269.44,243.73,5247776
2015-12-01,269.26,271.23,268.38,270.75,244.92,1895332
2015-12-02,272.5,273.17,267.96,269.45,243.75,2562284
2015-12-03,268.12,270.25,266.83,269.19,243.51,3807712
2015-12-04,268.4,268.4,264.0,264.73,239.47,5859828
2015-12-07,267.05,267.77,265.27,265.49,240.16,5814808
2015-12-08,265.25,265.48,261.75,262.31,237.29,4902660
2015-12-09,261.77,264.25,261.21,261.86,236.88,3890616
2015-12-10,261.25,265.8,260.58,265.15,239.86,6514340
2015-12-11,265.0,265.15,260.5,261.59,236.63,3033920
2015-12-14,260.25,264.96,260.02,263.76,238.6,5878016
2015-12-15,263.25,265.61,261.33,264.86,239.6,4557416
2015-12-16,265.75,268.34,264.84,266.83,241.37,6842768
2015-12-17,268.48,271.0,266.25,270.06,244.3,4878012
2015-12-18,271.25,271.25,267.12,268.25,242.66,3172128
2015-12-21,267.94,269.98,267.26,268.85,243.2,3097500
2015-12-22,268.62,269.12,266.0,266.61,241.18,2429536
2015-12-23,268.15,269.49,267.29,268.52,242.91,3013968
2015-12-24,269.05,269.1,267.08,268.5,242.89,2146352
2015-12-28,268.5,269.98,266.94,269.31,243.62,7755428
2015-12-29,269.74,269.96,267.83,269.49,243.78,4231612
2015-12-30,270.0,270.49,268.14,268.58,242.95,2112560
2015-12-31,268.75,271.23,268.75,270.54,244.73,9290008
2016-01-01,270.6,272.56,269.04,272.19,246.22,3195076
2016-01-04,271.0,271.0,267.02,267.62,242.09,5187536
2016-01-05,267.55,268.7,265.34,265.6,240.26,3160872
2016-01-06,264.16,269.19,264.16,266.77,241.33,4165536
2016-01-07,265.02,266.23,262.42,264.05,238.86,6055428
2016-01-08,265.49,266.12,264.31,265.59,240.25,3488356
2016-01-11,263.01,265.25,261.33,264.65,239.4,3288912
2016-01-12,265.98,265.98,260.88,261.74,236.77,4258736
2016-01-13,263.0,265.69,259.25,265.04,239.75,4515148
2016-01-14,262.54,264.35,259.88,262.44,237.4,6279184
2016-01-15,262.0,263.86,259.52,260.54,235.68,5417260
2016-01-18,258.91,260.36,255.25,256.46,232.0,6495388
2016-01-19,256.8,259.39,256.58,258.95,234.25,6405212
2016-01-20,256.25,277.0,251.98,254.57,230.29,9563588
2016-01-21,255.25,258.31,253.35,255.75,231.35,6300804
2016-01-22,256.42,261.06,255.51,257.58,233.0,4236284
2016-01-25,259.99,261.67,258.26,260.29,235.46,10143884
2016-01-27,262.11,262.17,258.25,258.91,234.21,4039468
2016-01-28,259.75,261.73,257.5,257.92,233.32,9951972
2016-01-29,258.8,263.74,258.8,262.46,237.42,5360184
2016-02-01,264.5,266.75,263.42,264.94,239.66,4609484
2016-02-02,266.25,266.31,262.55,263.45,238.32,6528628
2016-02-03,261.12,262.85,260.5,260.96,236.07,4850244
2016-02-04,262.0,263.73,261.39,262.3,237.28,5675992
2016-02-05,263.2,265.95,261.4,263.81,238.65,7523904
2016-02-08,263.75,264.5,257.58,258.96,234.26,3481924
2016-02-09,256.67,257.89,255.16,256.51,232.04,5535460
2016-02-10,255.98,257.54,252.52,253.24,229.08,7682280
2016-02-11,252.5,253.25,242.05,243.82,220.57,8803600
2016-02-12,244.75,246.61,241.5,242.85,219.68,12542144
2016-02-15,245.0,247.06,242.77,243.4,220.18,10912960
2016-02-16,245.38,245.5,240.5,243.36,220.15,7136096
2016-02-17,244.23,244.98,239.75,243.73,220.47,7503924
2016-02-18,246.5,247.81,244.25,247.36,223.77,6799856
2016-02-19,247.19,248.15,243.38,247.32,223.73,3328660
2016-02-22,245.75,249.0,245.75,247.19,223.61,4002396
2016-02-23,246.23,246.38,241.5,242.51,219.38,6078320
2016-02-24,240.0,240.73,236.6,237.4,214.75,6463468
2016-02-25,238.5,239.31,234.55,235.66,213.18,8463196
2016-02-26,237.5,242.75,236.25,240.25,217.33,6209388
2016-02-29,240.27,245.65,232.0,242.96,219.78,8812752
2016-03-01,243.74,246.69,242.96,246.04,222.57,4322560
2016-03-02,249.5,252.73,248.75,251.8,227.78,6358976
2016-03-03,252.69,255.0,252.5,253.96,229.74,4610400
2016-03-04,253.86,256.23,248.27,255.14,230.8,5704624
2016-03-08,256.0,256.0,252.38,253.54,229.35,1913688
2016-03-09,253.25,257.48,251.69,256.2,231.76,6528172
2016-03-10,256.2,256.44,252.52,255.31,230.96,2671392
2016-03-11,254.98,257.7,253.25,257.17,232.64,4730856
2016-03-14,257.0,259.49,256.31,256.89,232.38,3008656
2016-03-15,256.98,258.35,255.41,256.67,232.19,7690036
2016-03-16,256.75,258.56,254.74,257.61,233.04,4803548
2016-03-17,258.74,259.75,252.79,254.6,230.31,5113484
2016-03-18,255.74,258.0,253.84,257.1,232.57,4135068
2016-03-21,258.25,261.84,258.06,261.4,236.46,5318796
2016-03-22,261.62,264.15,260.17,263.46,238.33,4120264
2016-03-23,263.26,263.26,260.14,262.34,237.31,8464300
2016-03-28,261.25,263.25,260.41,261.88,236.89,11270868
2016-03-29,261.88,264.88,261.06,263.45,238.32,6733952
2016-03-30,264.5,267.48,263.48,266.24,240.84,7814380
2016-03-31,266.71,269.73,266.26,267.79,242.24,20080392
2016-04-01,267.2,269.1,264.2,266.11,240.73,5158648
2016-04-04,266.3,268.2,266.0,267.26,241.77,6179960
2016-04-05,267.25,269.23,263.91,264.36,239.14,6663028
2016-04-06,265.25,266.74,264.19,265.38,240.06,4295376
2016-04-07,266.0,266.19,261.76,263.88,238.7,3911692
2016-04-08,263.75,265.84,263.56,264.84,239.57,2962796
2016-04-11,265.08,268.52,260.71,267.74,242.2,4049620
2016-04-12,267.4,267.75,264.81,265.75,240.4,4941480
2016-04-13,268.0,271.24,267.38,270.44,244.64,4974604
2016-04-18,270.88,273.0,267.9,271.95,246.01,4117068
2016-04-20,272.98,275.0,270.89,274.46,248.28,3821352
2016-04-21,273.75,276.29,272.25,272.79,246.76,8191728
2016-04-22,272.38,275.21,271.3,273.04,246.99,7809320
2016-04-25,275.0,275.0,271.12,273.31,247.24,5561960
2016-04-26,273.75,278.75,273.12,278.46,251.9,7053796
2016-04-27,277.46,281.25,277.25,281.05,254.24,5763636
2016-04-28,281.05,284.17,277.59,278.49,251.92,8089584
2016-04-29,278.45,284.0,276.55,283.09,256.08,5611940
2016-05-02,281.94,282.5,279.0,279.41,252.76,3862716
2016-05-03,280.48,283.75,278.29,279.5,252.84,4695296
2016-05-04,279.38,283.62,278.56,281.84,254.95,5292328
2016-05-05,282.0,283.69,280.67,283.08,256.07,5214248
2016-05-06,283.0,283.06,279.31,279.91,253.21,2733152
2016-05-09,280.0,286.24,279.75,285.35,258.13,6953180
2016-05-10,285.88,286.88,284.02,286.23,258.92,5453000
2016-05-11,283.67,286.25,282.42,284.7,257.54,6147372
2016-05-12,286.0,288.0,283.12,287.27,259.87,4221688
2016-05-13,287.0,287.0,282.5,285.23,258.02,5045316
2016-05-16,286.25,291.48,283.14,290.7,262.97,4518768
2016-05-17,291.26,292.31,287.83,288.36,260.85,4295424
2016-05-18,287.75,287.75,282.88,285.16,257.96,4162644
2016-05-19,285.02,285.67,283.0,284.83,257.65,3855796
2016-05-20,284.99,287.12,283.4,285.23,258.02,2016632
2016-05-23,285.49,287.49,283.3,284.19,257.08,3463532
2016-05-24,284.6,285.91,283.89,284.99,257.8,3259468
2016-05-25,286.58,293.99,286.58,293.33,265.34,5767348
2016-05-26,294.02,297.23,291.56,295.81,267.59,13705560
2016-05-27,295.81,297.5,294.17,296.7,268.4,5775184
2016-05-30,296.75,298.75,294.52,294.94,266.8,3814532
2016-05-31,296.48,296.48,294.35,295.48,267.29,5515640
2016-06-01,295.74,295.74,292.75,293.79,265.76,5675632
2016-06-02,293.67,295.15,292.75,293.74,265.72,7910616
2016-06-03,295.02,296.25,292.26,292.94,264.99,4524420
2016-06-06,294.0,295.6,292.51,292.77,264.85,5547308
2016-06-07,294.24,295.0,291.91,293.42,265.43,5628504
2016-06-08,293.95,294.5,290.25,290.65,262.92,4742812
2016-06-09,290.62,291.05,288.12,289.85,262.2,4648184
2016-06-10,289.6,293.17,289.05,290.34,262.64,6322312
2016-06-13,288.69,291.24,287.76,288.23,260.73,3323236
2016-06-14,288.75,289.25,286.06,287.96,260.49,3828768
2016-06-15,288.75,292.73,288.3,292.39,264.49,3045824
2016-06-16,291.64,292.21,288.84,290.54,262.82,4727768
2016-06-17,291.75,294.5,291.39,292.5,264.6,3761652
2016-06-20,289.75,294.81,289.7,293.01,265.06,2742764
2016-06-21,293.75,293.86,290.3,291.66,263.84,2670968
2016-06-22,291.5,293.75,291.5,292.88,264.94,3803840
2016-06-23,292.45,297.96,291.88,297.52,269.14,3926732
2016-06-24,289.96,292.98,286.75,290.48,262.76,11173964
2016-06-27,290.5,292.25,288.26,289.99,262.32,4163788
2016-06-28,290.31,293.27,287.5,291.74,263.91,4034980
2016-06-29,291.25,292.38,289.92,292.08,266.38,5420668
2016-06-30,292.75,295.0,290.54,294.11,268.24,16278892
2016-07-01,295.0,296.25,292.95,293.62,267.79,4304876
2016-07-04,294.55,294.88,292.85,293.2,267.41,7249852
2016-07-05,293.2,293.58,290.5,291.4,265.77,2136328
2016-07-07,291.98,297.19,290.23,296.41,270.34,4832616
2016-07-08,296.27,296.4,292.81,293.71,267.87,3118868
2016-07-11,296.5,300.48,295.26,299.94,273.55,5102532
2016-07-12,302.48,302.48,298.89,300.54,274.1,7046032
2016-07-13,299.95,300.49,298.33,299.44,273.1,6687072
2016-07-14,300.25,300.54,298.05,300.09,273.69,3459668
2016-07-15,300.95,306.5,298.77,305.92,279.01,5774216
2016-07-18,306.25,309.62,305.66,306.86,279.87,4438484
2016-07-19,307.25,307.69,303.46,304.59,277.79,2586004
2016-07-20,305.75,309.62,305.44,308.05,280.95,4690332
2016-07-21,307.67,309.98,305.62,307.15,280.13,9112904
2016-07-22,308.34,308.66,305.38,307.7,280.63,5620272
2016-07-25,308.25,312.36,306.75,311.74,284.31,9872884
2016-07-26,310.6,311.41,308.79,309.7,282.46,5665992
2016-07-27,310.25,311.89,307.5,309.24,282.03,10734736
2016-07-28,309.5,312.81,308.89,312.11,284.66,10646528
2016-07-29,312.0,312.5,308.75,311.55,284.14,3395676
2016-08-01,312.25,314.74,306.91,310.58,283.25,5560864
2016-08-02,311.75,314.11,310.1,310.83,283.48,5329396
2016-08-03,310.27,312.49,307.75,310.11,282.83,4733876
2016-08-04,311.65,311.67,308.4,310.25,282.96,4662880
2016-08-05,311.85,313.91,310.44,312.31,284.84,5784912
2016-08-08,313.23,313.75,311.14,312.4,284.92,4728776
2016-08-09,313.23,313.23,309.42,311.8,284.37,4210856
2016-08-10,311.25,312.74,304.94,306.73,279.74,3619720
2016-08-11,306.7,308.75,305.5,307.06,280.05,2856072
2016-08-12,307.76,308.75,304.85,307.17,280.15,4641496
2016-08-16,308.25,309.61,303.45,306.83,279.83,3468568
2016-08-17,308.35,309.38,306.5,308.73,281.57,5511036
2016-08-18,309.5,313.73,308.64,313.12,285.58,6111656
2016-08-19,312.5,312.5,310.36,311.77,284.35,4110636
2016-08-22,311.26,313.61,310.25,312.58,285.08,5501292
2016-08-23,312.75,313.5,311.51,312.86,285.34,5314524
2016-08-24,313.01,316.05,311.76,315.45,287.7,5570936
2016-08-25,316.0,316.7,313.58,314.64,286.96,8729888
2016-08-26,315.0,315.48,313.48,314.27,286.63,2521136
2016-08-29,313.88,313.88,309.05,309.52,282.3,2944184
2016-08-30,311.27,317.62,310.99,317.16,289.26,9867608
2016-08-31,317.25,323.75,316.38,322.8,294.4,11161364
2016-09-01,322.0,322.5,318.85,320.92,292.69,5224676
2016-09-02,321.38,322.25,320.29,321.27,293.01,3955188
2016-09-06,322.51,325.98,322.51,325.1,296.5,5508884
2016-09-07,325.25,326.25,320.77,321.69,293.39,4016444
2016-09-08,322.5,323.81,320.9,322.35,293.99,2905380
2016-09-09,322.5,323.62,319.58,322.6,294.22,4013768
2016-09-12,318.67,321.1,317.88,319.98,291.83,3985728
2016-09-14,318.75,319.25,316.35,317.36,289.44,3849508
2016-09-15,318.0,320.98,317.46,319.9,291.76,3501812
2016-09-16,320.95,326.12,320.95,324.46,295.92,6525816
2016-09-19,324.25,325.62,322.0,322.54,294.16,5894832
2016-09-20,323.16,323.75,321.01,322.11,293.78,3778248
2016-09-21,323.0,324.5,321.98,323.25,294.81,4256400
2016-09-22,326.25,329.24,325.14,326.73,297.98,6555800
2016-09-23,326.51,329.61,325.38,328.17,299.31,4876808
2016-09-26,326.52,327.23,323.42,324.04,295.53,5576772
2016-09-27,324.75,326.54,323.71,324.51,295.96,4056812
2016-09-28,324.98,325.0,322.25,323.81,295.33,4989652
2016-09-29,324.49,326.5,316.99,319.38,291.28,16450012
2016-09-30,319.27,320.25,316.85,318.21,290.22,4138428
2016-10-03,320.25,322.48,319.1,321.8,293.49,3900548
2016-10-04,322.15,323.75,320.58,322.39,294.03,2775512
2016-10-05,324.5,325.01,319.1,321.52,293.24,3647020
2016-10-06,321.77,323.9,319.76,320.49,292.29,2895712
2016-10-07,321.0,321.94,319.06,320.15,291.99,3337464
2016-10-10,321.25,321.98,319.69,321.09,292.84,4719312
2016-10-13,319.75,319.75,314.11,315.69,287.92,4519356
2016-10-14,316.44,317.0,313.5,315.45,287.7,4067116
2016-10-17,316.38,316.6,308.19,309.42,282.2,5135360
2016-10-18,310.8,315.0,309.75,314.46,286.8,2610968
2016-10-19,315.27,315.75,312.0,314.59,286.91,3044904
2016-10-20,315.06,316.86,312.75,313.88,286.26,3200356
2016-10-21,314.0,318.24,312.5,317.67,289.73,3956408
2016-10-24,317.94,319.21,315.26,315.89,288.1,3255664
2016-10-25,317.0,317.0,311.01,312.58,285.08,5501796
2016-10-26,310.84,316.25,308.76,309.83,282.57,5366540
2016-10-27,309.75,314.25,306.04,313.02,285.49,11623860
2016-10-28,313.62,315.48,310.02,314.76,287.07,5320536
2016-11-01,314.0,315.96,311.76,314.95,287.24,3402416
2016-11-02,312.77,313.92,310.38,311.54,284.13,6474432
2016-11-03,311.25,315.0,307.94,313.74,286.14,6315812
2016-11-04,313.2,313.2,310.44,310.92,283.57,5734920
2016-11-07,313.0,313.71,310.0,312.36,284.88,5671392
2016-11-08,312.77,314.5,310.02,313.58,285.99,5348164
2016-11-09,300.0,314.35,298.84,312.81,285.29,13645468
2016-11-10,315.94,320.75,313.52,319.64,291.52,10700736
2016-11-11,318.5,320.5,316.4,318.95,290.89,7139320
2016-11-15,319.38,322.25,312.66,313.69,286.09,12512524
2016-11-16,317.0,317.0,310.01,311.09,283.72,8647744
2016-11-17,309.58,312.23,306.29,307.55,280.49,4815624
2016-11-18,309.0,309.0,302.3,302.85,276.21,6879900
2016-11-21,304.88,304.88,297.09,299.67,273.31,5552520
2016-11-22,301.7,301.7,297.34,299.51,273.16,10017784
2016-11-23,300.75,300.75,295.27,296.19,270.13,3532692
2016-11-24,296.0,296.58,290.23,291.38,265.74,15285996
2016-11-25,292.25,298.3,289.5,297.33,271.17,5969960
2016-11-28,295.06,299.73,294.52,296.11,270.06,4130180
2016-11-29,296.17,298.24,294.12,294.69,268.76,3932644
2016-11-30,296.25,300.5,295.27,299.9,273.52,6442840
2016-12-01,300.58,301.98,298.25,299.31,272.98,4476984
2016-12-02,297.25,300.49,294.17,297.27,271.12,4062672
2016-12-05,296.9,299.74,294.12,299.09,272.78,4551936
2016-12-06,298.75,300.71,297.55,298.61,272.34,2702964
2016-12-07,300.46,301.48,291.75,295.4,269.41,5628192
2016-12-08,296.75,301.39,296.75,299.88,273.49,4309696
2016-12-09,299.77,300.58,297.0,299.58,273.22,4387952
2016-12-12,298.0,298.04,295.27,296.11,270.06,3425272
2016-12-13,295.06,297.59,294.64,296.56,270.47,2526868
2016-12-14,296.75,297.0,293.35,293.92,268.07,4314144
2016-12-15,291.05,298.62,290.9,294.15,268.27,4941488
2016-12-16,294.15,296.25,292.89,295.58,269.57,3255828
2016-12-19,294.2,294.88,292.62,294.19,268.31,3160436
2016-12-20,294.0,296.25,292.92,295.48,269.48,4189992
2016-12-21,296.0,296.25,293.75,295.0,269.05,2658876
2016-12-22,294.1,294.88,292.1,293.27,267.48,2805716
2016-12-23,292.75,297.31,292.33,296.56,270.47,4752516
2016-12-26,294.64,296.52,292.52,293.75,267.91,4183864
2016-12-27,294.83,296.73,293.48,296.3,270.23,4899296
2016-12-28,297.48,298.74,295.25,296.69,270.59,6507840
2016-12-29,296.25,301.99,295.36,301.3,274.79,8100816
2016-12-30,300.0,303.0,299.99,301.55,275.02,4066540
2017-01-02,302.36,302.52,298.01,299.27,272.95,3708656
2017-01-03,300.2,300.49,296.44,297.48,271.31,3847500
2017-01-04,297.46,298.0,295.95,296.38,270.3,6967120
2017-01-05,297.25,298.62,295.77,296.55,270.46,6776384
2017-01-06,297.52,299.6,297.05,298.41,272.16,5525260
2017-01-09,299.71,301.04,298.04,298.8,272.51,4573796
2017-01-10,299.05,304.2,298.83,303.59,276.88,5546116
2017-01-11,304.38,309.52,303.88,308.5,281.36,9343404
2017-01-12,308.75,310.92,306.38,308.75,281.59,2916316
2017-01-13,309.75,309.92,307.15,308.12,281.02,3850412
2017-01-16,308.38,312.36,308.2,311.91,284.47,3765864
2017-01-17,311.75,313.1,309.06,309.62,282.39,3559612
2017-01-18,310.23,314.0,310.21,310.65,283.32,4612888
2017-01-19,311.23,311.23,308.75,309.08,281.89,3512412
2017-01-20,309.0,311.25,307.5,309.09,281.9,13942068
2017-01-23,309.0,312.5,308.95,311.16,283.79,4793848
2017-01-24,312.5,317.88,312.31,316.89,289.01,10261864
2017-01-25,318.15,323.9,317.52,322.65,294.27,15636984
2017-01-27,324.75,325.0,322.0,322.98,294.56,6852236
2017-01-30,323.24,323.24,320.14,321.24,292.98,5319628
2017-01-31,320.6,323.17,319.25,321.66,293.37,6101040
2017-02-01,321.55,327.5,320.12,326.42,297.71,10910664
2017-02-02,326.42,326.42,323.15,324.67,296.11,5971636
2017-02-03,324.75,329.0,324.12,327.76,298.93,8005104
2017-02-06,328.08,330.0,327.86,328.52,299.62,4310220
2017-02-07,329.0,329.5,325.74,326.79,298.04,3411920
2017-02-08,326.89,329.67,324.54,326.41,297.7,4940960
2017-02-09,327.35,329.98,323.14,324.41,295.87,4465376
2017-02-10,324.59,327.19,324.5,325.9,297.23,3296736
2017-02-13,326.89,328.75,324.8,327.55,298.74,2795792
2017-02-14,328.5,328.5,326.0,327.77,298.94,2446060
2017-02-15,328.0,331.0,326.86,330.55,301.47,6126940
2017-02-16,330.75,333.25,330.06,331.98,302.77,5043700
2017-02-17,361.25,363.5,340.11,344.26,313.98,402259960
2017-02-20,340.3,353.86,339.79,352.27,321.28,10566716
2017-02-21,351.51,355.45,349.35,353.89,322.76,6260028
2017-02-22,353.75,354.7,348.71,349.79,319.02,5296776
2017-02-23,350.95,355.34,346.76,348.58,317.91,34494980
2017-02-27,347.73,349.59,344.65,348.4,317.75,4681376
2017-02-28,348.23,349.06,346.12,347.52,316.95,2928008
2017-03-01,349.11,349.12,346.6,347.91,317.31,3481736
2017-03-02,348.64,349.0,344.06,345.02,314.67,4601988
2017-03-03,346.12,346.12,342.25,344.25,313.97,2492824
2017-03-06,344.2,347.48,343.27,345.19,314.82,3679124
2017-03-07,345.56,346.88,344.05,346.55,316.06,3112876
2017-03-08,346.98,349.8,345.26,348.05,317.43,3782144
2017-03-09,345.41,349.67,345.41,348.55,317.89,3509316
2017-03-10,348.75,352.0,348.29,350.02,319.23,5860704
2017-03-14,355.52,356.04,351.66,352.67,321.65,7155020
2017-03-15,352.74,355.0,352.64,354.15,322.99,4271860
2017-03-16,354.52,355.71,353.41,354.34,323.17,4980108
2017-03-17,354.64,356.88,353.21,356.46,325.1,3390464
2017-03-20,356.66,359.96,356.49,359.02,327.44,8142344
2017-03-21,358.5,361.25,358.5,360.24,328.55,5557280
2017-03-22,356.92,359.25,356.45,357.73,326.26,5636544
2017-03-23,358.6,358.75,355.73,357.73,326.26,4922472
2017-03-24,358.25,358.61,355.5,356.09,324.76,3810364
2017-03-27,356.0,356.0,351.01,352.46,321.46,5864084
2017-03-28,354.58,356.17,353.27,355.05,323.82,8061400
2017-03-29,355.2,358.7,355.0,357.15,325.73,8575772
2017-03-30,357.0,369.99,356.26,366.55,334.3,34321092
2017-03-31,363.45,363.5,359.14,360.64,328.91,9651392
2017-04-03,361.5,362.52,356.5,358.3,326.78,4149052
2017-04-05,358.81,361.62,356.89,358.09,326.59,5744080
2017-04-06,357.88,360.75,356.26,359.62,327.99,6124416
2017-04-07,357.76,361.25,357.15,359.71,328.07,4648360
2017-04-10,360.75,360.75,358.16,358.54,327.0,3393876
2017-04-11,358.5,360.3,357.88,359.88,328.22,4356260
2017-04-12,359.75,362.49,358.88,360.92,329.17,3565092
2017-04-13,360.75,362.23,359.26,360.08,328.4,4804236
2017-04-17,360.08,360.95,357.06,359.2,327.6,7137056
2017-04-18,360.0,363.75,359.5,361.83,329.99,3638860
2017-04-19,361.75,364.19,359.5,362.25,330.38,4338144
2017-04-20,363.25,366.51,363.24,365.54,333.38,5781372
2017-04-21,366.5,374.75,363.33,374.15,341.24,17258032
2017-04-24,374.52,384.75,374.25,383.26,349.55,20206952
2017-04-25,383.76,386.38,382.4,384.26,350.46,9057780
2017-04-26,385.74,388.25,367.11,387.66,353.56,7795852
2017-04-27,386.52,393.49,386.52,392.15,357.65,16180420
2017-04-28,389.98,389.98,384.27,386.62,352.61,5437728
2017-05-02,386.75,387.73,382.59,385.15,351.27,4007040
2017-05-03,388.56,388.56,384.84,386.08,352.11,2507964
2017-05-04,384.81,385.73,380.65,383.7,349.95,5131028
2017-05-05,385.52,385.73,381.58,383.05,349.35,2757896
2017-05-08,384.5,385.0,382.14,383.7,349.95,3747252
2017-05-09,383.7,386.4,383.16,383.94,350.16,3345836
2017-05-10,385.0,388.75,384.26,387.95,353.82,2342244
2017-05-11,387.75,390.0,385.25,386.6,352.59,3875744
2017-05-12,386.48,389.23,384.05,387.91,353.79,6147604
2017-05-15,387.5,389.3,385.56,388.35,354.19,2804780
2017-05-16,388.75,390.5,387.06,389.91,355.61,3590376
2017-05-17,389.7,391.35,387.88,389.29,355.04,3472472
2017-05-18,387.25,390.38,387.02,389.27,355.03,3107280
2017-05-19,389.88,392.48,386.31,390.31,355.98,2854136
2017-05-22,391.27,395.0,390.77,394.0,359.34,2860052
2017-05-23,395.0,395.89,391.25,392.27,357.77,3080172
2017-05-24,392.26,393.86,390.5,391.69,357.23,3467388
2017-05-25,391.77,407.35,391.77,404.29,368.72,20090804
2017-05-26,401.66,408.0,400.27,406.5,370.74,5443156
2017-05-29,404.95,412.0,404.41,407.98,372.08,5916340
2017-05-30,407.5,408.38,404.04,407.26,371.44,4434184
2017-05-31,406.25,410.75,405.79,409.05,373.07,5318912
2017-06-01,409.75,409.96,405.14,407.15,371.33,3359540
2017-06-02,408.5,411.52,406.55,408.56,372.62,3213544
2017-06-05,408.42,409.74,406.25,408.89,372.92,2899900
2017-06-06,408.75,410.95,407.5,409.74,373.69,5002632
2017-06-07,410.1,411.23,407.59,410.2,374.11,2554276
2017-06-08,410.98,414.85,410.41,411.19,375.01,4248768
2017-06-09,410.02,417.5,410.02,416.7,380.04,5305272
2017-06-12,416.0,419.0,415.0,417.19,380.49,3971412
2017-06-13,415.44,422.98,415.25,419.17,382.3,5051620
2017-06-14,418.75,419.99,416.75,417.8,381.05,3858360
2017-06-15,417.0,418.9,413.4,416.09,379.48,3526692
2017-06-16,416.25,418.67,414.52,417.31,380.6,3755104
2017-06-19,417.75,424.0,417.1,423.23,385.99,3825532
2017-06-20,422.5,423.5,419.96,421.64,384.55,3660264
2017-06-21,420.65,425.31,419.9,424.67,387.32,3410932
2017-06-22,423.74,429.0,422.8,424.5,387.16,6675460
2017-06-23,425.5,425.69,418.8,419.66,382.74,5217468
2017-06-27,422.25,423.75,414.06,416.91,380.24,6000432
2017-06-28,416.25,418.75,414.45,416.61,379.96,4449036
2017-06-29,416.75,420.48,412.77,415.76,381.71,9187708
2017-06-30,413.45,415.0,410.75,413.01,379.18,4330432
2017-07-03,413.15,416.88,411.81,414.65,380.69,3504332
2017-07-04,415.06,416.67,413.0,413.34,379.48,3766080
2017-07-05,413.27,414.88,411.25,412.19,378.42,4014200
2017-07-06,413.14,415.75,412.84,414.54,380.58,4571676
2017-07-07,415.21,417.4,414.5,416.8,382.66,5517396
2017-07-10,417.0,437.0,415.26,419.09,384.76,1309252
2017-07-11,419.39,422.7,416.77,420.1,385.69,4410280
2017-07-12,420.0,421.25,414.64,420.31,385.88,5738892
2017-07-13,422.0,423.33,419.91,420.89,386.41,4481004
2017-07-14,420.98,421.51,418.0,419.99,385.59,2443252
2017-07-17,420.64,421.91,419.25,420.59,386.14,2399340
2017-07-18,419.92,421.96,419.34,420.89,386.41,2322188
2017-07-19,421.25,424.05,420.46,423.08,388.42,3987244
2017-07-20,423.48,428.75,422.04,427.73,392.69,3698476
2017-07-21,428.52,428.81,425.0,425.76,390.89,3873508
2017-07-24,427.5,435.0,423.75,433.77,398.24,19678176
2017-07-25,439.75,439.75,433.26,434.91,399.29,11160468
2017-07-26,435.5,438.75,433.12,436.89,401.1,3895344
2017-07-27,439.0,449.7,437.89,447.41,410.76,17961712
2017-07-28,443.0,446.62,440.27,444.62,408.21,9255396
2017-07-31,444.39,447.75,441.64,446.1,409.56,7369140
2017-08-01,445.46,452.29,443.05,449.3,412.5,8516860
2017-08-02,451.75,451.75,445.51,447.91,411.22,7397916
2017-08-03,447.0,448.0,443.6,444.99,408.54,4256784
2017-08-04,444.25,449.19,441.54,447.56,410.9,3545068
2017-08-07,446.5,449.11,446.25,447.14,410.51,1918660
2017-08-08,448.02,449.31,441.52,444.48,408.07,4035372
2017-08-09,442.75,444.26,439.59,441.11,404.98,3270056
2017-08-10,440.0,441.5,438.21,440.11,404.06,7788444
2017-08-11,436.25,439.5,432.79,437.26,401.45,6359836
2017-08-14,438.25,443.74,437.0,439.3,403.32,3577084
2017-08-16,440.59,447.45,437.14,445.31,408.84,4426832
2017-08-17,444.06,445.24,438.44,441.35,405.2,5454868
2017-08-18,440.0,440.25,435.75,438.04,402.16,3707464
2017-08-21,438.5,439.75,434.55,435.8,400.1,4009724
2017-08-22,437.83,438.5,434.2,436.75,400.98,6609556
2017-08-23,437.5,444.49,437.5,443.11,406.82,3360524
2017-08-24,443.73,443.74,439.79,440.62,404.53,7878276
2017-08-28,440.6,442.79,439.59,440.56,404.48,1507784
2017-08-29,439.75,439.75,434.5,436.54,400.78,4918596
2017-08-30,437.99,442.5,437.51,442.14,405.92,2694320
2017-08-31,443.0,444.96,439.1,444.11,407.73,7303436
2017-09-01,445.25,445.36,440.27,441.9,405.7,2295172
2017-09-04,441.25,441.25,436.52,437.73,401.87,3642524
2017-09-05,439.25,441.23,437.75,438.84,402.89,3682436
2017-09-06,435.94,440.7,434.5,439.98,403.94,5751632
2017-09-07,440.02,444.19,440.02,441.64,405.46,6946420
2017-09-08,443.35,447.5,442.75,446.91,410.31,8311664
2017-09-11,448.25,457.25,447.55,455.84,418.5,11477676
2017-09-12,456.92,459.98,454.58,458.8,421.22,6687680
2017-09-13,458.75,462.25,456.0,460.46,422.75,4995376
2017-09-14,460.04,463.12,457.88,459.85,422.18,8154016
2017-09-15,459.0,462.95,458.36,462.24,424.38,3767332
2017-09-18,463.39,466.11,463.12,465.11,427.01,4084928
2017-09-19,466.23,467.0,461.89,462.42,424.55,4241468
2017-09-20,462.0,465.36,461.31,462.21,424.35,3446128
2017-09-21,462.0,462.12,457.67,459.77,422.11,7712496
2017-09-22,458.7,459.74,455.0,456.02,418.67,8243524
2017-09-25,455.61,455.61,448.15,449.94,413.08,10149228
2017-09-26,447.26,449.15,446.25,448.08,411.37,11438732
2017-09-27,449.0,451.4,442.5,444.12,407.75,7337220
2017-09-28,443.5,449.75,440.83,448.83,412.06,27646464
2017-09-29,450.02,455.5,449.06,451.42,414.45,6213632
2017-10-03,452.0,455.25,449.27,452.21,415.17,4394424
2017-10-04,451.98,452.98,448.34,449.25,412.45,6625104
2017-10-05,448.75,451.25,448.27,449.65,412.82,3336196
2017-10-06,449.5,451.11,448.5,450.02,413.16,3030660
2017-10-09,449.7,450.75,447.62,448.88,412.11,3062492
2017-10-10,449.75,453.74,448.16,450.67,413.76,3798180
2017-10-11,450.81,453.81,446.9,447.54,410.88,5267440
2017-10-12,448.77,455.36,447.0,454.7,417.46,5381560
2017-10-13,456.67,464.14,455.5,462.7,424.8,6433464
2017-10-16,465.0,468.31,460.5,464.29,426.26,3274544
2017-10-17,462.5,463.42,459.77,462.81,424.9,2613288
2017-10-18,460.25,468.75,459.75,467.12,428.86,3926720
2017-10-19,465.45,466.25,460.16,462.1,424.25,570008
2017-10-23,464.98,467.42,459.01,465.83,427.67,4162892
2017-10-24,465.75,469.9,463.25,466.77,428.54,11328872
2017-10-25,465.0,465.75,446.25,448.77,412.02,21367208
2017-10-26,442.0,452.5,439.46,448.84,412.07,28571464
2017-10-27,451.1,451.88,444.75,447.76,411.09,7472088
2017-10-30,449.56,454.0,448.1,453.75,416.58,5422352
2017-10-31,452.88,452.88,449.81,452.12,415.09,4682460
2017-11-01,453.77,456.25,453.0,455.3,418.01,4190612
2017-11-02,455.75,457.45,454.24,455.52,418.21,4737944
2017-11-03,456.42,460.0,455.4,457.67,420.19,3810488
2017-11-06,456.25,460.0,455.65,457.15,419.7,6148244
2017-11-07,459.5,461.24,455.19,455.92,418.58,7446376
2017-11-08,456.3,458.4,454.75,456.49,419.1,3283144
2017-11-09,456.75,458.75,455.27,456.96,419.53,3113308
2017-11-10,455.42,458.7,453.09,455.5,418.19,7744360
2017-11-13,455.5,455.79,448.75,453.39,416.25,3335872
2017-11-14,453.98,454.75,450.0,450.59,413.68,4712468
2017-11-15,449.5,450.91,447.0,450.06,413.2,6148368
2017-11-16,451.0,454.0,448.8,451.92,414.91,4012972
2017-11-17,457.17,459.58,453.29,456.39,419.0,6358772
2017-11-20,457.25,459.92,457.25,459.54,421.9,2392424
2017-11-21,459.36,462.5,459.02,461.56,423.76,2275532
2017-11-22,462.42,465.0,461.14,463.81,425.82,5660796
2017-11-23,464.75,465.0,459.5,460.71,422.98,3232580
2017-11-24,460.75,464.45,460.25,462.85,424.94,5203684
2017-11-27,462.25,465.5,461.4,464.39,426.35,3870472
2017-11-28,464.0,467.75,463.96,466.34,428.14,5090540
2017-11-29,466.25,468.88,463.95,468.33,429.96,3274584
2017-11-30,467.17,468.49,460.0,463.42,425.47,5796312
2017-12-01,463.73,465.0,461.02,462.05,424.2,3858148
2017-12-04,463.73,463.73,457.52,458.52,420.97,3641932
2017-12-05,456.5,457.14,451.75,455.11,417.83,3893360
2017-12-06,454.99,455.34,449.75,450.83,413.9,6395120
2017-12-07,451.66,454.15,450.77,452.41,415.35,4231304
2017-12-08,453.5,463.25,453.5,460.1,422.41,8956400
2017-12-11,462.0,462.94,460.0,461.6,423.79,3198232
2017-12-12,462.27,462.48,453.99,454.98,417.71,2410588
2017-12-13,455.01,461.25,453.77,455.34,418.04,2907460
2017-12-14,456.0,460.0,453.0,459.51,421.87,3683092
2017-12-15,464.0,472.0,463.88,468.36,430.0,12450124
2017-12-18,463.75,474.75,452.33,469.74,431.26,12297988
2017-12-19,469.95,473.41,469.04,471.12,432.53,4952112
2017-12-20,474.73,475.77,465.91,467.04,428.78,9343504
2017-12-21,469.98,471.25,466.3,467.08,428.82,6854544
2017-12-22,469.75,470.0,465.44,469.16,430.73,4470904
2017-12-26,470.25,470.7,464.17,467.09,428.83,6785696
2017-12-27,467.52,467.58,462.79,464.19,426.17,3489384
2017-12-28,464.73,470.23,464.5,469.51,431.05,8700520
2017-12-29,469.2,469.8,467.04,468.1,429.76,6345872
2018-01-01,468.17,470.19,462.62,463.62,425.65,6580516
2018-01-02,464.64,468.75,464.64,468.09,429.75,4776316
2018-01-03,468.75,469.56,462.8,463.16,425.22,4531288
2018-01-04,463.25,466.38,463.25,464.98,426.89,2373776
2018-01-05,465.75,467.01,463.89,465.9,427.74,2870868
2018-01-08,466.25,467.67,464.44,465.15,427.05,4570308
2018-01-09,465.5,467.46,463.75,465.92,427.76,5305528
2018-01-10,466.3,466.98,464.33,466.05,427.88,4615888
2018-01-11,466.05,469.0,464.06,468.14,429.79,4059096
2018-01-12,468.25,469.54,465.0,466.33,428.13,4336708
2018-01-15,467.49,476.1,464.96,474.44,435.58,12576444
2018-01-16,475.86,477.5,471.31,475.04,436.13,6445384
2018-01-17,474.25,475.64,471.75,472.62,433.91,2905496
2018-01-18,481.0,488.5,479.51,483.58,443.96,16649540
2018-01-19,483.79,489.98,479.81,488.05,448.07,11455988
2018-01-22,490.0,497.0,488.29,490.84,450.63,8849768
2018-01-23,491.25,491.67,485.83,487.83,447.87,5047796
2018-01-24,488.14,492.25,487.65,489.41,449.32,4790568
2018-01-25,488.48,495.0,487.62,493.74,453.29,8723668
2018-01-29,494.5,501.74,494.5,499.91,458.96,8235892
2018-01-30,499.45,500.48,496.04,498.88,458.01,6397560
2018-01-31,497.35,503.38,496.75,501.42,460.35,6943348
2018-02-01,501.5,503.75,496.33,497.79,457.01,6521420
2018-02-02,496.5,497.48,485.38,487.0,447.11,7346124
2018-02-05,479.5,483.81,476.46,478.46,439.27,7926784
2018-02-06,465.0,478.0,459.08,474.2,435.36,10749804
2018-02-07,476.75,476.75,465.6,468.2,429.85,8364972
2018-02-08,471.0,474.65,466.62,470.24,431.72,5171444
2018-02-09,461.98,466.17,461.02,462.38,424.5,6408952
2018-02-12,465.0,471.5,463.79,469.16,430.73,4381108
2018-02-14,472.45,474.48,468.66,470.79,432.22,3577188
2018-02-15,472.42,473.69,468.75,470.48,431.94,4915224
2018-02-16,470.98,473.71,468.91,469.65,431.18,3583520
2018-02-19,470.65,471.9,464.76,469.55,431.09,3654552
2018-02-20,471.19,471.46,464.7,465.8,427.65,4084068
2018-02-21,466.99,467.14,463.05,464.35,426.31,2753072
2018-02-22,462.5,465.0,460.39,463.3,425.35,13253596
2018-02-23,464.23,471.21,462.6,470.14,431.63,4076748
2018-02-26,472.02,478.7,470.89,477.89,438.74,4788884
2018-02-27,478.69,480.44,475.0,475.64,436.68,4787328
2018-02-28,472.39,473.86,469.5,471.05,432.47,4066364
2018-03-01,469.83,473.33,467.0,468.59,430.21,3909840
2018-03-05,468.54,469.5,464.56,467.49,429.2,3781464
2018-03-06,467.5,469.98,459.88,461.56,423.76,4576828
2018-03-07,460.0,463.35,457.12,458.15,420.62,5628164
2018-03-08,459.95,464.62,458.0,463.21,425.27,5518724
2018-03-09,463.74,466.31,461.0,462.76,424.86,4108108
2018-03-12,465.05,467.36,463.35,466.81,428.58,6557116
2018-03-13,466.86,471.19,463.75,465.06,426.97,5124200
2018-03-14,464.0,466.98,462.0,466.12,427.94,3680392
2018-03-15,466.3,471.88,466.3,470.2,431.69,5870924
2018-03-16,470.0,470.27,461.64,463.25,425.3,7896336
2018-03-19,463.25,465.0,460.79,461.81,423.98,7838740
2018-03-20,461.27,463.98,458.81,459.88,422.21,3657372
2018-03-21,462.0,465.8,460.83,464.73,426.66,5921140
2018-03-22,464.73,470.0,463.77,466.94,428.69,6673224
2018-03-23,461.66,463.27,459.31,460.39,422.68,7190152
2018-03-26,459.98,475.0,458.38,473.36,434.59,10501768
2018-03-27,473.45,474.75,469.0,473.15,434.39,6136836
2018-03-28,470.74,474.92,469.01,471.52,432.9,8837508
2018-04-02,472.62,483.94,472.62,482.8,443.25,4596368
2018-04-03,480.99,481.42,477.75,478.98,439.74,4079884
2018-04-04,478.24,481.24,469.61,470.81,432.25,3714108
2018-04-05,475.33,478.5,472.55,477.23,438.14,4858892
2018-04-06,478.05,481.61,476.45,480.85,441.46,3720008
2018-04-09,479.7,485.5,479.1,484.76,445.06,4003536
2018-04-10,485.75,485.75,478.38,480.21,440.88,6067236
2018-04-11,478.98,480.0,476.35,479.71,440.42,2870812
2018-04-12,479.0,483.23,476.48,482.2,442.7,4712516
2018-04-13,482.0,485.0,479.77,481.25,441.83,3297172
2018-04-16,480.0,487.5,479.96,485.52,445.76,2847744
2018-04-17,485.88,487.75,483.52,487.12,447.22,2667832
2018-04-18,487.75,488.38,482.51,483.15,443.57,2712720
2018-04-19,485.0,486.2,483.25,484.75,445.04,3169032
2018-04-20,485.25,490.25,483.04,488.98,448.92,9361380
2018-04-23,494.75,494.75,465.08,483.94,444.3,15304620
2018-04-24,483.75,487.01,481.5,483.75,444.13,5037416
2018-04-25,481.98,484.5,478.0,480.19,440.85,4020592
2018-04-26,479.2,484.8,477.81,482.56,443.04,7847480
2018-04-27,483.25,483.88,478.12,480.85,441.46,5777008
2018-04-30,482.5,488.7,482.2,486.08,446.26,4609552
2018-05-02,487.5,494.5,486.5,492.38,452.04,7100048
2018-05-03,492.01,493.73,486.5,491.98,451.68,4152772
2018-05-04,492.5,497.5,491.58,497.12,456.41,6881436
2018-05-07,495.41,496.83,493.75,494.35,453.86,5264128
2018-05-08,494.81,494.98,488.65,491.76,451.48,7100564
2018-05-09,489.04,495.12,489.04,494.6,454.09,4327332
2018-05-10,497.15,499.75,495.5,498.17,457.37,7171672
2018-05-11,498.17,504.25,496.5,502.94,461.74,6057068
2018-05-14,504.3,506.85,503.1,505.44,464.04,4742916
2018-05-15,506.76,516.25,506.67,509.45,467.72,9826684
2018-05-16,507.64,512.25,504.29,505.84,464.4,6841604
2018-05-17,505.96,511.11,503.12,506.94,465.41,6615476
2018-05-18,506.17,506.17,500.88,503.04,461.83,5217460
2018-05-21,504.02,505.25,496.51,498.26,457.45,4848108
2018-05-22,499.67,503.49,496.38,497.48,456.73,3960372
2018-05-23,496.95,498.5,490.85,491.88,451.59,5726292
2018-05-24,491.77,497.56,489.09,496.5,455.83,4520744
2018-05-25,497.5,504.0,497.48,502.17,461.04,4759588
2018-05-28,501.95,513.0,501.5,510.55,468.73,5103940
2018-05-29,509.5,513.17,507.2,508.15,466.53,3351244
2018-05-30,504.92,513.25,504.08,512.09,470.14,4866996
2018-05-31,525.0,540.0,520.0,534.86,494.19,39639192
2018-06-01,529.0,534.5,525.25,527.65,487.52,21151356
2018-06-04,537.5,539.25,509.49,511.55,472.65,88796324
2018-06-05,512.5,516.74,505.75,515.9,476.67,17105460
2018-06-06,515.05,516.2,511.25,514.34,475.22,9782000
2018-06-07,518.3,519.95,513.3,515.55,476.34,10563896
2018-06-08,514.75,515.31,508.75,512.34,473.38,6180888
2018-06-11,512.97,515.74,509.7,510.58,471.75,7091188
2018-06-12,512.97,513.17,509.6,510.96,472.11,5234256
2018-06-13,513.0,513.7,506.02,507.86,469.24,7897960
2018-06-14,507.5,511.25,506.25,509.35,470.62,16927576
2018-06-15,506.5,509.73,505.58,507.4,468.81,10880816
2018-06-18,507.52,509.7,502.27,504.79,466.4,7487404
2018-06-19,506.24,510.17,504.83,505.88,467.4,10981152
2018-06-20,506.5,514.5,506.25,514.04,474.95,9051712
2018-06-21,515.0,517.7,511.76,514.4,475.28,13510704
2018-06-22,514.24,522.2,512.46,520.84,481.23,7848980
2018-06-25,520.76,524.45,518.26,523.74,483.91,6992336
2018-06-26,521.51,525.75,519.96,523.42,483.62,9161932
2018-06-27,523.25,529.88,522.5,528.15,487.99,19126804
2018-06-28,528.75,535.0,527.8,532.71,492.2,37533540
2018-06-29,530.42,535.0,526.28,527.11,487.03,19458120
2018-07-02,527.09,527.1,515.81,518.31,478.9,9864876
2018-07-03,518.31,521.25,516.4,517.55,478.19,6863100
2018-07-04,519.06,527.01,517.25,525.89,485.9,6097992
2018-07-05,526.25,532.25,523.14,530.94,490.56,9735968
2018-07-06,528.33,533.89,527.84,528.79,488.57,8121344
2018-07-09,530.46,532.5,526.94,531.41,491.0,6182296
2018-07-10,532.47,537.4,531.25,536.6,495.79,10950736
2018-07-11,536.26,538.92,533.7,537.06,496.22,5857920
2018-07-12,538.22,544.96,538.0,541.49,500.31,8020668
2018-07-13,542.1,547.7,540.78,545.22,503.76,7161188
2018-07-16,544.85,547.51,540.94,542.21,500.98,9017336
2018-07-17,540.81,545.25,540.81,544.19,502.8,6361924
2018-07-18,546.75,555.0,543.41,544.05,502.68,17460272
2018-07-19,545.75,548.38,542.75,546.53,504.96,5304776
2018-07-20,546.53,550.71,542.78,547.26,505.64,10006964
2018-07-23,537.5,544.5,534.51,539.11,498.11,16880132
2018-07-24,536.75,542.25,536.75,539.94,498.88,5208792
2018-07-25,541.16,544.2,540.0,542.59,501.33,7038616
2018-07-26,541.25,550.86,541.25,548.15,506.46,21281092
2018-07-27,550.49,552.99,546.17,550.54,508.67,10554596
2018-07-30,549.75,549.75,539.85,542.47,501.22,7169120
2018-07-31,540.0,546.47,537.51,544.88,503.44,8860944
2018-08-01,540.7,543.75,537.92,539.67,498.63,6071560
2018-08-02,538.38,538.42,530.34,532.55,492.05,8905704
2018-08-03,533.39,536.76,528.5,530.41,490.08,13604008
2018-08-06,530.25,534.35,526.53,528.58,488.38,5744632
2018-08-07,531.25,533.62,527.0,532.72,492.21,7428456
2018-08-08,533.96,537.95,533.26,534.09,493.47,9945380
2018-08-09,535.5,535.5,523.66,529.62,489.35,8944408
2018-08-10,530.88,530.95,524.5,528.61,488.41,5442940
2018-08-13,521.0,525.99,520.0,522.91,483.15,10054252
2018-08-14,524.5,526.25,521.8,522.28,482.56,4935964
2018-08-16,520.75,521.67,516.6,518.92,479.46,10625160
2018-08-17,520.72,523.26,517.91,519.34,479.84,6065328
2018-08-20,518.75,526.9,518.75,524.05,484.2,7811136
2018-08-21,524.5,528.0,523.16,524.01,484.16,7776320
2018-08-23,526.25,526.75,519.21,519.97,480.43,12574552
2018-08-24,517.75,523.4,516.51,517.46,478.11,9714628
2018-08-27,519.25,522.12,517.56,520.11,480.56,12574788
2018-08-28,522.0,524.56,519.7,523.71,483.89,9973532
2018-08-29,523.04,523.51,518.19,519.62,480.11,9873692
2018-08-30,520.9,521.97,515.46,516.53,477.24,21827460
2018-08-31,517.3,519.69,514.56,515.3,476.11,15771500
2018-09-03,517.35,519.74,515.88,518.76,479.31,7661608
2018-09-04,519.22,519.49,512.25,512.95,473.94,7130536
2018-09-05,513.45,515.05,508.89,511.46,472.57,5641508
2018-09-06,512.25,514.75,508.15,513.05,474.03,10402412
2018-09-07,512.75,515.0,510.19,514.24,475.13,5919300
2018-09-10,513.75,513.75,506.27,510.29,471.48,8598592
2018-09-11,511.58,512.0,498.54,500.1,462.07,18186536
2018-09-12,500.48,505.34,497.39,502.96,464.71,12246008
2018-09-14,504.96,509.35,504.74,507.4,468.81,10334672
2018-09-17,505.33,505.74,497.0,498.05,460.17,9338220
2018-09-18,498.73,502.46,495.24,497.3,459.48,9325736
2018-09-19,498.71,499.5,489.12,490.34,453.05,16712264
2018-09-21,493.48,499.96,477.55,492.56,455.1,22610148
2018-09-24,491.81,493.05,478.75,481.42,444.81,13390792
2018-09-25,481.42,490.5,478.75,488.1,450.98,16682552
2018-09-26,490.74,494.5,488.83,492.05,454.63,14726724
2018-09-27,492.35,496.5,488.79,494.04,456.47,18352208
2018-09-28,495.16,503.86,494.29,501.51,463.37,14460716
2018-10-01,502.45,510.5,499.45,508.86,470.16,12449588
2018-10-03,507.61,513.05,501.75,507.79,469.17,15332148
2018-10-04,502.0,504.45,485.75,489.44,452.22,17970584
2018-10-05,488.49,497.5,485.04,491.33,453.96,15729180
2018-10-08,491.25,492.25,482.5,486.25,449.27,20128020
2018-10-09,486.1,491.25,482.5,485.15,448.26,12459364
2018-10-10,486.25,495.56,483.88,491.79,454.39,15939932
2018-10-11,481.25,487.08,479.4,484.39,447.55,14359904
2018-10-12,486.25,499.27,485.5,495.46,457.78,9600320
2018-10-15,497.5,502.7,492.58,502.01,463.84,12585968
2018-10-16,500.75,504.55,496.88,498.19,460.3,9406004
2018-10-17,501.52,503.25,490.88,493.65,456.11,7940796
2018-10-19,489.73,495.21,489.5,491.94,454.53,9867348
2018-10-22,503.5,505.0,497.15,499.73,461.72,20331160
2018-10-23,493.25,499.73,493.25,496.21,458.48,19428564
2018-10-24,501.0,502.2,493.15,498.06,460.19,18072336
2018-10-25,493.4,500.9,490.61,492.2,454.77,29847056
2018-10-26,492.2,494.3,487.25,490.3,453.01,15155712
2018-10-29,491.02,491.24,473.8,481.58,444.95,17044280
2018-10-30,481.25,483.0,474.83,478.19,441.82,13828704
2018-10-31,475.51,479.48,471.25,477.94,441.59,23449404
2018-11-01,482.5,482.5,474.0,478.05,441.7,19629052
2018-11-02,481.5,490.0,478.0,487.36,450.3,30092868
2018-11-05,487.48,489.91,484.5,489.0,451.81,5705296
2018-11-06,488.75,494.0,485.74,486.64,449.63,8485588
2018-11-07,490.25,491.24,487.5,489.49,452.26,958760
2018-11-09,489.55,489.98,484.08,486.35,449.36,10101620
2018-11-12,487.88,490.5,479.29,480.26,443.74,7907764
2018-11-13,479.75,484.42,477.05,481.94,445.29,13350420
2018-11-14,484.64,490.0,484.15,489.44,452.22,26110636
2018-11-15,490.48,494.33,482.8,493.79,456.24,10392524
2018-11-16,495.25,503.25,495.0,501.08,462.97,15813216
2018-11-19,502.75,505.25,500.48,503.48,465.19,12286428
2018-11-20,503.25,504.9,499.76,503.11,464.85,5705168
2018-11-21,503.19,505.99,501.0,504.69,466.31,6545604
2018-11-22,503.31,508.75,500.04,501.38,463.25,12974552
2018-11-26,503.48,513.0,503.01,512.45,473.48,18184436
2018-11-27,510.26,516.97,510.19,516.0,476.76,12895440
2018-11-28,516.25,524.65,515.03,522.31,482.59,13021108
2018-11-29,525.25,534.35,523.5,532.76,492.25,31908636
2018-11-30,532.5,534.39,527.5,532.11,491.65,13040924
2018-12-03,532.75,535.5,526.72,528.33,488.15,10799856
2018-12-04,526.35,527.75,519.65,521.39,481.74,8157420
2018-12-05,519.5,526.33,518.99,524.8,484.89,11798844
2018-12-06,522.42,525.41,521.25,524.26,484.39,11730252
2018-12-07,526.67,529.5,520.08,526.9,486.83,9903920
2018-12-10,516.47,526.2,516.47,522.19,482.48,10915056
2018-12-11,514.0,517.83,508.0,514.89,475.73,18905780
2018-12-12,516.74,522.45,515.03,521.33,481.68,11370488
2018-12-13,523.75,531.25,522.83,525.33,485.38,7064236
2018-12-14,526.22,529.5,522.01,523.92,484.08,6158284
2018-12-17,526.0,533.15,524.75,532.55,492.05,8437324
2018-12-18,531.0,534.75,525.65,533.86,493.26,7413968
2018-12-19,533.28,539.85,528.39,530.86,490.49,9009896
2018-12-20,528.14,535.11,525.66,534.36,493.73,7980476
2018-12-21,533.5,537.28,527.26,527.79,487.65,10220308
2018-12-24,526.0,526.0,519.34,520.16,480.61,5601488
2018-12-26,519.25,531.75,517.25,530.59,490.24,7601916
2018-12-27,533.25,534.55,524.61,526.26,486.24,11639868
2018-12-28,529.34,534.44,528.88,530.72,490.36,9415612
2018-12-31,534.25,534.25,529.17,530.42,490.09,5866528
2019-01-01,531.91,537.75,526.4,537.03,496.19,6373440
2019-01-02,535.7,536.88,529.92,532.12,491.66,8134232
2019-01-03,531.05,532.06,525.75,527.95,487.8,12771664
2019-01-04,528.81,532.12,527.59,529.36,489.11,7287120
2019-01-07,531.92,533.84,529.5,530.16,489.85,5387012
2019-01-08,530.5,530.88,524.16,525.75,485.77,8343460
2019-01-09,529.5,530.34,525.65,529.2,488.96,8568628
2019-01-10,529.25,530.95,523.16,527.12,487.04,7691540
2019-01-11,528.45,531.0,527.0,527.97,487.82,6408040
2019-01-14,527.47,527.47,524.61,525.41,485.46,4855160
2019-01-15,526.26,531.62,525.5,530.47,490.13,5087556
2019-01-16,530.01,531.25,527.06,530.05,489.74,5252452
2019-01-17,531.31,533.97,528.34,533.08,492.54,8240228
2019-01-18,533.75,534.75,528.64,532.56,492.06,5207976
2019-01-21,534.99,541.62,531.62,537.04,496.2,17561512
2019-01-22,536.5,536.7,532.26,533.96,493.36,8796976
2019-01-23,533.5,533.96,525.36,526.35,486.32,7624288
2019-01-24,527.5,530.41,524.47,525.56,485.6,10111572
2019-01-25,523.25,527.5,522.5,524.0,484.15,11262236
2019-01-28,522.5,525.51,519.19,521.04,481.41,15360436
2019-01-29,519.56,520.75,513.25,514.4,475.28,14762788
2019-01-30,514.31,514.31,507.0,508.67,469.99,18514160
2019-01-31,507.75,522.44,505.5,519.99,480.44,16579404
2019-02-01,519.99,529.25,519.15,522.61,482.87,15654188
2019-02-04,523.75,528.25,520.66,526.22,486.21,7938288
2019-02-05,527.0,529.75,524.25,528.51,488.32,8690288
2019-02-06,529.06,531.75,528.4,530.66,490.31,10875684
2019-02-07,531.26,532.5,526.46,529.31,489.06,7217308
2019-02-08,528.0,536.24,526.66,530.66,490.31,12235644
2019-02-11,528.33,535.72,528.33,534.91,494.23,7036364
2019-02-12,534.5,537.0,531.2,532.42,491.94,9772388
2019-02-14,535.0,535.0,526.4,527.55,487.43,7441388
2019-02-15,526.84,527.03,519.55,525.16,485.23,8416524
2019-02-18,526.7,529.5,521.5,522.47,482.74,7138744
2019-02-19,522.42,527.04,519.55,521.01,481.39,5268636
2019-02-20,522.12,527.75,520.47,527.09,487.0,4892500
2019-02-21,525.42,529.99,523.4,528.97,488.75,5261544
2019-02-22,529.85,532.03,522.28,522.86,483.1,8890708
2019-02-25,523.79,532.49,523.79,531.35,490.94,8140596
2019-02-26,527.81,531.25,525.28,527.66,487.54,9607428
2019-02-27,529.03,531.11,522.04,523.06,483.29,7030092
2019-02-28,523.28,526.46,518.3,519.39,479.89,11645376
2019-03-01,521.56,525.22,519.25,520.84,481.23,9352928
2019-03-05,522.22,527.78,517.5,526.78,486.72,11837276
2019-03-06,527.5,527.58,522.64,526.06,486.06,8458044
2019-03-07,527.4,532.5,523.75,531.62,491.2,10204852
2019-03-08,528.76,532.5,527.36,532.05,491.59,7053460
2019-03-11,533.0,535.92,530.55,532.11,491.65,9224108
2019-03-12,536.75,543.75,534.25,542.75,501.48,15097292
2019-03-13,543.75,558.5,543.03,556.64,514.31,57166348
2019-03-14,561.21,561.88,552.65,556.19,513.89,15379864
2019-03-15,557.75,564.97,557.01,563.25,520.42,12763088
2019-03-18,565.47,572.91,561.75,565.36,522.37,14358720
2019-03-19,567.38,568.97,562.75,566.94,523.82,11957992
2019-03-20,567.25,575.0,565.26,574.75,531.04,11711992
2019-03-22,575.0,576.75,567.7,569.04,525.76,30403880
2019-03-25,565.0,571.96,563.25,570.33,526.95,9199260
2019-03-26,568.97,578.75,568.15,577.84,533.89,11786848
2019-03-27,579.64,582.01,569.76,574.86,531.15,13885300
2019-03-28,574.7,581.25,571.96,575.7,531.92,19554328
2019-04-01,581.31,583.0,576.15,577.95,534.0,9647076
2019-04-02,580.0,580.0,571.36,573.71,530.08,10910496
2019-04-03,573.03,579.0,572.06,573.19,529.6,7659452
2019-04-04,573.19,578.25,570.0,570.99,527.57,9211552
2019-04-05,571.95,578.44,570.5,576.4,532.57,8351180
2019-04-08,579.75,580.74,570.03,572.35,528.82,6398132
2019-04-09,574.15,575.75,566.75,571.81,528.33,10777600
2019-04-10,562.5,571.0,557.75,559.34,516.8,108128700
2019-04-11,561.22,565.75,559.24,564.38,521.46,8793300
2019-04-12,563.03,568.05,563.03,566.31,523.25,9170444
2019-04-15,567.5,573.22,566.09,572.2,528.69,10219780
2019-04-16,572.74,577.47,570.08,576.26,532.44,8273776
2019-04-18,578.25,578.76,572.0,573.41,529.81,10614856
2019-04-22,581.25,581.25,565.25,567.17,524.04,20980420
2019-04-23,569.39,572.5,560.4,561.33,518.64,15282400
2019-04-24,562.5,570.97,561.76,569.94,526.6,12354128
2019-04-25,571.72,574.7,564.49,565.86,522.83,18086636
2019-04-26,566.47,571.25,564.22,570.24,526.87,11707568
2019-04-30,571.25,580.0,569.6,579.36,535.3,12536836
2019-05-02,580.88,589.91,579.38,588.95,544.16,17169300
2019-05-03,591.05,594.5,589.12,591.99,546.97,12351520
2019-05-06,587.0,587.97,579.26,582.11,537.84,13748092
2019-05-07,587.97,589.5,579.5,580.59,536.44,9924204
2019-05-08,580.64,580.95,572.0,576.81,532.95,12064208
2019-05-09,575.0,575.0,567.9,572.72,529.17,9027724
2019-05-10,572.84,581.22,572.84,574.12,530.46,10594200
2019-05-13,574.01,578.34,570.0,571.8,528.32,11071632
2019-05-14,574.17,577.75,568.89,571.97,528.48,10494744
2019-05-15,574.0,576.8,570.55,571.67,528.2,8956348
2019-05-16,570.14,579.75,570.0,577.66,533.73,8050136
2019-05-17,578.25,592.33,577.9,590.53,545.62,14758780
2019-05-20,602.0,609.67,595.0,608.09,561.84,17699632
2019-05-21,609.5,612.35,599.86,600.92,555.23,10325176
2019-05-22,602.96,606.5,598.56,601.44,555.7,11386660
2019-05-23,602.25,609.97,579.78,583.03,538.69,33081996
2019-05-24,589.92,596.54,585.04,593.34,548.22,13692800
2019-05-27,594.72,605.47,593.06,602.09,556.3,12049024
2019-05-28,604.12,605.0,596.76,604.05,558.11,7364840
2019-05-29,602.55,607.7,602.55,604.22,558.28,7475216
2019-05-30,604.0,611.97,603.26,609.89,563.51,9359200
2019-05-31,614.2,616.25,589.2,606.34,560.23,19785080
2019-06-03,606.75,614.95,606.24,614.28,567.56,8480860
2019-06-04,613.75,616.44,610.26,613.08,566.45,6442988
2019-06-06,613.3,617.5,603.34,605.84,559.77,15634924
2019-06-07,606.41,613.56,602.25,611.91,565.38,7970932
2019-06-10,617.49,617.49,608.03,610.05,563.66,7077140
2019-06-11,612.88,614.97,610.09,612.1,565.55,7103292
2019-06-12,611.25,612.1,605.91,606.76,560.62,7308620
2019-06-13,608.99,613.0,603.99,611.17,564.7,11107948
2019-06-14,610.74,614.74,606.25,608.78,562.48,11956920
2019-06-17,608.75,609.97,604.33,605.5,559.45,12810020
2019-06-18,604.5,608.0,601.0,604.31,558.36,12419652
2019-06-19,606.75,611.22,604.17,607.09,560.92,10744276
2019-06-20,607.09,609.25,603.65,606.59,563.94,11171492
2019-06-21,606.5,607.42,601.41,603.55,561.12,13250260
2019-06-24,602.99,607.65,602.5,604.49,561.99,6915000
2019-06-25,604.96,610.38,600.75,607.17,564.49,8899800
2019-06-26,606.17,617.5,605.5,616.97,573.6,10533636
2019-06-27,617.19,623.62,614.04,615.58,572.3,19879236
2019-06-28,616.0,618.75,609.26,610.94,567.99,12756844
2019-07-01,614.0,622.25,612.51,621.39,577.7,8524160
2019-07-02,622.0,624.38,616.8,623.75,579.9,7246828
2019-07-03,624.75,625.83,620.75,622.41,578.65,7463256
2019-07-04,623.7,624.47,618.0,620.95,577.29,7993964
2019-07-05,621.28,623.74,615.0,618.1,574.64,7583060
2019-07-08,618.64,618.65,599.26,602.4,560.05,14607140
2019-07-09,600.96,602.7,593.25,594.79,552.97,16482688
2019-07-10,594.69,599.5,591.56,597.19,555.2,11569148
2019-07-11,600.75,603.5,598.91,601.79,559.48,9097596
2019-07-12,604.5,604.5,596.26,598.47,556.4,8976272
2019-07-15,599.0,600.75,594.34,598.69,556.6,8233184
2019-07-16,604.5,604.5,595.5,597.8,555.77,12770568
2019-07-17,598.24,602.9,597.83,599.36,557.22,7759736
2019-07-18,600.75,607.25,600.47,602.97,560.58,10802584
2019-07-19,603.75,605.17,591.75,593.91,552.16,8939228
2019-07-22,586.25,587.46,570.31,574.31,533.94,22171296
2019-07-23,573.62,573.62,560.51,565.88,526.09,27802864
2019-07-24,564.19,573.25,562.75,570.22,530.14,17363740
2019-07-25,571.25,578.86,570.06,571.51,531.33,19462008
2019-07-26,569.55,573.41,568.21,569.33,529.3,12829828
2019-07-29,568.39,568.39,555.76,561.08,521.63,9976492
2019-07-30,563.75,567.8,559.97,563.06,523.48,10394136
2019-07-31,560.0,566.75,558.56,562.91,523.34,13891840
2019-08-01,557.28,560.0,549.25,555.45,517.55,18241676
2019-08-02,552.75,556.0,545.5,553.59,515.81,27825536
2019-08-05,549.26,550.0,540.62,544.81,507.64,19822440
2019-08-06,541.75,552.56,541.75,547.28,509.93,24890940
2019-08-07,547.5,550.5,541.25,546.0,508.74,18750136
2019-08-08,549.5,560.75,545.75,558.29,520.19,19711600
2019-08-09,561.75,572.25,559.95,570.5,531.57,30436112
2019-08-13,568.33,568.33,550.65,555.09,517.21,15440068
2019-08-14,558.85,558.85,550.76,557.36,519.33,14254052
2019-08-16,553.5,558.25,551.03,556.92,518.92,15247560
2019-08-19,559.62,560.5,550.42,551.71,514.07,8498200
2019-08-20,552.31,556.95,551.71,555.15,517.27,10270592
2019-08-21,556.22,560.3,553.55,556.46,518.49,10472712
2019-08-22,555.21,555.21,541.76,543.53,506.44,13992044
2019-08-23,540.25,544.25,534.9,540.67,503.78,20099616
2019-08-26,548.72,566.54,541.75,564.04,525.55,25280244
2019-08-27,564.0,568.22,560.03,564.99,526.44,20660832
2019-08-28,562.5,564.34,556.59,561.88,523.54,13662588
2019-08-29,561.5,563.42,555.08,556.74,518.75,14783716
2019-08-30,558.38,565.0,555.5,556.99,518.98,19233320
2019-09-03,555.0,555.25,549.04,552.74,515.02,11428676
2019-09-04,551.75,568.5,549.75,561.94,523.59,15060704
2019-09-05,562.25,568.1,556.25,558.79,520.66,17296252
2019-09-06,557.0,564.15,555.33,561.47,523.16,12870004
2019-09-09,561.5,565.22,554.03,562.4,524.02,10643404
2019-09-11,568.5,568.5,560.29,562.83,524.42,15209116
2019-09-12,562.67,572.2,562.04,567.71,528.97,18132300
2019-09-13,562.75,566.86,559.5,564.36,525.85,15371340
2019-09-16,562.97,565.66,560.25,561.04,522.75,11030184
2019-09-17,561.97,562.12,549.53,552.84,515.11,10656556
2019-09-18,554.33,556.04,545.0,546.94,509.62,12959884
2019-09-19,549.95,553.53,542.0,550.53,512.96,10623310
2019-09-20,554.0,604.95,552.7,599.8,558.87,46150034
2019-09-23,629.78,641.35,614.5,628.62,585.73,41920410
2019-09-24,625.0,630.97,613.78,626.9,584.12,23379048
2019-09-25,624.95,624.95,615.05,619.85,577.55,15608976
2019-09-26,619.9,637.5,618.17,621.25,578.86,30671560
2019-09-27,624.12,626.75,618.8,622.1,579.65,14873170
2019-09-30,614.4,620.0,608.25,613.72,571.85,18218458
2019-10-01,615.75,627.5,610.55,624.4,581.79,18768352
2019-10-03,619.97,621.9,608.17,611.78,570.03,16298876
2019-10-04,618.33,619.8,592.65,594.85,554.26,18403632
2019-10-07,600.6,609.92,590.58,593.45,552.96,22513220
2019-10-09,598.55,614.95,595.0,614.08,572.17,17427270
2019-10-10,610.9,612.97,598.6,600.28,559.32,11556858
2019-10-11,606.7,612.0,594.47,599.4,558.5,17186318
2019-10-14,604.5,609.95,598.7,602.2,561.11,12267802
2019-10-15,603.5,612.5,603.42,611.53,569.8,8400374
2019-10-16,615.83,617.5,605.05,610.55,568.89,10586816
2019-10-17,613.75,614.92,606.55,610.0,568.38,12243614
2019-10-18,612.72,616.92,610.17,614.5,572.57,11233806
2019-10-22,628.5,628.5,616.3,619.65,577.37,20006228
2019-10-23,623.42,624.88,616.5,620.8,578.44,10190214
2019-10-24,624.0,627.08,613.17,618.05,575.88,13107494
2019-10-25,620.0,623.42,610.0,614.5,572.57,12993542
2019-10-27,619.97,620.95,617.5,618.85,576.62,1750082
2019-10-29,619.0,628.67,618.85,621.25,578.86,14232568
2019-10-30,623.45,631.35,621.5,624.17,581.58,12011366
2019-10-31,628.85,631.95,613.55,615.17,573.2,13217706
2019-11-01,619.5,621.88,613.8,620.03,577.72,11512260
2019-11-04,623.22,625.0,614.53,618.42,576.23,9935176
2019-11-05,620.5,622.4,614.53,619.75,577.46,12367810
2019-11-06,621.22,629.5,614.03,628.33,585.45,12130336
2019-11-07,630.5,634.85,625.0,631.85,588.74,16963034
2019-11-08,629.5,633.5,625.72,627.8,584.96,13251496
2019-11-11,626.28,634.25,625.25,632.38,589.22,14286610
2019-11-13,630.97,635.0,626.8,628.78,585.87,9293496
2019-11-14,631.9,638.5,628.6,636.95,593.49,11055218
2019-11-15,641.92,642.5,635.55,638.95,595.35,9279012
2019-11-18,638.5,639.72,629.35,631.03,587.97,9130292
2019-11-19,632.65,637.5,630.55,635.95,592.56,10570578
2019-11-20,636.5,641.47,633.5,636.67,593.23,11054258
2019-11-21,635.12,643.5,634.17,641.67,597.89,12019526
2019-11-22,641.83,641.83,631.0,632.38,589.22,7688010
2019-11-25,632.08,639.75,632.08,635.55,592.18,7893556
2019-11-26,639.22,639.88,633.47,637.53,594.02,8716002
2019-11-27,638.0,642.88,635.6,639.2,595.58,9580666
2019-11-28,640.1,641.53,631.0,632.65,589.48,12366040
2019-11-29,633.85,639.95,626.0,637.47,593.98,15567626
2019-12-02,636.97,636.97,629.3,632.88,589.69,8946204
2019-12-03,634.1,634.5,626.9,627.7,584.87,6991906
2019-12-04,626.25,628.45,617.1,625.83,583.12,11395614
2019-12-05,627.8,629.38,620.38,622.8,580.3,12772494
2019-12-06,624.47,630.0,619.1,623.03,580.51,13774650
2019-12-09,624.75,624.92,618.78,621.47,579.07,8265350
2019-12-10,625.5,626.83,622.55,624.75,582.12,9788900
2019-12-11,625.05,627.0,621.25,624.38,581.77,11054642
2019-12-12,626.5,634.72,626.5,631.8,588.69,12913148
2019-12-13,632.5,636.17,629.62,631.92,588.81,11775186
2019-12-16,634.62,635.0,624.1,628.67,585.78,11327576
2019-12-17,630.0,637.4,627.67,635.55,592.18,12427354
2019-12-18,641.5,649.5,636.83,646.17,602.08,17447172
2019-12-19,652.5,652.75,643.05,644.4,600.43,13018376
2019-12-20,644.38,649.8,640.03,648.35,604.11,15026044
2019-12-23,649.5,652.0,644.4,651.2,606.77,10195782
2019-12-24,649.3,650.55,643.47,644.58,600.59,7179208
2019-12-26,644.85,645.92,632.33,635.22,591.88,14949758
2019-12-27,636.0,639.5,635.0,637.5,594.0,7092992
2019-12-30,641.0,644.38,637.03,641.08,597.33,9334190
2019-12-31,640.97,640.97,634.33,636.05,592.65,8357056
2020-01-01,638.05,640.0,635.3,639.3,595.68,3673698
2020-01-02,639.5,644.0,639.5,643.38,599.47,6137166
2020-01-03,641.1,642.5,631.8,634.2,590.93,10855550
2020-01-06,630.0,630.9,618.0,620.47,578.14,10890186
2020-01-07,629.45,635.72,626.12,630.3,587.29,14724494
2020-01-08,623.47,631.08,620.03,628.65,585.75,11332110
2020-01-09,632.5,637.9,631.55,635.7,592.32,9546316
2020-01-10,642.05,643.45,637.55,641.35,597.59,9214580
2020-01-13,641.35,648.25,638.0,643.0,599.12,7451568
2020-01-14,644.5,646.28,638.75,644.75,600.76,7886290
2020-01-15,643.2,643.97,637.05,642.12,598.31,11787448
2020-01-16,641.03,645.5,639.67,643.83,599.89,7150400
2020-01-17,640.88,642.45,635.95,639.08,595.47,16918814
2020-01-20,652.42,652.42,626.25,627.45,584.64,22178450
2020-01-21,625.0,625.0,619.2,622.17,579.72,14984804
2020-01-22,624.03,627.5,617.2,620.42,578.09,18368310
2020-01-23,620.0,623.42,615.5,622.42,579.95,11508920
2020-01-24,623.0,627.0,619.55,622.28,579.81,11831756
2020-01-27,617.5,617.5,605.88,606.6,565.21,18888552
2020-01-28,609.4,613.9,606.62,611.6,569.87,13412158
2020-01-29,612.65,621.0,611.12,617.92,575.76,13788350
2020-01-30,619.47,619.47,608.6,613.03,571.2,12111984
2020-01-31,615.72,618.9,610.12,613.15,571.31,11178268
2020-02-03,598.5,598.97,588.85,596.4,555.7,13077010
2020-02-04,599.0,617.0,599.0,614.9,572.94,20897704
2020-02-05,617.45,624.0,613.65,622.33,579.86,18020682
2020-02-06,622.33,624.35,618.6,619.9,577.6,11827550
2020-02-07,623.0,623.5,615.8,621.1,578.72,6815448
2020-02-10,621.47,621.47,613.03,620.15,577.83,9219834
2020-02-11,621.65,627.5,619.03,620.3,577.97,11613520
2020-02-12,622.6,626.45,622.03,624.5,581.89,6297930
2020-02-13,629.95,629.95,616.8,620.7,578.35,9112140
2020-02-14,621.6,624.2,607.5,609.67,568.07,14688858
2020-02-17,612.5,616.5,607.22,608.58,567.05,10152690
2020-02-18,608.45,609.25,601.75,606.62,565.23,10529116
2020-02-19,611.25,615.0,606.95,613.6,571.73,10012268
2020-02-20,615.0,615.0,607.05,608.55,567.03,11123414
2020-02-24,604.47,607.38,600.0,604.97,563.69,16568084
2020-02-25,602.0,604.5,599.0,600.15,559.2,13886680
2020-02-26,598.75,602.35,592.83,599.62,558.71,13814786
2020-02-27,597.5,601.25,590.5,599.72,558.8,20655098
2020-02-28,587.75,592.5,585.05,588.83,548.65,24313056
2020-03-02,600.1,600.58,583.08,589.8,549.55,14664898
2020-03-03,587.5,592.67,584.0,590.9,550.58,22369550
2020-03-04,589.17,590.0,566.55,574.42,535.23,34288870
2020-03-05,576.5,582.5,571.38,575.67,536.39,19549708
2020-03-06,562.5,570.45,550.5,567.45,528.73,23053566
2020-03-09,555.0,559.2,532.5,553.65,515.87,34420590
2020-03-11,552.5,560.0,546.0,556.9,518.9,35538240
2020-03-12,537.5,540.0,501.73,510.65,475.81,59000770
2020-03-13,490.02,540.72,459.6,534.9,498.4,66342364
2020-03-16,517.5,518.5,497.5,499.75,465.65,31986322
2020-03-17,504.0,505.0,477.35,487.55,454.28,42676838
2020-03-18,492.5,496.5,432.5,438.45,408.53,61181406
2020-03-19,423.5,459.98,397.5,447.77,417.22,67220048
2020-03-20,437.5,457.3,412.27,441.42,411.3,88637464
2020-03-23,397.3,419.38,382.5,385.77,359.45,50276954
2020-03-24,397.62,405.0,369.38,383.85,357.66,61057272
2020-03-25,385.23,433.73,377.62,428.38,399.14,47228042
2020-03-26,435.05,468.85,420.5,450.55,419.81,57043156
2020-03-27,472.48,494.33,436.05,452.23,421.37,55235936
2020-03-30,440.0,443.5,414.0,415.83,387.45,39268444
2020-03-31,426.9,436.8,419.0,430.95,401.54,35211092
2020-04-01,431.92,431.92,410.0,414.83,386.52,29103504
2020-04-03,421.5,422.0,405.0,406.92,379.16,34996280
2020-04-07,437.0,453.65,422.67,448.05,417.48,60412638
2020-04-08,439.98,472.5,433.05,444.45,414.12,56219352
2020-04-09,456.5,465.45,445.0,462.52,430.96,44457146
2020-04-13,467.0,473.35,443.1,447.67,417.13,34158056
2020-04-15,465.25,465.25,421.5,431.65,402.2,57978752
2020-04-16,432.5,445.35,428.12,439.88,409.86,53854396
2020-04-17,457.5,460.0,443.62,455.15,424.09,55883462
2020-04-20,475.5,480.48,467.5,472.42,440.19,66232986
2020-04-21,462.5,467.0,454.0,460.83,429.38,33178006
2020-04-22,459.58,466.5,453.65,464.3,432.62,38289354
2020-04-23,467.5,479.25,456.27,477.48,444.89,40901222
2020-04-24,466.5,479.2,463.0,469.02,437.02,33284568
2020-04-27,472.58,478.7,463.15,464.85,433.13,27421072
2020-04-28,471.9,471.9,461.0,465.7,433.92,29441436
2020-04-29,467.5,496.35,467.05,488.55,455.21,55877778
2020-04-30,500.7,509.5,496.05,500.9,466.72,43793134
2020-05-04,478.75,480.0,458.75,461.5,430.01,26722324
2020-05-05,469.0,472.0,454.02,455.73,424.63,29672858
2020-05-06,459.5,475.0,452.83,473.2,440.91,33785846
2020-05-07,470.25,471.65,460.67,462.5,430.94,21831730
2020-05-08,471.0,471.98,462.6,464.52,432.83,20807484
2020-05-11,468.5,477.0,457.0,457.9,426.66,28550784
2020-05-12,450.5,454.7,435.55,450.77,420.02,49568418
2020-05-13,475.5,480.0,461.05,463.83,432.18,44346966
2020-05-14,449.0,455.5,445.0,446.85,416.36,39554890
2020-05-15,445.25,446.2,437.5,444.08,413.77,24349628
2020-05-18,444.0,444.0,415.65,418.33,389.78,46649964
2020-05-19,430.42,433.65,413.05,415.33,386.99,47460692
2020-05-20,418.23,432.0,416.1,428.55,399.31,40014306
2020-05-21,430.73,442.0,426.15,429.77,400.45,48478908
2020-05-22,425.0,435.15,416.52,419.42,390.81,42047432
2020-05-26,428.5,435.88,424.38,426.2,397.12,38005152
2020-05-27,429.95,454.9,428.58,451.83,420.99,56025754
2020-05-28,460.0,475.0,456.98,472.62,440.38,75488806
2020-05-29,472.0,477.5,461.73,475.83,443.36,53025166
2020-06-01,487.5,497.5,483.05,493.83,460.13,39190230
2020-06-02,493.35,502.5,487.6,500.5,466.35,41623594
2020-06-03,510.0,523.12,507.73,511.12,476.25,50546088
2020-06-04,514.03,519.47,495.55,500.85,466.67,54275882
2020-06-05,501.55,521.2,501.4,516.67,481.42,35195984
2020-06-08,530.0,533.33,503.2,507.95,473.29,49812664
2020-06-09,510.0,513.38,489.77,493.65,459.97,61844146
2020-06-10,495.0,499.92,489.1,495.92,462.09,36497730
2020-06-11,492.5,494.2,482.5,484.3,451.25,30897714
2020-06-12,464.0,493.33,464.0,491.38,457.85,42644876
2020-06-15,484.0,487.0,471.5,474.92,442.52,32009936
2020-06-16,487.5,496.98,476.0,495.2,461.41,45399970
2020-06-17,494.5,499.45,486.62,489.62,456.22,36957838
2020-06-18,490.0,512.45,486.0,509.98,475.18,40870126
2020-06-19,508.98,521.5,506.08,516.67,481.42,47877752
2020-06-22,519.72,522.97,511.9,514.38,479.28,29694474
2020-06-23,519.5,522.5,508.27,521.15,485.59,28830512
2020-06-24,524.25,528.75,515.03,516.25,481.02,39429246
2020-06-25,510.95,524.5,503.5,514.38,479.28,70646790
2020-06-26,520.5,531.5,514.0,528.22,492.18,39969138
2020-06-29,518.5,541.3,518.5,538.03,501.31,46005956
2020-06-30,537.0,539.28,528.15,532.92,496.56,35746130
2020-07-01,532.92,548.0,530.65,542.3,505.3,34846718
2020-07-02,545.15,555.62,542.6,544.7,507.53,36954496
2020-07-03,546.5,547.9,535.0,536.97,500.33,27597254
2020-07-06,553.97,559.95,550.0,551.5,513.87,35558216
2020-07-07,554.7,555.85,546.53,552.58,514.87,24349850
2020-07-08,553.5,562.45,552.5,555.17,517.29,30056350
2020-07-09,559.0,564.85,553.62,562.47,524.09,20114484
2020-07-10,558.95,560.0,549.78,552.55,514.85,17562978
2020-07-13,554.95,556.5,535.65,540.12,503.27,29922114
2020-07-14,531.3,534.45,525.0,529.42,493.3,26612674
2020-07-15,535.1,539.5,525.05,526.58,490.64,20974394
2020-07-16,526.83,532.75,517.05,531.28,495.02,23662456
2020-07-17,529.53,552.0,529.15,549.22,511.75,28405738
2020-07-20,567.5,576.45,562.08,566.53,527.87,65124096
2020-07-21,576.03,578.97,567.0,569.28,530.43,47512422
2020-07-22,569.25,572.25,558.78,563.17,524.75,24718012
2020-07-23,562.5,571.95,558.12,565.2,526.63,20149122
2020-07-24,561.45,561.45,550.62,559.55,521.37,19598440
2020-07-27,549.92,551.5,537.67,539.75,502.92,37970094
2020-07-28,539.5,547.2,529.75,543.33,506.25,35596450
2020-07-29,540.5,544.25,527.78,532.3,495.98,33592086
2020-07-30,537.0,541.83,523.35,525.33,489.48,26956266
2020-07-31,528.85,528.85,510.02,516.4,481.16,37726696
2020-08-03,512.97,513.47,496.5,501.0,466.81,31783542
2020-08-04,504.0,530.53,501.5,520.83,485.29,60306168
2020-08-05,523.97,527.9,510.0,513.78,478.72,33221360
2020-08-06,518.5,527.5,513.12,520.35,484.84,33646888
2020-08-07,517.42,523.6,510.3,521.92,486.31,24836784
2020-08-10,522.0,532.0,521.9,525.33,489.48,22172854
2020-08-11,524.25,535.5,524.25,533.33,496.93,20136148
2020-08-12,532.5,533.0,524.0,531.85,495.56,20666432
2020-08-13,533.97,535.67,528.25,529.53,493.39,19892740
2020-08-14,532.95,532.95,513.65,517.22,481.93,20924512
2020-08-17,523.5,523.5,510.1,516.38,481.14,19561012
2020-08-18,514.0,530.83,511.0,528.25,492.2,24040824
2020-08-19,532.5,534.9,528.12,533.3,496.91,17715624
2020-08-20,527.47,534.47,526.0,529.5,493.37,19216734
2020-08-21,532.7,544.4,532.3,542.83,505.79,28924302
2020-08-24,543.0,561.47,542.83,558.53,520.41,36779740
2020-08-25,559.5,563.5,553.1,559.85,521.65,27601738
2020-08-26,560.5,565.88,554.75,559.22,521.07,25190062
2020-08-27,562.9,564.95,553.12,556.05,518.11,20645996
2020-08-28,555.97,562.5,547.5,557.25,519.23,38696610
2020-08-31,564.75,574.4,550.35,557.92,519.85,38501166
2020-09-01,564.0,571.8,554.0,563.65,525.19,28877884
2020-09-02,562.05,569.5,560.35,567.08,528.38,19761682
2020-09-03,568.62,572.97,564.0,565.45,526.87,19833362
2020-09-04,555.0,562.7,552.2,559.65,521.46,23661370
2020-09-07,558.15,559.75,549.5,555.25,517.36,17615466
2020-09-08,557.0,559.4,551.5,556.22,518.27,14624918
2020-09-09,550.5,555.0,545.62,548.25,510.84,15728872
2020-09-10,551.5,552.42,542.0,545.28,508.07,15188088
2020-09-11,548.22,552.42,535.5,539.33,502.52,20794730
2020-09-14,544.0,547.0,526.17,528.97,492.88,21650590
2020-09-15,534.0,538.08,529.05,535.25,498.73,16505110
2020-09-16,535.1,548.0,534.17,546.83,509.51,18710112
2020-09-17,542.0,547.0,539.0,541.8,504.83,18318686
2020-09-18,546.0,546.1,523.6,528.65,492.58,23481778
2020-09-21,527.5,535.67,520.75,524.65,488.85,19842878
2020-09-22,527.03,529.08,514.75,517.7,482.37,18620678
2020-09-23,523.0,527.5,517.17,523.62,487.9,16079828
2020-09-24,519.0,523.5,512.5,515.2,480.05,19809510
2020-09-25,525.0,525.97,512.83,522.0,486.38,20321544
2020-09-28,524.47,529.5,521.33,527.1,491.13,16152422
2020-09-29,529.0,534.95,525.5,531.28,495.02,12644446
2020-09-30,530.0,543.45,526.0,539.3,502.5,18813842
2020-10-01,545.05,555.0,545.05,553.47,515.71,21203080
2020-10-05,556.0,566.0,555.5,557.17,519.16,16940126
2020-10-06,567.53,574.0,563.1,572.05,533.02,19371990
2020-10-07,572.45,582.42,568.8,581.12,541.47,21248778
2020-10-08,590.0,601.5,581.67,595.9,555.24,35060674
2020-10-09,600.5,618.5,595.83,616.78,574.69,44972388
2020-10-12,615.78,621.38,602.8,606.83,565.42,19220546
2020-10-13,606.7,611.22,597.5,599.22,558.34,18353952
2020-10-14,597.78,607.15,587.75,605.75,564.42,22582918
2020-10-15,607.1,608.5,582.0,584.62,544.73,28246896
2020-10-16,590.0,601.75,586.5,599.67,558.76,25822848
2020-10-19,617.5,617.5,596.3,601.78,560.71,42359556
2020-10-20,603.75,613.7,602.95,611.97,570.22,27411978
2020-10-21,615.3,625.5,610.85,623.35,580.82,35640752
2020-10-22,619.97,625.0,611.5,616.65,574.57,21913060
2020-10-23,621.75,624.22,615.6,617.9,575.74,15866230
2020-10-26,614.9,621.0,602.3,605.45,564.14,19571976
2020-10-27,613.0,618.0,598.92,616.55,574.48,24317780
2020-10-28,614.0,616.0,600.75,604.8,563.53,16571186
2020-10-29,600.3,602.22,589.25,593.6,553.1,23060024
2020-10-30,591.28,599.65,588.17,591.78,551.4,11522716
2020-11-02,597.17,612.5,588.75,607.62,566.16,21926080
2020-11-03,613.22,625.38,612.75,623.97,581.4,28164230
2020-11-04,626.0,632.4,615.0,628.7,585.8,23404822
2020-11-05,633.0,638.0,626.17,634.6,591.3,21433928
2020-11-06,633.12,655.0,632.75,653.83,609.21,35705724
2020-11-09,657.6,672.97,657.6,670.28,624.54,26288440
2020-11-10,678.5,697.5,675.78,696.83,649.28,41517356
2020-11-11,699.95,707.4,685.25,694.97,647.55,36116194
2020-11-12,688.7,694.28,680.0,685.85,639.05,27053948
2020-11-13,684.4,684.4,673.5,679.4,633.04,22472480
2020-11-14,683.9,687.47,682.6,684.85,638.12,1835066
2020-11-17,692.9,706.3,690.3,704.22,656.17,31059900
2020-11-18,701.5,709.5,699.53,704.35,656.29,18862776
2020-11-19,694.85,699.72,684.0,687.17,640.29,20266882
2020-11-20,686.33,704.2,682.53,701.83,653.94,20405362
2020-11-23,707.5,711.83,687.67,697.3,649.72,25246636
2020-11-24,704.0,722.5,701.03,719.1,670.03,40154400
2020-11-25,725.65,732.2,698.5,701.4,653.54,24152602
2020-11-26,707.5,716.0,693.5,713.33,664.65,27943126
2020-11-27,715.9,723.0,707.78,720.42,671.27,17994580
2020-12-01,720.42,724.5,712.75,716.65,667.75,17147574
2020-12-02,715.5,715.9,697.4,703.47,655.47,17892150
2020-12-03,714.5,716.0,687.03,688.6,641.61,37933222
2020-12-04,690.5,700.72,686.65,692.8,645.53,26912322
2020-12-07,687.5,689.97,679.05,686.12,639.31,24316318
2020-12-08,687.5,694.4,682.58,688.15,641.19,19457896
2020-12-09,688.5,705.03,687.53,703.6,655.59,22069074
2020-12-10,699.0,701.0,687.88,692.92,645.64,19727966
2020-12-11,695.03,697.5,686.5,691.4,644.22,21356384
2020-12-14,691.5,694.0,684.0,686.08,639.26,17222050
2020-12-15,690.4,697.47,683.0,695.65,648.18,21561436
2020-12-16,702.0,708.4,697.25,705.35,657.22,16832092
2020-12-17,709.3,722.5,702.25,720.9,671.71,21924478
2020-12-18,717.5,719.85,703.15,705.67,657.52,22995918
2020-12-21,708.75,711.92,683.35,686.33,639.49,23761824
2020-12-22,692.4,692.4,672.5,686.55,639.7,22851558
2020-12-23,683.75,690.47,680.53,687.83,640.89,15467394
2020-12-24,694.7,702.0,688.5,698.55,650.88,14952188
2020-12-28,702.5,710.5,702.0,706.42,658.22,11699194
2020-12-29,710.53,717.38,710.0,713.6,664.91,14495346
2020-12-30,719.95,719.95,706.5,716.25,667.38,16216726
2020-12-31,717.5,722.0,712.53,718.15,669.15,22145750
2021-01-01,720.0,721.5,710.3,712.53,663.91,8810938
2021-01-04,719.0,719.0,699.5,708.0,659.69,15740192
2021-01-05,709.6,715.38,704.5,713.35,664.67,14386824
2021-01-06,717.5,720.0,706.55,710.28,661.81,22134050
2021-01-07,716.25,716.3,706.28,708.12,659.81,19894842
2021-01-08,716.0,721.0,711.55,715.83,666.98,13768764
2021-01-11,725.0,732.45,718.15,725.72,676.2,17331392
2021-01-12,726.22,743.85,724.55,740.5,689.97,20388156
2021-01-13,746.45,748.45,731.05,735.33,685.15,16934650
2021-01-14,735.58,744.0,728.0,734.38,684.26,12297166
2021-01-15,734.55,735.83,722.5,733.33,683.29,14165236
2021-01-18,734.95,751.42,733.5,741.55,690.95,42825632
2021-01-19,745.9,755.83,733.5,751.92,700.62,17360254
2021-01-20,750.5,750.5,743.0,746.0,695.1,13346052
2021-01-21,746.0,747.17,734.08,737.4,687.08,26333054
2021-01-22,733.95,733.95,720.08,721.78,672.52,15392364
2021-01-25,732.55,740.5,727.58,731.42,681.52,20344718
2021-01-27,734.0,735.95,703.08,704.8,656.71,23556276
2021-01-28,694.95,700.65,671.0,685.72,638.93,42704446
2021-01-29,695.67,704.38,682.25,695.25,647.81,28704502
2021-02-01,705.12,741.25,700.5,738.38,687.99,26370544
2021-02-02,750.5,789.25,748.7,780.28,727.03,42420206
2021-02-03,789.5,790.85,771.0,787.4,733.67,20237254
2021-02-04,783.0,794.0,771.72,789.55,735.67,24484684
2021-02-05,774.0,809.12,774.0,798.8,744.29,27054716
2021-02-08,810.0,815.83,797.85,802.62,747.86,17447580
2021-02-09,805.0,814.0,793.35,805.92,750.93,18421366
2021-02-10,804.17,807.42,783.5,790.88,736.91,19788006
2021-02-11,791.0,798.9,782.1,786.17,732.53,13648618
2021-02-12,786.95,796.25,786.5,790.97,737.0,9910106
2021-02-15,800.05,812.5,798.35,808.3,753.15,10355244
2021-02-16,810.6,820.5,804.22,813.33,757.83,13897358
2021-02-17,810.0,810.9,791.5,793.25,739.12,12794426
2021-02-18,802.97,802.97,774.0,777.15,724.12,14720560
2021-02-19,772.5,782.1,766.5,769.55,717.04,17139508
2021-02-22,772.53,786.95,769.72,774.0,721.19,29451838
2021-02-23,776.88,778.85,761.33,764.58,712.4,18239906
2021-02-24,763.25,806.97,758.12,803.22,748.42,14314332
2021-02-25,804.88,818.12,801.0,803.2,748.39,20109570
2021-02-26,793.53,794.45,760.5,767.2,714.85,27912846
2021-03-01,782.0,786.28,770.35,779.45,726.26,13536018
2021-03-02,787.85,793.75,775.5,784.1,730.6,16110038
2021-03-03,792.0,798.0,782.5,793.42,739.29,11222410
2021-03-04,774.28,785.5,769.55,776.03,723.07,16291438
2021-03-05,765.5,772.8,760.55,765.0,712.8,17445822
2021-03-08,771.0,777.5,756.25,759.75,707.91,15117050
2021-03-09,772.5,782.85,769.12,781.25,727.94,15066696
2021-03-10,786.0,787.5,776.08,777.88,724.8,11055016
2021-03-12,800.0,800.0,767.53,775.97,723.03,15631204
2021-03-15,774.2,774.2,757.65,764.33,712.17,12230386
2021-03-16,765.45,770.2,755.0,756.08,704.48,13722366
2021-03-17,762.12,769.5,745.1,747.67,696.66,21064428
2021-03-18,755.88,761.03,740.58,745.5,694.63,18065540
2021-03-19,742.5,755.6,737.03,748.75,697.66,21235020
2021-03-22,747.45,747.45,730.2,734.58,684.45,14015632
2021-03-23,735.0,753.72,734.55,750.08,698.89,19761428
2021-03-24,745.45,753.22,735.5,739.4,688.95,16368900
2021-03-25,745.1,747.78,725.12,731.67,681.75,23964356
2021-03-26,747.0,749.5,737.0,745.65,694.77,12021258
2021-03-30,753.33,781.28,750.78,776.85,723.84,25607644
2021-03-31,774.0,774.0,744.0,746.83,695.87,30774506
2021-04-01,749.7,749.7,732.5,743.38,692.65,35763762
2021-04-05,740.0,742.5,715.5,724.8,675.34,16006586
2021-04-06,730.0,731.33,716.33,720.12,670.99,15075734
2021-04-07,719.65,728.35,710.78,723.6,674.22,25088180
2021-04-08,726.5,730.45,715.25,716.4,667.52,17613592
2021-04-09,713.0,716.4,707.55,710.88,662.37,28157816
2021-04-12,696.5,699.5,676.5,683.53,636.88,22549128
2021-04-13,684.0,703.22,680.5,700.17,652.4,18600682
2021-04-15,702.5,718.35,695.5,715.05,666.26,34444984
2021-04-16,717.47,722.5,711.75,714.33,665.58,15606526
2021-04-19,695.0,708.85,686.15,706.2,658.01,24069242
2021-04-20,712.5,713.2,691.97,695.7,648.23,23186270
2021-04-22,690.0,713.4,685.53,711.25,662.72,38485312
2021-04-23,704.5,717.3,700.1,707.08,658.83,22713528
2021-04-26,706.5,714.5,701.38,702.4,654.47,30170952
2021-04-27,703.62,721.0,702.4,719.35,670.26,20592906
2021-04-28,718.12,739.5,715.5,738.4,688.02,24103940
2021-04-29,743.1,751.83,730.5,736.25,686.01,24078552
2021-04-30,722.5,726.9,703.75,706.15,657.97,35232902
2021-05-03,696.5,710.95,688.65,707.22,658.97,22473700
2021-05-04,704.97,711.5,691.65,694.17,646.81,21486328
2021-05-05,700.5,704.8,690.85,701.3,653.45,14421612
2021-05-06,703.8,705.4,697.5,700.45,652.65,11477044
2021-05-07,706.47,712.47,705.12,707.38,659.11,12048334
2021-05-10,713.5,715.0,706.4,709.92,661.48,11060050
2021-05-11,698.0,712.1,697.53,701.78,653.89,14519034
2021-05-12,699.88,704.3,694.42,699.75,652.0,13774926
2021-05-14,697.17,699.45,691.17,693.42,646.11,10604142
2021-05-17,697.58,721.3,690.65,720.12,670.99,15120692
2021-05-18,729.47,741.38,727.5,738.35,687.97,22165280
2021-05-19,735.1,739.42,726.28,729.1,679.35,10130916
2021-05-20,729.17,732.95,714.25,716.4,667.52,10684184
2021-05-21,721.5,750.95,721.5,748.65,697.57,19341646
2021-05-24,751.62,760.22,749.25,754.97,703.46,22146102
2021-05-25,755.25,756.88,735.25,739.47,689.02,19236974
2021-05-26,740.0,743.5,735.0,738.53,688.13,12283990
2021-05-27,736.55,744.5,731.22,741.33,690.74,20439496
2021-05-28,745.45,756.5,739.38,751.72,700.43,17750020
2021-05-31,750.0,759.75,743.75,757.92,706.21,15661054
2021-06-01,760.15,763.5,753.62,755.85,704.27,11030162
2021-06-02,755.0,755.1,746.5,752.0,700.69,10624016
2021-06-03,754.0,762.47,743.88,760.28,708.4,10287260
2021-06-04,758.0,760.33,749.6,750.47,699.27,9424476
2021-06-07,755.0,757.0,748.0,749.92,698.75,8091668
2021-06-08,748.28,750.65,740.75,741.53,690.93,9872540
2021-06-09,741.95,751.0,736.03,740.15,689.65,10223442
2021-06-10,741.05,744.5,736.83,740.53,690.0,11483540
2021-06-11,745.5,748.28,740.53,743.17,692.46,7205974
2021-06-14,739.12,743.0,731.28,739.72,689.25,8881964
2021-06-15,743.0,748.0,737.4,745.12,694.28,7569602
2021-06-16,744.0,747.0,739.05,742.3,691.65,7702098
2021-06-17,733.0,739.38,730.0,733.05,683.03,9283802
2021-06-18,734.75,745.0,727.5,739.9,689.41,11938060
2021-06-21,730.67,745.9,729.5,744.35,693.56,7260472
2021-06-22,748.5,754.0,740.0,741.9,691.28,14366824
2021-06-23,745.0,748.9,739.3,742.75,692.07,7844868
2021-06-24,745.0,756.72,744.0,753.12,701.74,14785024
2021-06-25,755.55,761.0,753.5,757.55,705.86,10383176
2021-06-28,760.0,761.5,752.5,754.17,702.71,9356786
2021-06-29,753.5,754.1,746.08,751.03,702.81,10971692
2021-06-30,749.0,754.5,747.05,748.95,700.87,9679022
2021-07-01,751.0,751.0,741.5,743.38,695.65,16911442
2021-07-02,742.5,744.62,738.5,740.2,692.68,14827036
2021-07-05,744.97,752.25,742.28,747.72,699.72,7373882
2021-07-06,748.5,770.0,748.0,767.35,718.08,17669032
2021-07-07,767.0,772.67,763.85,769.75,720.33,9629190
2021-07-08,762.5,768.85,756.72,760.22,711.42,8420922
2021-07-09,756.28,758.0,748.75,751.0,702.78,10695842
2021-07-12,751.0,751.0,742.0,743.5,695.77,14458978
2021-07-13,748.05,753.05,742.05,750.92,702.71,18178142
2021-07-14,748.75,753.67,745.55,749.58,701.45,9788494
2021-07-15,752.5,763.38,749.83,760.35,711.53,10438802
2021-07-16,763.97,764.97,759.4,761.17,712.31,5170628
2021-07-19,743.5,744.42,733.0,735.5,688.28,25111600
2021-07-20,721.0,727.0,718.08,721.58,675.25,24174250
2021-07-22,728.05,734.25,722.5,724.35,677.84,13207114
2021-07-23,725.75,728.72,717.65,721.38,675.06,13126684
2021-07-26,715.0,722.0,714.05,717.28,671.22,13167166
2021-07-27,718.05,724.95,718.05,719.88,673.66,22401430
2021-07-28,717.53,719.35,702.0,708.65,663.15,20670342
2021-07-29,714.12,714.97,706.65,709.12,663.6,13702230
2021-07-30,709.5,715.88,703.97,713.22,667.43,11655488
2021-08-02,717.5,717.5,708.12,711.33,665.66,13258786
2021-08-03,705.0,719.95,705.0,717.35,671.29,12033120
2021-08-04,720.5,737.25,720.0,732.65,685.61,22053948
2021-08-05,733.55,753.53,728.7,742.42,694.76,18822408
2021-08-06,741.78,750.0,737.0,746.33,698.41,13339270
2021-08-09,746.0,753.67,738.0,751.95,703.67,10998048
2021-08-10,744.5,759.88,744.5,753.83,705.43,14838346
2021-08-11,757.45,759.42,745.53,747.47,699.49,12585786
2021-08-12,748.5,753.8,744.65,750.7,702.5,8597674
2021-08-13,750.6,765.5,750.5,763.1,714.11,16658428
2021-08-16,763.08,767.5,760.72,765.3,716.17,6252778
2021-08-17,758.6,762.0,752.65,757.33,708.7,8282666
2021-08-18,778.35,782.67,754.17,756.5,707.93,22985932
2021-08-20,743.03,759.9,743.03,757.38,708.75,13150406
2021-08-23,764.92,766.58,754.33,762.3,713.36,10843054
2021-08-24,765.0,782.25,763.72,779.42,729.38,18381314
2021-08-25,776.05,782.4,774.0,778.7,728.71,7727974
2021-08-26,775.0,785.5,771.72,777.4,727.49,11119002
2021-08-27,776.0,779.33,772.62,774.22,724.52,6382138
2021-08-30,777.8,785.0,775.8,784.12,733.78,9049166
2021-08-31,781.75,791.67,781.1,790.7,739.94,12062576
2021-09-01,787.5,799.0,787.25,789.55,738.86,12422558
2021-09-02,787.05,796.0,785.62,794.5,743.49,9618524
2021-09-03,793.05,799.0,784.15,788.03,737.43,10735334
2021-09-06,789.97,790.47,780.97,782.85,732.59,7876896
2021-09-07,781.25,791.0,777.6,784.62,734.25,7245496
2021-09-08,785.97,790.25,782.8,788.2,737.6,6724080
2021-09-09,787.0,789.72,780.5,784.3,733.95,8250948
2021-09-13,781.0,792.0,776.83,777.78,727.84,8959164
2021-09-14,780.0,782.25,773.3,774.28,724.56,9758506
2021-09-15,767.5,777.4,767.5,773.4,723.75,14822998
2021-09-16,768.88,782.15,768.15,779.97,729.9,10260550
2021-09-17,784.5,794.5,779.6,791.08,740.29,20498102
2021-09-20,782.0,790.85,779.0,779.92,729.85,8781610
2021-09-21,781.0,784.33,764.47,775.97,726.16,14774996
2021-09-22,774.5,775.08,765.0,766.85,717.62,10582202
2021-09-23,771.0,786.0,771.0,785.0,734.6,13664304
2021-09-24,789.5,803.97,787.5,800.78,749.36,20806702
2021-09-27,807.85,817.75,804.0,812.55,760.38,16415462
2021-09-28,816.0,816.0,791.0,807.53,755.68,12773790
2021-09-29,798.5,803.3,792.58,796.92,745.76,16263036
2021-09-30,793.0,803.17,791.55,797.47,746.28,15975348
2021-10-01,791.5,794.5,782.62,791.35,740.54,11128596
2021-10-04,794.5,800.67,791.8,792.88,741.97,7051028
2021-10-05,796.0,798.75,788.12,797.72,746.51,10257178
2021-10-06,798.0,813.42,793.5,807.45,755.61,18600830
2021-10-07,813.3,813.85,803.5,805.25,753.55,11265724
2021-10-08,806.0,811.0,800.08,801.33,749.88,7245562
2021-10-11,799.95,822.5,799.5,816.9,764.45,13080848
2021-10-12,812.5,820.78,812.5,814.8,762.49,8176946
2021-10-13,818.5,824.0,815.0,819.7,767.07,6225644
2021-10-14,819.0,845.0,819.0,843.7,789.53,14757288
2021-10-18,852.5,862.5,833.53,835.15,781.53,28856456
2021-10-19,837.72,846.22,835.5,844.35,790.14,8987540
2021-10-20,844.55,849.38,832.22,836.92,783.19,10908568
2021-10-21,835.9,840.97,830.42,838.15,784.34,9738190
2021-10-22,840.05,854.0,835.38,840.38,786.42,12175554
2021-10-25,845.0,845.0,806.9,828.5,775.31,16426766
2021-10-26,825.0,836.92,823.17,826.38,773.32,12090656
2021-10-27,826.38,832.53,818.65,821.4,768.66,13249642
2021-10-28,825.0,825.0,793.58,796.8,745.64,17797750
2021-10-29,795.0,801.0,780.0,791.42,740.61,12406874
2021-11-01,792.5,805.5,791.78,802.65,751.12,8122320
2021-11-02,803.0,811.0,800.03,803.38,751.8,13237722
2021-11-03,802.55,804.95,787.78,790.72,739.96,10207338
2021-11-04,797.5,798.92,795.05,796.97,745.81,1096808
2021-11-08,796.05,802.35,785.22,800.12,748.75,18943580
2021-11-09,797.3,797.3,784.53,786.12,735.65,12695476
2021-11-10,784.0,784.5,775.0,777.62,727.7,13714126
2021-11-11,775.03,777.45,767.8,774.15,724.45,7999404
2021-11-12,775.0,779.53,772.53,776.5,726.65,14914092
2021-11-15,781.05,785.92,777.2,778.62,728.64,9533594
2021-11-16,777.5,778.6,770.8,774.0,724.31,8245406
2021-11-17,768.45,772.0,764.25,765.4,716.26,7598878
2021-11-18,763.03,771.75,762.62,769.7,720.28,9152874
2021-11-22,773.0,776.35,749.53,757.67,709.03,15261272
2021-11-23,751.0,763.9,748.17,757.78,709.12,11235214
2021-11-24,762.0,768.17,757.03,759.03,710.29,30802286
2021-11-25,757.4,766.65,753.5,762.97,713.99,10251652
2021-11-26,750.0,753.35,742.5,744.95,697.12,18624936
2021-11-29,747.4,753.83,731.0,750.62,702.43,12990996
2021-11-30,747.5,764.5,743.28,746.78,698.83,25221542
2021-12-01,747.5,753.53,744.55,752.33,704.02,8677634
2021-12-02,752.25,764.4,750.0,762.88,713.9,11203110
2021-12-03,762.9,767.97,753.53,756.78,708.19,8124694
2021-12-06,756.5,759.4,748.67,751.9,703.63,7029532
2021-12-07,756.97,766.0,754.95,762.85,713.87,12427534
2021-12-08,768.0,777.53,767.0,776.9,727.02,15295534
2021-12-09,772.6,777.35,761.0,763.42,714.41,11747744
2021-12-10,762.45,764.0,754.22,761.28,712.4,7779384
2021-12-13,763.0,768.83,753.6,755.58,707.07,10322142
2021-12-14,751.25,758.0,748.53,751.22,702.99,9191100
2021-12-15,751.5,761.67,747.83,750.0,701.85,10115148
2021-12-16,756.4,758.5,747.0,750.05,701.89,13210432
2021-12-17,748.5,753.0,733.85,736.53,689.24,14994768
2021-12-20,726.0,729.0,707.05,712.83,667.06,21156668
2021-12-21,719.75,725.38,715.0,720.9,674.62,9118750
2021-12-22,726.15,728.0,717.85,722.6,676.21,8577484
2021-12-23,726.62,728.9,718.42,722.05,675.69,9779166
2021-12-24,722.75,726.0,714.0,719.45,673.26,5561024
2021-12-27,714.45,727.0,711.08,725.4,678.83,4705098
2021-12-28,730.35,733.45,726.7,730.4,683.51,5450678
2021-12-29,728.03,730.5,723.7,726.92,680.25,7668702
2021-12-30,729.25,733.42,722.5,730.75,683.83,7215918
2021-12-31,730.75,742.4,730.75,739.7,692.21,6325736
2022-01-03,742.5,761.5,740.25,759.83,711.04,9069184
2022-01-04,760.0,766.45,753.9,764.28,715.21,8857352
2022-01-05,768.4,786.0,764.05,782.42,732.19,14332638
2022-01-06,771.5,777.38,765.03,769.88,720.45,9628930
2022-01-07,772.0,783.38,767.95,775.28,725.5,11179384
2022-01-10,779.0,786.0,772.75,779.58,729.52,8856496
2022-01-11,780.78,784.35,773.9,782.95,732.68,8389198
2022-01-12,784.0,788.33,776.0,778.33,728.35,21085530
2022-01-13,777.5,777.5,760.2,764.0,714.95,41963896
2022-01-14,765.0,774.35,759.5,772.58,722.97,11208968
2022-01-17,765.0,778.0,759.58,760.75,711.91,22989372
2022-01-18,766.5,775.45,761.5,764.62,715.53,12341152
2022-01-19,767.0,769.88,756.67,759.22,710.48,14317626
2022-01-20,764.22,764.25,750.05,754.5,706.06,15197846
2022-01-21,750.0,764.9,742.8,760.8,711.95,11537694
2022-01-24,754.97,760.62,733.78,743.33,695.6,11868508
2022-01-25,729.33,747.5,722.0,744.03,696.26,13594248
2022-01-27,725.0,742.5,717.5,737.47,690.13,28617838
2022-01-28,738.75,743.35,730.0,731.62,684.65,24925208
2022-01-31,736.38,745.78,733.4,742.85,695.16,12842546
2022-02-01,754.25,758.5,736.72,748.5,700.44,14739484
2022-02-02,755.97,767.5,752.8,765.6,716.45,13969290
2022-02-03,764.38,769.97,754.5,757.67,709.03,10564762
2022-02-04,764.2,766.42,757.05,762.0,713.08,11579958
2022-02-07,756.05,759.5,730.0,734.08,686.95,12268042
2022-02-08,738.2,739.22,722.28,730.92,684.0,13981130
2022-02-09,737.0,749.85,733.5,748.8,700.73,11308342
2022-02-10,757.0,767.75,750.83,762.55,713.59,14314530
2022-02-11,750.12,762.5,749.75,759.42,710.67,10711104
2022-02-14,745.0,749.72,734.65,736.85,689.54,14656620
2022-02-15,738.0,762.45,736.53,758.9,710.18,13135066
2022-02-16,767.17,767.38,753.5,757.88,709.22,10032264
2022-02-17,756.55,761.0,751.0,753.25,704.89,7351208
2022-02-18,749.15,758.5,745.22,756.17,707.63,7796128
2022-02-21,752.0,765.35,747.78,761.05,712.19,7468066
2022-02-22,744.9,761.05,743.97,755.35,706.85,9536196
2022-02-23,762.55,762.85,747.83,750.45,702.27,9029562
2022-02-24,724.95,737.47,703.58,709.7,664.14,23630766
2022-02-25,719.97,732.95,716.42,728.05,681.31,18318654
2022-02-28,713.0,719.28,707.03,713.12,667.34,24880832
2022-03-02,693.25,699.2,677.2,687.12,643.01,38505560
2022-03-03,690.5,696.0,681.45,685.5,641.49,17527922
2022-03-04,680.0,693.0,668.45,683.25,639.38,21219364
2022-03-07,659.25,666.17,648.53,662.4,619.87,27054458
2022-03-08,651.1,667.0,646.0,663.9,621.28,39212492
2022-03-09,665.0,687.35,659.42,685.58,641.56,23134694
2022-03-10,713.5,713.5,690.12,696.35,651.64,22273206
2022-03-11,694.0,704.47,686.35,698.4,653.56,15150780
2022-03-14,707.5,725.0,707.5,721.28,674.97,25018126
2022-03-15,721.75,724.75,705.88,712.0,666.29,18867928
2022-03-16,723.5,727.5,718.1,724.08,677.59,13364108
2022-03-17,736.0,744.9,735.28,740.03,692.51,14823954
2022-03-21,743.5,746.83,736.4,743.25,695.53,12257876
2022-03-22,740.65,749.0,728.6,747.08,699.11,10461814
2022-03-23,753.5,759.4,736.8,739.62,692.14,31188256
2022-03-24,733.0,734.83,717.28,721.33,675.01,20160044
2022-03-25,725.5,726.0,709.5,715.45,669.52,16366462
2022-03-28,715.45,719.0,700.8,716.4,670.41,15754886
2022-03-29,720.5,730.12,715.0,725.9,679.3,12377448
2022-03-30,736.0,741.38,727.03,738.47,691.06,20109742
2022-03-31,735.5,742.35,732.95,735.17,687.97,14295714
2022-04-01,738.2,755.0,735.15,753.0,704.66,14568556
2022-04-04,790.0,861.05,781.28,828.4,775.21,97450970
2022-04-05,833.35,833.35,801.0,804.12,752.5,30922582
2022-04-06,793.85,794.9,773.67,775.42,725.64,27027860
2022-04-07,770.65,770.67,756.85,758.38,709.69,40781732
2022-04-08,756.05,762.88,748.65,757.33,708.7,41256322
2022-04-11,753.0,755.0,746.62,748.08,700.05,20799066
2022-04-12,742.0,753.42,740.08,746.75,698.81,27435402
2022-04-13,745.0,751.15,731.33,732.47,685.45,28892520
2022-04-18,709.42,715.83,695.03,697.72,652.93,45620376
2022-04-19,690.45,694.78,663.5,671.1,628.01,74096022
2022-04-20,677.22,679.95,667.67,677.15,633.68,49325736
2022-04-21,682.5,689.9,676.65,687.17,643.06,52446270
2022-04-22,680.0,687.67,674.58,677.8,634.28,20659148
2022-04-25,675.0,685.33,661.12,682.88,639.03,20935488
2022-04-26,686.0,690.97,678.58,686.03,641.98,17016842
2022-04-27,680.0,689.5,678.05,686.28,642.21,18054334
2022-04-28,686.0,689.5,681.05,685.67,641.65,20773722
2022-04-29,690.17,702.38,685.78,692.3,647.85,28401476
2022-05-02,681.03,703.22,681.03,701.85,656.79,19494316
2022-05-04,700.0,701.8,675.0,678.0,634.47,29055916
2022-05-05,687.5,687.5,673.25,676.47,633.04,17862912
2022-05-06,665.0,667.5,656.5,658.8,616.5,26731268
2022-05-09,650.0,663.25,647.75,659.92,617.56,32762434
2022-05-10,657.53,676.5,657.53,670.53,627.48,20113812
2022-05-11,676.5,677.5,664.33,674.3,631.01,17102924
2022-05-12,660.55,663.4,646.5,651.53,616.78,22382290
2022-05-13,655.03,659.0,643.5,645.67,611.25,16768238
2022-05-16,649.5,656.0,642.65,652.55,617.75,9804356
2022-05-17,656.3,658.5,649.1,657.0,621.97,16641444
2022-05-18,662.03,666.65,655.0,656.95,621.92,15732384
2022-05-19,643.1,648.2,639.15,643.53,609.21,20537506
2022-05-20,651.5,662.1,646.17,660.47,625.26,13919350
2022-05-23,657.0,664.97,649.55,652.0,617.23,19486320
2022-05-24,650.0,662.5,648.45,659.47,624.31,12870796
2022-05-25,665.0,667.97,661.6,664.4,628.97,12887112
2022-05-26,671.08,685.5,670.0,683.35,646.91,26992428
2022-05-27,685.9,697.35,685.38,696.03,658.91,24031718
2022-05-30,705.12,710.25,699.22,700.78,663.41,12624674
2022-05-31,697.95,702.4,690.0,694.47,657.44,13485388
2022-06-01,690.0,700.22,689.58,697.42,660.24,12091896
2022-06-02,693.62,694.0,689.3,692.55,655.62,11475020
2022-06-03,699.15,700.38,688.15,690.15,653.35,6957244
2022-06-06,688.15,693.5,680.33,689.22,652.47,6173266
2022-06-07,681.0,687.15,677.05,681.3,644.97,10253966
2022-06-08,686.65,690.5,678.5,683.7,647.24,5986588
2022-06-09,681.12,691.03,678.58,688.85,652.12,7311816
2022-06-10,680.05,683.97,671.8,675.55,639.53,9155430
2022-06-13,661.8,665.0,654.15,663.3,627.93,10892572
2022-06-14,655.62,663.0,652.5,656.0,621.02,11870356
2022-06-15,650.83,657.9,649.2,653.72,618.87,11810470
2022-06-16,655.0,660.28,639.0,640.65,606.49,12169192
2022-06-17,637.5,649.5,635.8,644.88,610.49,14723922
2022-06-20,652.35,662.5,647.08,661.08,625.83,15936840
2022-06-21,668.45,677.0,662.03,668.28,632.64,13220684
2022-06-22,666.12,668.47,661.6,665.12,629.66,8159698
2022-06-23,665.25,674.0,659.25,667.58,631.98,15372244
2022-06-24,669.28,680.83,669.28,676.9,640.81,8013432
2022-06-27,685.0,688.0,676.0,678.12,641.97,9804164
2022-06-28,672.0,675.5,669.2,672.95,637.07,9770574
2022-06-29,665.62,675.38,665.62,671.97,636.14,9994046
2022-06-30,668.0,677.0,668.0,674.0,638.06,12475822
2022-07-01,671.97,680.0,665.03,676.88,640.78,11472452
2022-07-04,676.85,680.1,671.12,677.83,641.68,8487480
2022-07-05,682.0,689.67,674.15,676.3,640.24,14325718
2022-07-06,674.0,686.7,673.55,685.62,649.07,15049078
2022-07-07,690.0,699.0,687.22,697.9,660.69,17743142
2022-07-08,705.0,705.0,697.38,698.55,661.3,12474030
2022-07-11,697.0,704.95,696.62,703.08,665.59,7462880
2022-07-12,702.62,702.62,694.7,695.9,658.79,9876974
2022-07-13,695.0,697.1,677.12,678.92,642.72,15945610
2022-07-14,681.0,686.33,674.62,675.53,639.5,10372410
2022-07-15,676.5,682.45,673.4,681.03,644.71,13595646
2022-07-18,674.0,683.05,671.03,673.78,637.85,20332220
2022-07-19,668.5,679.28,668.5,674.03,638.08,15792538
2022-07-20,679.95,685.55,677.62,682.53,646.13,20347862
2022-07-21,680.28,684.75,679.05,680.38,644.1,12640278
2022-07-22,683.0,698.5,681.2,696.25,659.12,12729592
2022-07-25,697.5,702.3,691.65,698.3,661.07,10143126
2022-07-26,698.0,701.0,693.15,696.88,659.72,8527964
2022-07-27,694.45,703.0,692.12,702.2,664.76,9212778
2022-07-28,707.53,712.0,705.5,708.42,670.65,17420406
2022-07-29,719.0,719.3,707.65,717.1,678.86,20019736
2022-08-01,719.5,724.22,715.03,723.08,684.52,13193036
2022-08-02,721.0,722.3,711.53,715.12,676.99,15036510
2022-08-03,712.47,717.88,708.5,716.8,678.58,10975498
2022-08-04,720.0,723.35,706.47,715.95,677.77,12012206
2022-08-05,716.5,718.47,710.58,713.53,675.48,9268982
2022-08-08,714.0,732.25,713.55,731.03,692.05,15357736
2022-08-10,730.67,735.75,724.53,733.15,694.06,17353102
2022-08-11,743.25,745.5,737.28,742.85,703.24,18301766
2022-08-12,742.5,744.65,737.97,742.58,702.98,8850370
2022-08-16,747.4,754.25,744.03,751.08,711.03,12563756
2022-08-17,750.0,756.38,742.88,754.95,714.69,12384350
2022-08-18,750.0,756.95,749.83,755.85,715.55,8342138
2022-08-19,755.0,756.0,745.0,746.53,706.72,8063702
2022-08-22,742.4,744.17,733.85,735.17,695.97,8234066
2022-08-23,726.65,737.97,725.2,732.9,693.82,14966884
2022-08-24,730.95,737.75,729.6,736.42,697.16,13455520
2022-08-25,739.95,743.4,728.5,732.42,693.37,11823040
2022-08-26,736.03,740.9,730.6,732.55,693.49,7706176
2022-08-29,718.5,723.0,714.3,719.7,681.32,8653178
2022-08-30,723.22,744.97,721.55,743.05,703.43,10135400
2022-09-01,732.38,744.72,729.5,736.08,696.83,22403136
2022-09-02,736.08,745.25,732.6,742.75,703.15,12038086
2022-09-05,743.05,749.5,742.05,747.53,707.67,12131932
2022-09-06,749.45,753.33,743.22,744.67,704.97,12238696
2022-09-07,735.65,745.0,735.65,741.15,701.63,9776206
2022-09-08,745.05,750.0,741.08,748.8,708.87,11164690
2022-09-09,748.1,754.5,747.03,749.3,709.35,15128888
2022-09-12,750.0,752.0,745.0,746.78,706.96,11080492
2022-09-13,749.45,757.95,749.28,756.55,716.21,13001966
2022-09-14,747.03,769.45,746.17,764.33,723.57,20219760
2022-09-15,765.0,770.47,756.0,760.35,719.81,13539372
2022-09-16,751.55,757.35,741.5,746.38,706.58,20560046
2022-09-19,744.5,757.0,740.0,751.3,711.24,12076038
2022-09-20,757.0,762.0,754.95,760.35,719.81,10781668
2022-09-21,754.0,760.75,752.5,759.17,718.69,9072304
2022-09-22,751.0,755.08,741.38,743.0,703.38,12048144
2022-09-23,736.17,737.5,718.5,723.08,684.52,15806252
2022-09-26,712.67,718.22,709.0,713.33,675.29,8923486
2022-09-27,716.2,720.0,703.5,706.92,669.23,12639700
2022-09-28,703.0,705.3,692.95,694.78,657.73,11816132
2022-09-29,698.15,701.1,689.4,691.17,654.32,14410388
2022-09-30,689.4,715.72,682.5,710.67,672.78,15781756
2022-10-03,704.97,708.92,700.55,706.6,668.92,11541112
2022-10-04,714.75,729.0,713.08,726.5,687.76,11538526
2022-10-06,729.97,731.3,717.1,718.5,680.19,12549198
2022-10-07,715.12,717.47,710.17,715.4,677.25,13297994
2022-10-10,704.0,713.0,699.1,707.5,669.77,13109302
2022-10-11,700.55,708.5,699.72,700.33,662.98,14521620
2022-10-12,701.6,707.42,698.65,704.9,667.31,9225050
2022-10-13,701.03,703.12,692.0,696.8,659.65,14714234
2022-10-14,708.5,723.5,707.62,719.5,681.13,12849920
2022-10-17,717.5,728.8,713.5,723.28,684.71,18410500
2022-10-18,729.03,731.45,720.0,721.92,683.43,10561108
2022-10-19,732.0,738.7,726.7,729.33,690.44,12967040
2022-10-20,722.0,726.45,721.25,724.4,685.77,7898078
2022-10-21,726.0,728.83,717.0,719.3,680.95,10492606
2022-10-24,727.15,731.5,727.15,730.53,691.57,2167794
2022-10-25,730.55,733.9,722.5,725.45,686.77,13773394
2022-10-27,732.25,733.67,725.62,727.2,688.42,15937276
2022-10-28,725.0,733.5,723.7,729.35,690.46,10474278
2022-10-31,736.0,749.0,733.62,748.35,708.45,12830528
2022-11-01,751.75,764.5,749.45,756.62,716.28,19073756
2022-11-02,758.5,764.12,755.8,757.1,716.73,12720406
2022-11-03,748.85,760.12,748.5,753.78,713.58,10332352
2022-11-04,751.6,758.05,744.8,748.58,708.66,10818060
2022-11-07,755.0,756.0,746.05,754.4,714.17,9835834
2022-11-09,757.53,758.97,752.0,754.17,713.96,9269790
2022-11-10,748.55,763.5,747.53,762.38,721.72,12774182
2022-11-11,772.5,818.5,769.0,805.58,762.62,56722338
2022-11-14,806.0,814.0,799.0,807.53,764.47,19195390
2022-11-15,811.58,811.58,802.62,809.5,766.34,11030202
2022-11-16,809.33,821.0,806.0,816.45,772.92,13578150
2022-11-17,809.05,815.78,806.95,809.08,765.93,12100930
2022-11-18,810.5,811.5,802.62,806.95,763.92,10459232
2022-11-21,803.83,806.0,795.1,798.67,756.09,8344816
2022-11-22,800.0,802.17,795.5,797.5,754.98,8546314
2022-11-23,802.5,802.5,797.0,799.58,756.94,10185738
2022-11-24,802.97,816.0,799.58,812.58,769.25,17197960
2022-11-25,814.85,815.85,807.05,808.83,765.7,8410496
2022-11-28,801.45,803.72,797.03,800.12,757.46,16105980
2022-11-29,798.62,806.17,796.42,798.92,756.32,12638236
2022-11-30,798.55,806.45,798.55,804.22,761.34,15184806
2022-12-01,811.0,818.5,807.5,809.75,766.57,20446366
2022-12-02,805.0,809.3,802.58,803.55,760.7,7811078
2022-12-05,804.97,807.3,798.1,806.47,763.47,11592622
2022-12-06,800.5,806.85,800.0,805.58,762.62,12353092
2022-12-07,807.08,809.3,802.22,805.22,762.29,11674720
2022-12-08,805.0,813.0,802.5,809.75,766.57,14803634
2022-12-09,813.0,817.42,810.0,815.53,772.04,11963384
2022-12-12,812.5,826.8,810.7,821.88,778.05,14434808
2022-12-13,825.0,828.5,822.5,824.15,780.2,17031702
2022-12-14,826.5,832.75,825.0,831.12,786.81,14227640
2022-12-15,828.53,834.7,813.53,815.9,772.39,18182648
2022-12-16,810.03,822.55,804.5,819.83,776.11,14647958
2022-12-19,822.0,823.33,813.1,822.38,778.52,9604542
2022-12-20,810.1,818.2,810.1,816.7,773.15,7174698
2022-12-21,820.5,822.4,803.28,808.8,765.67,9269198
2022-12-22,811.1,813.75,804.5,806.03,763.05,9747096
2022-12-23,793.5,802.08,792.72,798.83,756.23,10693152
2022-12-26,799.75,819.5,795.0,814.72,771.28,9907322
2022-12-27,816.5,817.97,806.75,815.55,772.06,7926772
2022-12-28,811.55,816.5,811.55,814.9,771.45,8691870
2022-12-29,810.05,821.75,805.5,820.65,776.89,11012896
2022-12-30,822.5,822.5,810.0,814.08,770.67,7122640
2023-01-02,813.5,819.88,809.28,814.35,770.93,4381378
2023-01-03,811.1,821.5,811.1,819.67,775.97,8378030
2023-01-04,817.5,822.88,803.5,805.03,762.1,10351600
2023-01-05,807.5,809.03,794.7,799.85,757.2,10941436
2023-01-06,801.0,804.55,789.1,797.2,754.69,9092462
2023-01-09,798.0,805.78,795.0,798.75,756.16,10729340
2023-01-10,800.0,800.0,782.5,784.15,742.34,16371766
2023-01-11,783.97,799.0,780.0,795.45,753.03,15195798
2023-01-12,793.9,801.95,792.08,799.7,757.06,9250070
2023-01-13,799.38,804.95,793.0,800.33,757.65,9244546
2023-01-16,807.5,810.65,790.15,792.65,750.38,14748094
2023-01-17,794.9,805.5,788.75,804.45,761.56,10786354
2023-01-18,802.5,820.8,799.85,818.65,775.0,19090642
2023-01-19,818.5,825.0,816.5,822.05,778.22,11172162
2023-01-20,822.05,834.5,821.7,830.47,786.19,18843404
2023-01-23,833.12,841.3,830.7,836.55,791.94,15444400
2023-01-24,837.53,851.2,837.5,847.75,802.55,24983940
2023-01-25,845.7,846.47,822.65,824.33,780.37,14704142
2023-01-27,816.0,818.5,794.97,807.9,764.82,35179948
2023-01-30,797.5,812.65,791.0,807.08,764.04,18512822
2023-01-31,809.85,811.35,797.5,801.75,759.0,18596244
2023-02-01,812.0,832.5,803.0,813.78,770.38,17302790
2023-02-02,804.05,812.25,794.38,801.67,758.93,17497106
2023-02-03,805.5,830.25,803.5,829.4,785.17,14411100
2023-02-06,830.0,834.7,823.1,825.88,781.84,11167672
2023-02-07,829.7,832.45,816.3,827.1,783.0,10264588
2023-02-08,827.12,834.1,825.0,827.0,782.9,8444826
2023-02-09,830.0,830.83,817.78,825.28,781.27,11777336
2023-02-10,824.4,829.25,821.1,828.55,784.37,8172116
2023-02-13,827.5,830.88,822.28,829.17,784.96,5736944
2023-02-14,832.5,838.75,828.97,836.85,792.23,10908592
2023-02-15,839.0,839.0,828.38,835.15,790.62,11438712
2023-02-16,836.6,840.95,830.5,832.12,787.75,8062500
2023-02-17,830.5,834.08,821.47,827.95,783.8,8956270
2023-02-20,830.0,834.72,817.4,820.17,776.44,8086706
2023-02-21,820.0,831.17,817.0,823.25,779.35,12389296
2023-02-22,819.5,820.97,804.53,807.1,764.06,10359102
2023-02-23,806.5,809.42,796.05,801.62,758.88,27882010
2023-02-24,808.95,808.95,792.6,794.47,752.11,17061740
2023-02-27,792.95,799.5,788.65,796.45,753.98,14312972
2023-02-28,796.0,802.65,794.35,799.8,757.15,18993992
2023-03-01,806.0,806.5,797.88,799.03,756.42,14137256
2023-03-02,797.0,802.97,791.0,792.22,749.98,17391814
2023-03-03,798.0,810.0,794.0,807.95,764.87,14986234
2023-03-06,810.0,819.72,809.03,813.65,770.26,27004710
2023-03-08,810.0,819.75,810.0,815.28,771.8,20099774
2023-03-09,814.97,822.97,813.5,815.35,771.87,20700166
2023-03-10,805.22,806.88,792.5,794.33,751.97,27387000
2023-03-13,793.95,801.9,782.47,784.28,742.46,26443550
2023-03-14,785.12,791.8,779.65,782.17,740.47,33185612
2023-03-15,789.0,791.45,768.3,770.95,729.84,37264754
2023-03-16,769.5,779.55,766.03,775.95,734.57,21753342
2023-03-17,778.75,789.6,770.0,786.33,744.4,22950876
2023-03-20,783.97,784.05,772.7,780.88,739.24,26503114
2023-03-21,785.97,791.25,778.1,789.72,747.62,33050494
2023-03-22,792.0,793.03,782.65,787.9,745.89,14177324
2023-03-23,783.88,795.17,779.28,781.58,739.9,28364178
2023-03-24,780.0,786.95,777.47,780.33,738.72,31477748
2023-03-27,781.1,789.72,779.45,783.72,741.94,31872006
2023-03-28,782.85,791.45,782.05,790.1,747.97,39276302
2023-03-29,792.0,801.0,790.95,793.9,751.57,39763612
2023-03-31,797.8,806.47,796.2,804.78,761.86,34711228
2023-04-03,803.78,807.85,801.38,805.28,762.34,40025398
2023-04-05,809.3,828.0,808.0,826.88,782.78,43365392
2023-04-06,824.28,834.6,823.55,833.17,788.75,44637344
2023-04-10,831.62,835.5,827.0,829.22,785.01,31813286
2023-04-11,829.5,834.7,825.55,831.65,787.3,42361542
2023-04-12,834.0,844.1,833.9,842.45,797.53,26955504
2023-04-13,844.15,848.53,839.08,846.22,801.1,35330086
2023-04-17,860.0,860.0,826.65,833.33,788.89,32405148
2023-04-18,835.0,838.62,828.2,829.8,785.55,29637226
2023-04-19,832.5,835.15,828.58,832.85,788.44,24741168
2023-04-20,835.85,838.72,833.2,835.95,791.38,32922716
2023-04-21,834.5,838.47,831.62,837.3,792.65,20128618
2023-04-24,843.5,845.72,837.05,844.08,799.07,35675852
2023-04-25,843.85,843.85,830.95,832.08,787.71,50353068
2023-04-26,830.0,837.5,827.5,835.9,791.33,27392750
2023-04-27,835.25,842.62,832.92,840.5,795.68,47790392
2023-04-28,842.35,845.5,835.0,843.8,798.81,27916272
2023-05-02,844.35,849.5,841.0,843.62,798.64,32221184
2023-05-03,842.47,848.0,839.83,846.58,801.43,29407270
2023-05-04,843.55,867.22,843.55,863.9,817.84,56854638
2023-05-05,819.5,830.47,811.05,812.83,769.48,62770416
2023-05-08,817.5,825.17,815.0,822.22,778.38,37244524
2023-05-09,824.95,828.0,819.97,822.25,778.41,43688938
2023-05-10,822.25,827.33,816.55,826.05,782.0,46340550
2023-05-11,832.58,844.0,824.62,826.6,782.52,35734618
2023-05-12,823.5,836.4,822.12,833.9,789.43,22478760
2023-05-15,836.0,840.38,832.55,837.9,793.22,18512260
2023-05-16,835.9,835.9,822.0,823.65,788.67,32722086
2023-05-17,825.0,825.0,812.67,819.22,784.44,30466868
2023-05-18,824.0,826.97,820.0,822.5,787.57,49646942
2023-05-19,824.0,825.0,815.78,823.45,788.48,30460332
2023-05-22,822.5,826.45,816.35,820.53,785.68,28334032
2023-05-23,824.5,824.8,816.72,818.6,783.84,22470074
2023-05-24,813.78,817.38,806.8,807.9,773.59,33588112
2023-05-25,807.85,810.03,798.67,804.8,770.62,29776930
2023-05-26,809.5,809.5,801.12,807.9,773.59,26635066
2023-05-29,814.25,820.5,812.42,817.75,783.02,21816292
2023-05-30,816.8,821.33,814.28,818.38,783.62,37125928
2023-05-31,814.95,817.47,802.33,805.42,771.22,43334270
2023-06-01,809.95,809.95,800.0,802.0,767.94,50366938
2023-06-02,806.22,807.4,800.5,803.25,769.14,17859710
2023-06-05,807.25,808.25,801.22,802.2,768.13,18697242
2023-06-06,803.83,804.92,796.12,799.7,765.74,32182852
2023-06-07,801.72,806.28,798.0,803.85,769.71,24949026
2023-06-08,801.62,813.0,801.62,804.35,770.19,37395522
2023-06-09,807.95,809.25,803.5,805.3,771.1,18212578
2023-06-12,806.28,807.9,799.72,800.4,766.41,13408292
2023-06-13,795.05,804.5,795.05,801.75,767.7,27926108
2023-06-14,805.22,806.0,800.1,800.88,766.87,20113968
2023-06-15,802.0,802.97,789.5,791.03,757.43,35377476
2023-06-16,793.58,804.6,792.0,801.38,767.34,15779272
2023-06-19,805.5,807.12,799.17,802.08,768.01,24829146
2023-06-20,802.08,805.5,795.33,803.75,769.62,20005626
2023-06-21,808.0,818.62,805.5,817.8,783.07,24308946
2023-06-22,820.0,828.78,819.53,821.8,786.9,56596140
2023-06-23,818.78,829.95,817.03,821.75,786.85,21339218
2023-06-26,822.5,825.38,814.35,817.78,783.05,16130314
2023-06-27,821.47,836.45,819.28,829.3,794.08,33831864
2023-06-28,835.0,839.95,830.25,838.08,802.49,59562950
2023-06-30,852.0,854.4,841.62,850.7,814.57,40699016
2023-07-03,856.25,878.75,855.0,859.9,823.38,44104116
2023-07-04,861.72,873.5,856.9,864.1,827.41,38795188
2023-07-05,858.12,860.0,834.28,836.65,801.12,37165754
2023-07-06,836.5,843.92,830.2,837.5,801.94,52156544
2023-07-07,832.5,837.5,828.15,830.2,794.95,19926336
2023-07-10,830.5,838.38,824.85,828.22,793.05,38398442
2023-07-11,831.5,838.0,822.75,824.2,789.2,50670426
2023-07-12,827.67,833.15,813.58,816.47,781.8,70958358
2023-07-13,828.35,828.72,819.03,820.55,785.7,41913546
2023-07-14,826.8,826.8,817.5,822.25,787.33,24727214
2023-07-17,825.0,841.0,816.5,839.45,803.8,49252928
2023-07-18,849.0,852.0,835.0,838.75,803.13,81076818
2023-07-19,840.55,844.38,837.5,842.55,806.77,32935134
2023-07-20,840.58,846.0,840.0,844.38,808.52,56210948
2023-07-21,840.0,844.9,836.62,837.88,802.29,42154248
2023-07-24,839.25,842.33,835.05,839.2,803.56,32179444
2023-07-25,842.33,849.5,839.2,848.3,812.28,55992596
2023-07-26,849.8,849.8,844.0,845.35,809.45,24794358
2023-07-27,849.95,851.5,833.72,836.58,801.05,59741302
2023-07-28,830.75,834.45,820.55,821.75,786.85,41015684
2023-07-31,825.03,828.4,819.35,825.6,790.54,34565006
2023-08-01,827.22,833.72,825.0,831.12,795.83,35394188
2023-08-02,821.0,825.75,816.58,820.25,785.42,28116322
2023-08-03,820.0,825.67,811.5,814.33,779.74,57673946
2023-08-04,817.58,828.25,814.62,826.1,791.02,37388304
2023-08-07,831.55,831.55,823.78,825.62,790.56,28300918
2023-08-08,825.85,827.8,821.03,824.95,789.92,43773828
2023-08-09,826.5,827.25,815.55,825.25,790.21,33361236
2023-08-10,823.53,827.12,815.5,817.92,783.19,50781118
2023-08-11,819.2,819.2,808.1,809.4,775.03,28225822
2023-08-14,805.5,807.5,800.12,805.45,771.25,31304410
2023-08-16,791.55,804.83,790.65,803.1,769.0,34137542
2023-08-17,798.8,804.95,797.0,798.65,764.73,52884040
2023-08-18,793.78,798.15,792.75,795.38,761.6,25633366
2023-08-21,800.25,800.25,793.5,794.75,761.0,21837270
2023-08-22,798.17,799.0,790.0,791.35,757.74,32273570
2023-08-23,790.0,795.28,786.62,793.3,759.61,36498588
2023-08-24,796.65,798.1,788.08,789.65,756.12,43145792
2023-08-25,787.28,788.75,779.2,780.75,747.59,30069756
2023-08-28,780.75,791.33,780.75,788.88,755.37,28867238
2023-08-29,794.85,796.33,790.72,795.15,761.38,35538932
2023-08-30,801.97,801.97,786.85,789.35,755.83,28084204
2023-08-31,789.5,791.58,781.55,785.72,752.36,100075772
2023-09-01,785.5,789.5,779.67,787.35,753.91,43226776
2023-09-04,795.0,795.72,787.45,792.28,758.63,25073638
2023-09-05,794.2,794.2,785.3,787.45,754.01,38712082
2023-09-06,788.4,800.0,787.45,797.75,763.87,56320910
2023-09-07,797.75,807.0,793.58,805.42,771.22,34208342
2023-09-08,804.15,816.45,803.8,811.7,777.23,34502210
2023-09-11,814.45,818.25,812.0,815.9,781.25,31573022
2023-09-12,820.0,821.45,812.53,818.45,783.69,39033340
2023-09-13,815.65,825.8,814.3,821.95,787.05,46420094
2023-09-14,822.12,825.0,817.55,821.45,786.57,23538848
2023-09-15,825.0,835.0,825.0,830.88,795.59,173411202
2023-09-18,826.88,827.5,813.05,814.53,779.94,37056288
2023-09-20,799.5,799.5,780.2,781.85,748.65,115474648
2023-09-21,776.5,784.47,768.53,776.67,743.69,72841442
2023-09-22,779.5,782.2,761.88,764.83,732.35,61704250
2023-09-25,762.5,770.35,762.5,765.5,732.99,40208754
2023-09-26,762.5,770.0,762.5,768.83,736.18,27575308
2023-09-27,761.5,766.25,757.5,763.42,731.01,39338538
2023-09-28,767.0,768.8,759.17,761.85,729.5,55354188
2023-09-29,761.85,767.72,761.15,763.15,730.74,32053782
2023-10-03,763.5,763.5,753.0,754.03,722.0,38971694
2023-10-04,747.5,767.5,744.62,764.78,732.3,54649430
2023-10-05,767.53,775.78,766.3,767.88,735.27,48512674
2023-10-06,772.0,772.5,764.92,767.03,734.45,17759356
2023-10-09,764.0,765.0,756.0,758.12,725.93,16454972
2023-10-10,760.28,764.5,757.6,762.42,730.05,33266292
2023-10-11,765.05,771.08,764.25,769.8,737.11,31333360
2023-10-12,768.05,776.0,765.8,774.92,742.02,22025336
2023-10-13,770.0,774.4,764.97,767.88,735.27,39745300
2023-10-16,765.75,767.22,760.25,764.8,732.32,17856084
2023-10-17,777.88,777.88,767.5,770.6,737.88,32902558
2023-10-18,770.6,770.6,759.05,759.88,727.61,31216200
2023-10-19,752.7,763.12,751.6,757.47,725.31,30252364
2023-10-20,752.5,763.5,752.5,761.4,729.07,21094010
2023-10-23,761.75,764.38,750.05,753.03,721.05,22376136
2023-10-25,760.5,761.4,745.72,748.25,716.48,28311996
2023-10-26,745.62,746.0,730.12,731.7,700.63,55561798
2023-10-27,734.75,739.0,733.45,734.58,703.38,31940532
2023-10-30,731.62,744.97,730.95,742.55,711.02,23310982
2023-10-31,752.0,752.0,737.0,738.25,706.9,32634824
2023-11-01,731.12,738.72,731.12,737.25,705.94,33877466
2023-11-02,742.5,745.25,733.58,738.38,707.02,45225154
2023-11-03,744.0,745.7,740.83,741.88,710.37,18095340
2023-11-06,749.0,749.0,741.5,747.25,715.52,25593730
2023-11-07,747.0,747.0,738.6,743.62,712.05,41952848
2023-11-08,741.97,746.72,740.5,745.78,714.11,31399546
2023-11-09,743.0,746.3,741.75,742.83,711.28,22116740
2023-11-10,740.05,748.0,740.03,745.75,714.08,14015186
2023-11-13,746.05,747.97,742.95,744.4,712.79,20605914
2023-11-15,752.05,755.47,750.28,752.2,720.26,41245460
2023-11-16,754.85,759.5,751.88,754.17,722.15,29713838
2023-11-17,745.0,753.75,744.5,752.55,720.59,23701874
2023-11-20,756.5,756.5,750.78,752.6,720.64,19331452
2023-11-21,759.5,761.0,756.05,758.97,726.74,24959972
2023-11-22,760.0,760.0,751.78,756.28,724.16,29123650
2023-11-23,754.25,761.92,754.25,760.65,728.35,13046220
2023-11-24,760.6,766.58,759.92,766.05,733.52,16469192
2023-11-28,767.6,768.62,762.9,764.33,731.87,28489338
2023-11-29,766.95,781.5,766.5,779.58,746.47,34042488
2023-11-30,784.58,786.22,771.08,779.4,746.3,69491440
2023-12-01,778.95,782.88,776.05,777.7,744.67,22153536
2023-12-04,794.0,806.0,786.83,804.7,770.53,50662456
2023-12-05,818.25,819.5,808.25,811.85,777.37,52230820
2023-12-06,819.22,819.22,808.33,813.9,779.34,38613060
2023-12-07,812.5,817.0,808.1,815.22,780.61,20450386
2023-12-08,815.22,827.5,815.22,826.6,791.5,33728038
2023-12-11,825.03,831.85,823.5,825.5,790.44,23187620
2023-12-12,827.1,828.12,815.92,817.3,782.59,36581476
2023-12-13,816.22,818.0,807.55,815.45,780.82,29346914
2023-12-14,823.0,829.47,822.5,825.08,790.04,35172366
2023-12-15,825.0,834.0,823.3,828.28,793.1,138837130
2023-12-18,830.35,832.35,825.47,827.85,792.69,18014754
2023-12-19,825.0,829.33,822.03,826.45,791.35,24008446
2023-12-20,829.0,834.47,822.22,828.5,793.32,34232520
2023-12-21,828.5,844.88,825.12,843.35,807.54,36589240
2023-12-22,841.8,842.95,833.55,835.42,799.95,48578850
2023-12-26,836.62,842.97,834.28,841.22,805.5,18045856
2023-12-27,840.75,853.25,839.3,851.65,815.48,27009078
2023-12-28,854.65,860.7,851.0,852.62,816.42,44076470
2023-12-29,848.5,857.45,848.0,854.62,818.33,25011426
2024-01-01,853.0,854.58,846.0,849.05,812.99,14239686
2024-01-02,849.4,851.4,844.35,849.55,813.47,29242092
2024-01-03,851.0,852.35,834.47,836.45,800.93,28389762
2024-01-04,839.0,847.47,835.35,845.42,809.52,26734056
2024-01-05,843.58,852.45,834.05,841.1,805.38,31889470
2024-01-08,839.25,841.17,830.0,831.72,796.41,17998470
2024-01-09,833.58,838.9,823.38,825.25,790.21,25326888
2024-01-10,821.5,829.97,820.7,827.97,792.81,16115824
2024-01-11,830.0,831.45,821.5,824.5,789.49,18314010
2024-01-12,826.0,828.0,816.8,820.6,785.75,19773552
2024-01-15,823.85,840.45,821.8,836.4,800.88,28320356
2024-01-16,836.5,841.83,829.05,839.58,803.92,25322500
2024-01-17,785.0,798.4,764.2,768.75,736.1,170145236
2024-01-18,747.0,757.5,740.03,743.08,711.52,161070930
2024-01-19,752.97,755.12,734.2,735.33,704.1,109600538
2024-01-23,732.5,737.35,712.5,713.67,683.37,115469402
2024-01-24,690.12,729.22,690.12,727.95,697.04,86004404
2024-01-25,726.25,728.67,709.7,717.45,686.98,98941852
2024-01-29,724.03,731.4,722.9,727.33,696.44,65645498
2024-01-30,727.28,731.6,720.45,722.15,691.48,41728768
2024-01-31,719.75,737.47,718.4,731.28,700.22,65761040
2024-02-01,732.53,736.8,728.03,733.17,702.04,32690740
2024-02-02,737.5,740.42,721.03,723.08,692.37,44867754
2024-02-05,723.0,725.95,717.03,722.42,691.75,38605046
2024-02-06,722.78,724.85,716.3,722.05,691.39,41075740
2024-02-07,726.5,726.9,713.33,714.97,684.61,54837086
2024-02-08,714.92,719.47,700.25,701.53,671.73,69106124
2024-02-09,696.08,707.1,693.5,701.8,672.0,56642124
2024-02-12,699.83,706.83,691.67,695.0,665.49,34447812
2024-02-13,695.97,702.17,692.17,697.22,667.62,57580994
2024-02-14,688.0,695.75,681.78,692.03,662.64,91320810
2024-02-15,692.5,707.75,692.17,707.03,677.0,41584944
2024-02-16,711.95,713.85,704.22,709.95,679.8,32175742
2024-02-19,714.5,714.5,707.6,708.55,678.46,34451756
2024-02-20,707.5,728.62,705.9,727.15,696.27,56133508
2024-02-21,732.0,732.0,717.5,719.58,689.02,45893136
2024-02-22,708.88,714.4,706.1,709.78,679.63,50560882
2024-02-23,711.28,716.95,709.0,710.3,680.14,29833452
2024-02-26,706.78,717.42,706.78,711.15,680.95,23506870
2024-02-27,706.78,713.35,706.53,710.08,679.92,32087150
2024-02-28,710.08,712.1,702.0,704.7,674.77,25321986
2024-02-29,701.05,705.2,698.65,701.7,671.9,53295700
2024-03-01,700.0,716.38,700.0,715.38,685.0,34738898
2024-03-04,715.47,718.5,712.15,716.35,685.93,35616474
2024-03-05,711.0,721.5,710.83,720.42,689.83,37991672
2024-03-06,716.78,726.42,716.78,721.3,690.67,42409530
2024-03-07,722.75,725.53,720.7,723.05,692.35,49348046
2024-03-11,715.0,722.97,711.5,713.9,683.58,50531094
2024-03-12,717.0,732.0,714.62,729.78,698.78,65418454
2024-03-13,732.75,735.8,725.05,730.2,699.19,63067454
2024-03-14,731.05,733.0,722.15,727.72,696.82,52432158
2024-03-15,725.0,729.65,721.12,726.33,695.48,143613804
2024-03-18,723.5,728.0,717.9,723.03,692.32,21437856
2024-03-19,717.75,726.2,717.75,724.67,693.9,36183594
2024-03-20,724.53,725.83,712.33,715.53,685.14,43606094
2024-03-21,721.3,725.62,719.15,722.88,692.18,28922860
2024-03-22,720.5,725.38,718.88,721.42,690.79,45980326
2024-03-26,713.6,718.97,711.08,712.7,682.43,56844290
2024-03-27,711.78,723.97,710.62,720.35,689.76,62168668
2024-03-28,720.35,730.25,720.35,723.95,693.21,55592142
2024-04-01,729.0,736.9,727.8,735.25,704.03,25199570
2024-04-02,732.58,747.42,731.62,740.08,708.65,41225446
2024-04-03,736.05,747.83,735.7,741.15,709.68,45584386
2024-04-04,752.0,765.0,752.0,763.8,731.36,88935066
2024-04-05,769.5,777.25,765.08,774.78,741.87,59055902
2024-04-08,777.47,778.62,770.78,773.3,740.46,20482940
2024-04-09,777.42,777.42,770.15,774.28,741.4,21884494
2024-04-10,774.95,774.95,766.47,768.17,735.55,27807400
2024-04-12,760.5,764.92,756.72,759.47,727.22,41084208
2024-04-15,748.78,755.0,746.03,747.35,715.61,23415248
2024-04-16,743.5,756.45,741.12,754.62,722.58,20744886
2024-04-18,754.9,759.42,745.53,747.35,715.61,34234884
2024-04-19,743.28,767.47,740.12,765.65,733.14,34576434
2024-04-22,778.7,778.7,754.15,756.1,723.99,42298438
2024-04-23,763.15,763.25,751.62,753.8,721.79,26827060
2024-04-24,757.5,760.88,754.53,755.85,723.75,22441580
2024-04-25,753.12,759.85,753.12,755.38,723.3,35445204
2024-04-26,759.9,764.0,752.78,754.9,722.84,24854694
2024-04-29,757.5,767.22,753.28,764.75,732.27,36093350
2024-04-30,764.6,769.75,757.45,760.05,727.77,52307382
2024-05-02,761.0,768.5,760.17,766.12,733.59,33475006
2024-05-03,766.62,770.3,753.6,759.8,727.53,31865242
2024-05-06,761.0,767.25,758.58,761.33,728.99,28793396
2024-05-07,760.97,762.03,752.08,753.08,721.1,28480602
2024-05-08,747.97,748.47,740.17,741.33,709.84,41687862
2024-05-09,737.47,743.38,722.65,723.75,693.02,46281278
2024-05-10,719.5,725.97,713.4,718.95,697.82,27276608
2024-05-13,716.0,729.9,715.15,727.62,706.24,27047202
2024-05-14,726.12,732.75,725.15,730.47,709.01,25665142
2024-05-15,729.85,729.85,717.9,719.25,698.11,38931996
2024-05-16,723.03,731.28,717.75,730.12,708.67,34945236
2024-05-17,723.1,734.0,723.1,732.05,710.54,20920190
2024-05-21,725.05,734.85,725.05,729.4,707.96,43769978
2024-05-22,728.92,732.8,724.08,729.6,708.16,39996278
2024-05-23,729.33,747.83,728.53,746.3,724.37,40861920
2024-05-24,743.75,759.95,743.0,758.6,736.3,31060206
2024-05-27,761.67,772.5,759.53,763.85,741.4,29385440
2024-05-28,765.05,768.03,762.4,765.25,742.76,27908904
2024-05-29,759.0,761.92,750.62,754.15,731.99,35147706
2024-05-30,749.6,761.8,748.83,757.42,735.16,33755350
2024-05-31,759.5,768.0,757.0,765.78,743.27,74079588
2024-06-03,799.5,799.5,775.0,786.1,763.0,72637256
2024-06-04,778.5,779.5,727.0,741.58,719.78,89531240
2024-06-05,747.03,779.8,741.17,775.9,753.1,81631650
2024-06-06,782.45,782.72,773.3,779.85,756.93,46422870
2024-06-07,780.53,792.17,776.03,786.67,763.55,36712216
2024-06-10,787.0,790.33,778.8,780.65,757.71,22454058
2024-06-11,778.0,785.5,776.1,782.4,759.41,29545326
2024-06-12,787.5,794.15,783.2,787.08,763.94,39280436
2024-06-13,790.88,792.85,787.0,790.38,767.15,24120192
2024-06-14,792.0,799.5,788.85,798.45,774.98,25540554
2024-06-18,798.45,805.25,794.72,803.9,780.27,32415714
2024-06-19,806.7,834.95,802.0,828.92,804.56,90131196
2024-06-20,834.9,840.72,826.0,834.67,810.14,41408742
2024-06-21,836.42,836.42,821.58,832.88,808.4,51630776
2024-06-24,823.5,837.55,822.88,836.2,811.62,28544994
2024-06-25,835.55,858.47,835.55,855.67,830.53,74521548
2024-06-26,853.97,855.45,845.55,850.75,825.75,47596666
2024-06-27,848.05,856.5,843.3,848.08,823.15,55074650
2024-06-28,848.8,853.3,839.5,841.9,817.16,26476046
2024-07-01,840.0,853.65,840.0,852.6,827.54,21187024
2024-07-02,857.5,867.45,851.38,865.3,839.87,45921690
2024-07-03,895.5,897.0,882.33,884.33,858.33,123217802
2024-07-04,879.88,879.88,862.42,863.58,838.19,45848658
2024-07-05,842.5,842.5,821.1,824.05,799.83,82242548
2024-07-08,822.65,827.47,813.58,817.67,793.64,39087800
2024-07-09,812.5,823.35,810.17,818.25,794.2,48550878
2024-07-10,814.97,820.0,810.38,813.05,789.15,45507182
2024-07-11,811.97,812.92,800.5,810.95,787.12,44177074
2024-07-12,811.0,819.2,805.58,811.35,787.5,56049960
2024-07-15,811.75,814.9,807.6,811.05,787.21,33375694
2024-07-16,810.38,813.5,808.4,809.88,786.07,28950324
2024-07-18,804.0,811.97,799.58,807.4,783.67,33717064
2024-07-19,808.0,811.5,801.75,803.65,780.03,26002152
2024-07-22,808.5,825.5,806.33,821.28,797.14,53744822
2024-07-23,823.78,823.9,802.5,809.2,785.42,52002152
2024-07-24,804.08,810.5,794.03,802.03,778.45,61728206
2024-07-25,796.5,812.5,796.5,808.3,784.54,25535732
2024-07-26,802.5,810.88,798.22,809.08,785.3,43810540
2024-07-29,807.5,815.92,799.15,802.53,778.94,51001148
2024-07-30,801.0,817.38,799.5,807.78,784.03,54595834
2024-07-31,807.0,813.95,804.6,807.88,784.13,37820484
2024-08-01,811.45,825.03,808.97,819.4,795.32,26215174
2024-08-02,815.5,835.25,815.5,829.58,805.19,44119238
2024-08-05,820.05,823.0,800.5,807.88,784.13,41333634
2024-08-06,815.0,816.47,796.65,800.6,777.07,45116050
2024-08-07,808.5,815.0,801.1,811.75,787.89,42346264
2024-08-08,812.0,826.65,809.62,821.35,797.21,33976950
2024-08-09,826.0,831.28,822.9,825.1,800.85,26644618
2024-08-12,826.0,837.97,823.67,830.05,805.65,39316196
2024-08-13,814.0,816.2,800.58,801.6,778.04,54055042
2024-08-14,803.25,806.85,801.6,803.9,780.27,32334428
2024-08-16,814.25,817.08,805.5,816.05,792.07,27849246
2024-08-19,818.83,818.83,811.85,815.78,791.8,19502164
2024-08-20,813.72,823.0,813.72,818.85,794.78,31134494
2024-08-21,814.05,817.28,808.9,812.9,789.01,47630904
2024-08-22,816.0,819.15,814.0,815.65,791.68,21300638
2024-08-23,817.0,817.0,811.5,812.53,788.64,20333422
2024-08-26,816.1,823.97,816.1,819.97,795.88,22364266
2024-08-27,821.7,823.7,816.1,818.88,794.81,35773244
2024-08-28,818.88,819.88,815.1,818.55,794.49,26921188
2024-08-29,821.0,822.2,815.58,819.28,795.2,49052604
2024-08-30,828.0,831.0,810.58,818.45,794.4,445342100
2024-09-02,823.4,823.4,811.6,813.47,789.57,34049680
2024-09-03,817.0,819.97,812.3,818.67,794.61,37282860
2024-09-04,819.5,822.4,816.0,820.9,796.77,24682744
2024-09-05,823.0,824.95,821.0,822.72,798.55,22876318
2024-09-06,819.15,823.88,817.05,818.47,794.42,26029602
2024-09-09,819.0,824.25,815.05,823.25,799.05,23792914
2024-09-10,827.0,827.0,819.0,825.17,800.92,26606646
2024-09-11,825.2,826.25,819.6,821.95,797.79,22226684
2024-09-12,827.0,835.0,823.53,833.3,808.81,32424046
2024-09-13,837.0,837.0,828.53,832.97,808.49,23860532
2024-09-16,833.5,838.9,832.03,835.47,810.92,15172820
2024-09-17,839.0,839.0,832.08,834.4,809.88,20127122
2024-09-18,835.92,849.45,835.55,847.4,822.49,40917342
2024-09-19,849.6,859.5,849.58,854.25,829.14,30651776
2024-09-20,858.25,872.47,853.78,870.6,845.01,60623386
2024-09-23,874.5,883.17,870.12,879.9,854.04,26965350
2024-09-24,882.5,890.83,877.12,884.03,858.04,33039036
2024-09-25,880.08,894.0,880.08,889.55,863.41,31965312
2024-09-26,886.53,894.0,884.03,891.72,865.52,31899644
2024-09-27,888.5,889.1,875.0,876.33,850.57,35613502
2024-09-30,874.4,875.72,862.2,866.03,840.57,26383534
2024-10-01,862.0,871.0,860.05,863.1,837.73,24572284
2024-10-03,857.83,863.08,836.67,841.0,816.28,48473398
2024-10-04,837.25,845.33,826.5,828.83,804.47,48683232
2024-10-07,826.1,829.5,806.5,808.9,785.13,94458296
2024-10-08,815.0,828.4,811.0,825.53,801.26,29734406
2024-10-09,824.75,828.38,814.35,816.58,792.58,41125642
2024-10-10,819.5,832.72,816.25,831.2,806.77,21754766
2024-10-11,832.22,832.22,821.62,825.5,801.24,23672594
2024-10-14,828.03,846.03,827.0,844.05,819.24,18527508
2024-10-15,847.0,849.0,837.75,842.05,817.3,19651130
2024-10-16,840.05,853.97,840.05,849.9,824.92,20470682
2024-10-17,847.47,848.83,832.6,836.58,811.99,14695732
2024-10-18,831.55,845.5,827.05,840.92,816.21,24809724
2024-10-21,857.5,874.08,855.53,864.35,838.95,46548354
2024-10-22,865.03,870.0,855.35,857.28,832.08,38875280
2024-10-23,852.53,873.25,852.53,867.9,842.39,38036090
2024-10-24,869.05,884.33,869.05,874.83,849.11,30832258
2024-10-25,877.5,878.92,864.35,871.7,846.08,26130478
2024-10-28,871.0,875.5,864.45,867.1,841.62,22012142
2024-10-29,863.08,882.0,862.55,875.92,850.18,35794926
2024-10-30,871.0,877.38,862.1,867.3,841.81,32715724
2024-10-31,864.0,869.45,859.7,867.85,842.34,22895912
2024-11-01,866.5,872.05,863.05,868.65,843.12,1759692
2024-11-04,872.5,872.5,855.45,857.05,831.86,28089248
2024-11-05,851.5,881.35,848.95,878.92,853.09,44232406
2024-11-06,885.75,885.75,872.67,877.62,851.83,27787910
2024-11-07,872.15,880.47,869.0,873.28,847.61,18895456
2024-11-08,876.0,880.9,872.92,877.22,851.44,19902986
2024-11-11,877.28,891.4,875.6,883.15,857.19,24565362
2024-11-12,886.0,887.5,854.33,859.1,833.85,31395406
2024-11-13,858.38,864.7,836.5,840.67,815.97,35728500
2024-11-14,836.55,852.42,836.05,846.38,821.5,27146470
2024-11-18,850.0,859.45,847.5,852.55,827.49,27081968
2024-11-19,857.0,876.88,851.35,871.12,845.52,50981272
2024-11-21,874.7,879.5,867.1,870.6,845.01,35716512
2024-11-22,871.78,877.15,864.78,872.8,847.15,24773612
2024-11-25,892.53,901.78,882.45,892.8,866.56,427737274
2024-11-26,905.0,905.0,884.9,892.78,866.54,30935566
2024-11-27,894.95,908.67,892.58,906.15,879.52,32714976
2024-11-28,909.5,918.05,894.0,896.58,870.22,35722392
2024-11-29,900.65,902.3,891.45,898.03,871.63,27669536
2024-12-02,901.75,904.08,887.5,902.35,875.83,15110876
2024-12-03,911.35,918.7,908.05,913.15,886.31,43410242
2024-12-04,919.0,932.5,915.58,930.05,902.72,44669084
2024-12-05,930.0,939.97,917.6,932.88,905.46,39682714
2024-12-06,928.5,932.1,922.0,927.92,900.65,17783156
2024-12-09,926.83,940.0,924.5,935.0,907.52,26947912
2024-12-10,938.85,938.85,929.28,934.05,906.6,13325480
2024-12-11,930.85,935.95,928.38,931.55,904.17,14045426
2024-12-12,925.5,934.33,924.35,929.62,902.3,17293790
2024-12-13,931.25,937.5,914.62,935.88,908.37,19009002
2024-12-16,932.55,934.97,927.62,932.6,905.19,13107082
2024-12-17,928.17,931.17,913.25,916.62,889.69,21079532
2024-12-18,914.92,918.0,903.58,905.35,878.74,23422312
2024-12-19,899.8,900.55,889.5,896.75,870.39,25380770
2024-12-20,891.1,898.78,883.53,885.75,859.72,25692348
2024-12-23,891.0,903.0,890.65,900.5,874.03,11044592
2024-12-24,901.03,904.35,894.78,899.05,872.63,14485834
2024-12-26,899.28,906.0,890.38,895.38,869.06,10481678
2024-12-27,897.4,902.97,894.55,899.12,872.7,7259330
2024-12-30,896.1,907.5,885.5,888.95,862.82,22222218
2024-12-31,885.15,890.9,882.8,886.42,860.37,14117236
2025-01-01,886.72,897.0,880.55,891.38,865.18,7313806
2025-01-02,888.55,901.72,886.5,896.88,870.52,18558576
2025-01-03,895.5,897.62,873.15,874.6,848.9,24426194
2025-01-06,870.05,878.6,852.9,855.25,830.11,18816348
2025-01-07,857.5,860.5,850.0,856.7,831.52,13527906
2025-01-08,854.12,855.83,841.67,847.15,822.25,19738190
2025-01-09,842.08,844.5,829.05,833.9,809.39,40420222
2025-01-10,835.5,837.45,827.0,828.38,804.03,17453280
2025-01-13,820.0,823.38,812.15,815.42,791.46,21669066
2025-01-14,819.95,828.1,818.5,823.3,799.1,26661432
2025-01-15,828.25,831.35,818.15,821.53,797.38,14022892
2025-01-16,826.42,830.28,821.42,826.03,801.75,21212454
2025-01-17,821.75,825.25,814.25,818.38,794.32,23112076
2025-01-20,813.0,830.47,813.0,825.62,801.36,17557618
2025-01-21,829.12,830.53,816.53,821.2,797.06,31158144
2025-01-22,821.2,835.95,812.72,833.03,808.54,30619306
2025-01-23,843.5,843.5,825.62,832.45,807.98,34909158
2025-01-24,830.0,835.15,822.25,824.9,800.66,24236200
2025-01-27,820.55,821.8,813.0,814.9,790.95,22804166
2025-01-28,823.5,842.15,823.5,835.2,810.65,30179312
2025-01-29,837.5,840.58,834.42,838.65,814.0,12619890
2025-01-30,840.5,848.95,836.28,845.75,820.89,25744846
2025-01-31,843.62,852.35,841.97,849.38,824.41,15821686
2025-02-01,848.75,856.5,838.03,845.47,820.63,5587528
2025-02-03,835.0,843.4,831.72,839.0,814.34,20276540
2025-02-04,844.35,862.9,840.03,860.45,835.16,28616502
2025-02-05,866.5,872.1,859.45,868.9,843.36,23675506
2025-02-06,867.75,874.5,862.0,871.92,846.3,26760716
2025-02-07,875.0,883.5,862.5,866.38,840.91,23509600
2025-02-10,858.65,861.72,854.25,857.88,832.66,17195950
2025-02-11,851.5,855.5,844.35,850.7,825.7,22724704
2025-02-12,846.5,856.0,840.6,853.4,828.32,22809570
2025-02-13,849.5,857.12,846.78,848.85,823.9,12602434
2025-02-14,850.95,850.95,840.0,847.42,822.52,19959892
2025-02-17,842.6,860.0,840.62,858.67,833.44,12938946
2025-02-18,856.53,865.78,853.08,861.53,836.2,16350910
2025-02-19,858.5,868.95,856.22,863.6,838.22,11884112
2025-02-20,855.5,857.35,842.65,843.55,818.76,26390510
2025-02-21,840.45,847.47,838.62,846.25,821.38,15680940
2025-02-24,840.55,842.1,830.55,838.55,813.9,20693646
2025-02-25,835.55,844.0,835.55,841.17,816.45,24138708
2025-02-27,841.28,855.38,841.28,850.35,825.36,35786800
2025-02-28,842.5,868.62,842.5,866.2,840.74,54516728
2025-03-03,869.9,871.53,847.05,850.78,825.77,21205364
2025-03-04,849.0,857.15,846.62,855.0,829.87,19920958
2025-03-05,850.97,855.4,844.12,845.0,820.17,21583872
2025-03-06,843.5,849.95,836.12,845.6,820.75,32966088
2025-03-07,841.0,850.58,838.8,844.62,819.8,13372914
2025-03-10,844.5,849.95,841.53,843.75,818.95,15604050
2025-03-11,841.2,847.0,835.03,842.75,817.98,19898430
2025-03-12,845.78,859.25,845.78,855.58,830.43,18784106
2025-03-13,858.03,860.4,850.03,853.3,828.22,15736264
2025-03-17,852.5,862.0,852.5,855.2,830.07,18950652
2025-03-18,855.2,855.2,855.2,855.2,830.07,0
2025-03-19,867.5,875.5,866.1,872.05,846.42,15221406
2025-03-20,877.0,887.0,874.65,884.38,858.38,17833978
2025-03-21,877.78,887.05,877.78,885.17,859.16,33508264
2025-03-24,889.5,902.2,886.83,900.0,873.55,17393736
2025-03-25,902.45,921.85,900.75,910.72,883.96,39101416
2025-03-26,912.5,913.75,901.0,903.28,876.73,24478442
2025-03-27,900.0,920.5,899.05,912.67,885.85,41658100
2025-03-28,914.5,918.0,902.92,914.1,887.23,28773648
2025-04-01,901.0,904.95,882.67,883.92,857.95,28511006
2025-04-02,885.35,899.6,885.35,898.45,872.04,11573564
2025-04-03,890.55,902.0,888.5,897.42,871.05,11250038
2025-04-04,906.5,920.97,905.55,908.65,881.94,33540454
2025-04-07,881.4,889.92,869.1,878.85,853.02,37995450
2025-04-08,882.5,891.0,875.15,884.58,858.58,35563872
2025-04-09,882.5,887.5,876.75,882.5,856.56,22454608
2025-04-11,887.38,909.7,887.38,903.38,876.82,32775766
2025-04-15,932.5,938.4,927.5,932.45,905.05,49298344
2025-04-16,941.9,941.9,930.25,939.0,911.4,19136820
2025-04-17,941.0,959.85,938.35,953.35,925.33,35703084
2025-04-21,962.0,975.35,955.0,963.55,935.23,34247298
2025-04-22,967.5,985.3,967.5,980.85,952.02,45961750
2025-04-23,989.45,989.45,960.25,961.95,933.68,30570642
2025-04-24,955.0,961.95,952.55,958.4,930.23,25931754
2025-04-25,962.4,966.5,945.9,955.6,927.51,18500878
2025-04-28,955.6,964.85,954.2,960.1,931.88,13920492
2025-04-29,959.4,964.4,950.1,954.4,926.35,18918308
2025-04-30,956.5,968.45,955.15,962.5,934.21,31936870
2025-05-02,964.9,970.95,960.0,960.95,932.71,17840404
2025-05-05,969.5,976.0,966.15,968.4,939.94,15068024
2025-05-06,965.0,970.05,962.15,965.85,937.46,17490156
2025-05-07,967.0,974.35,961.2,972.8,944.21,21420778
2025-05-08,977.4,977.4,959.55,964.25,935.91,34803430
2025-05-09,955.05,959.5,943.4,944.85,917.08,17188796
2025-05-12,958.8,979.95,956.15,978.6,949.84,18618972
2025-05-13,975.0,980.85,960.0,961.3,933.05,24242102
2025-05-14,961.05,965.1,951.5,955.3,927.22,15445308
2025-05-15,956.75,972.4,948.5,966.9,938.48,32241458
2025-05-16,966.9,971.9,964.2,967.35,938.92,15868010
2025-05-19,968.5,972.5,965.5,969.35,940.86,10202964
2025-05-20,964.05,967.3,956.5,957.45,929.31,23879090
2025-05-21,963.5,973.45,960.55,963.4,935.09,15132040
2025-05-22,957.6,962.1,952.6,959.95,931.74,21306670
2025-05-23,960.05,968.5,957.25,966.8,938.39,9566072
2025-05-26,967.5,974.95,963.45,970.1,941.59,10802860
2025-05-27,965.8,974.0,958.15,963.15,934.84,26162148
2025-05-28,960.1,967.25,958.85,961.75,933.48,18157594
2025-05-29,964.0,970.4,953.65,963.75,935.43,28917794
2025-05-30,965.95,974.4,962.7,972.45,943.87,28748078
2025-06-02,965.05,968.0,954.0,966.05,937.66,14668822
2025-06-03,969.0,976.0,960.0,962.3,934.02,24377584
2025-06-04,960.5,971.65,960.45,970.6,942.07,12961542
2025-06-05,974.0,979.45,970.1,974.8,946.15,22255418
2025-06-06,972.0,998.15,971.35,989.35,960.27,30127008
2025-06-09,997.5,997.5,987.95,989.45,960.37,13202588
2025-06-10,991.4,991.4,980.55,982.65,953.77,15533126
2025-06-11,983.8,983.8,973.5,975.2,946.54,11096394
2025-06-12,975.0,980.5,967.65,971.7,943.14,16349130
2025-06-13,960.0,966.5,956.5,958.8,930.62,12117762
2025-06-16,962.0,969.45,960.05,967.7,939.26,16513746
2025-06-17,968.5,970.8,959.55,964.8,936.44,16978736
2025-06-18,958.5,968.15,958.5,966.95,938.53,18433816
2025-06-19,966.95,973.4,962.8,967.65,939.21,16876220
2025-06-20,965.8,984.95,965.8,982.35,953.48,32900408
2025-06-23,974.2,978.95,970.9,974.2,945.57,11739518
2025-06-24,982.5,989.5,977.8,980.45,951.63,22625322
2025-06-25,983.0,991.0,981.95,990.1,961.0,18405932
2025-06-26,990.7,1013.55,990.0,1010.9,981.19,50084830
2025-06-27,1006.5,1009.9,996.7,1007.45,988.6,28213384
2025-06-30,1005.75,1006.9,997.75,1000.75,982.02,13649020
2025-07-01,1002.5,1008.0,1002.0,1006.05,987.22,14389386
2025-07-02,1009.95,1009.95,988.95,993.0,974.42,18878250
2025-07-03,997.45,1004.0,992.15,993.55,974.96,16860506
2025-07-04,993.55,1001.75,990.0,994.65,976.04,7863944
2025-07-07,994.5,999.2,991.9,993.7,975.11,11349426
2025-07-08,988.5,1002.5,988.5,1000.7,981.97,15224316
2025-07-09,1003.5,1006.9,999.05,1005.6,986.78,13861428
2025-07-10,1008.0,1008.5,1000.0,1003.1,984.33,17030310
2025-07-11,999.0,1002.4,990.45,991.85,973.29,12516922
2025-07-14,991.5,994.35,985.3,991.5,972.95,13088850
2025-07-15,986.5,1001.8,986.5,997.75,979.08,14498168
2025-07-16,1009.0,1011.35,996.3,998.15,979.47,17994612
2025-07-17,1002.0,1002.4,991.35,993.45,974.86,22529158
2025-07-18,993.45,998.5,976.5,978.7,960.39,16129446
2025-07-21,989.1,1001.0,988.25,1000.25,981.53,22309078
2025-07-22,1006.55,1009.0,1001.5,1003.55,984.77,14836814
2025-07-23,1005.5,1014.9,1001.5,1012.15,993.21,13634916
2025-07-24,1018.85,1018.85,1004.2,1007.1,988.25,19107176
2025-07-25,1007.5,1007.5,999.5,1002.3,985.99,9306598
2025-07-28,1001.5,1010.7,1000.25,1004.25,987.91,12059580
2025-07-29,999.95,1013.25,998.15,1010.8,994.35,19895696
2025-07-30,1014.0,1016.3,1008.5,1012.9,996.42,15154036
2025-07-31,1007.3,1015.7,1004.0,1009.1,992.68,22183032
2025-08-01,1007.0,1014.15,1004.65,1006.1,989.73,11317258
2025-08-04,1005.05,1009.25,994.05,996.0,979.79,13933946
2025-08-05,993.25,997.2,982.75,988.8,972.71,23978058
2025-08-06,985.55,994.0,985.0,992.65,976.5,14080204
2025-08-07,990.05,1000.8,988.4,997.7,981.47,13081186
2025-08-08,993.55,996.4,985.0,986.95,970.89,13895264
2025-08-11,987.95,998.8,986.55,997.8,981.57,9105854
2025-08-12,995.95,998.0,983.75,984.95,968.92,12937802
2025-08-13,997.0,997.0,984.55,990.15,974.04,13577396
2025-08-14,989.0,998.0,985.6,995.55,979.35,17511716
2025-08-18,1005.0,1013.3,997.8,1001.8,985.5,19284796
2025-08-19,999.15,1003.05,993.35,995.55,979.35,12352438
2025-08-20,993.5,996.0,989.5,994.1,977.93,9950228
2025-08-21,998.75,998.75,991.6,995.6,979.4,12439850
2025-08-22,994.95,998.0,978.55,982.3,966.32,19833502
2025-08-25,980.1,988.7,978.5,982.05,966.07,17518044
2025-08-26,979.5,985.7,968.0,973.4,957.56,16917731
2025-08-28,967.0,972.2,955.0,957.8,942.22,25438255
2025-08-29,954.0,963.3,950.1,951.6,936.12,14823813
2025-09-01,949.6,957.45,946.35,950.6,935.13,20178344
2025-09-02,951.0,954.8,944.0,944.5,929.13,14196320
2025-09-03,945.0,956.3,940.0,954.45,938.92,16083481
2025-09-04,960.2,965.7,956.25,961.25,945.61,17597657
2025-09-05,967.5,967.5,954.05,963.4,947.73,11602111
2025-09-08,969.0,973.15,960.45,966.0,950.28,11711307
2025-09-09,974.0,974.4,962.7,965.15,949.45,13985539
2025-09-10,973.9,973.9,961.7,965.9,950.18,18091100
2025-09-11,960.3,969.25,959.9,967.8,952.05,15113633
2025-09-12,969.9,970.75,962.25,967.3,951.56,14363519
2025-09-15,969.6,972.35,965.0,967.05,951.32,14486377
2025-09-16,961.2,969.35,961.2,966.85,951.12,18661794
2025-09-17,965.15,974.4,964.35,966.5,950.77,17361476
2025-09-18,973.3,979.65,969.25,976.9,961.01,17791598
2025-09-19,974.9,976.7,962.1,966.9,951.17,31243267
2025-09-22,964.0,971.2,961.95,964.2,948.51,10854415
2025-09-23,967.0,968.2,955.5,957.2,941.63,21022298
2025-09-24,952.2,956.45,943.0,951.05,935.58,15117220
2025-09-25,952.5,958.0,947.4,949.85,934.4,31413279
2025-09-26,945.1,951.45,941.3,945.05,929.67,14874656
2025-09-29,946.05,956.8,939.1,950.3,934.84,32398179
2025-09-30,958.05,960.0,946.3,951.0,935.53,28296687
2025-10-01,952.7,969.6,946.0,965.25,949.55,25350832
2025-10-03,952.0,966.75,952.0,965.15,949.45,26658296
2025-10-06,971.9,977.4,962.0,973.45,957.61,18542683
2025-10-07,974.0,989.85,971.0,982.5,966.51,25535736
2025-10-08,976.0,985.9,974.55,978.7,962.78,15939710
2025-10-09,974.5,979.0,970.15,977.1,961.2,15370950
2025-10-10,979.0,986.2,978.1,980.9,964.94,13757080
2025-10-13,974.3,981.0,972.0,977.0,961.1,18634254
2025-10-14,970.0,980.45,967.0,977.15,961.25,22934382
2025-10-15,975.0,984.9,973.35,978.25,962.33,23310447
2025-10-16,982.65,996.6,981.5,994.35,978.17,22936566
2025-10-17,993.95,1009.0,986.0,1002.55,986.24,25210511
2025-10-20,997.0,1020.0,997.0,1002.95,986.63,22195202
2025-10-21,1006.0,1010.0,1004.0,1007.7,991.3,3471600
2025-10-23,1016.0,1020.5,1006.0,1008.8,992.39,43526526
2025-10-24,1011.0,1011.95,991.3,994.75,978.57,17707768
2025-10-27,996.5,1009.05,996.2,1002.95,986.63,15700796
2025-10-28,997.65,1008.0,995.0,1003.55,987.22,33904289
2025-10-29,1004.9,1012.5,1000.0,1007.85,991.45,17769445
2025-10-30,1000.0,1009.5,997.1,998.15,981.91,19962917
2025-10-31,994.0,1004.45,981.15,987.3,971.24,23221330
2025-11-03,985.0,994.55,983.3,992.65,976.5,16607180
2025-11-04,987.0,997.0,983.7,985.25,969.22,20024544
2025-11-06,981.0,991.05,974.0,984.65,968.63,22279516
2025-11-07,980.0,984.9,974.75,982.3,966.32,15004568
2025-11-10,982.3,990.95,980.2,984.5,968.48,15988262
2025-11-11,983.5,993.5,978.0,991.7,975.56,10200530
2025-11-12,998.8,999.0,987.7,989.5,973.4,13137263
2025-11-13,984.0,990.1,982.6,986.65,970.6,14124839
2025-11-14,976.05,991.65,976.05,989.6,973.5,21386965
2025-11-17,991.25,997.95,985.6,996.55,980.34,18396408
2025-11-18,997.65,999.0,990.0,992.45,976.3,20002640
2025-11-19,990.0,996.55,984.0,994.6,978.42,19813847
2025-11-20,995.3,1011.6,992.45,1008.85,992.44,19850865
2025-11-21,1003.1,1008.3,996.55,998.05,981.81,17499897
2025-11-24,1000.0,1011.45,993.6,999.15,982.89,32204053
2025-11-25,1004.0,1006.1,988.4,989.8,973.7,24989383
2025-11-26,981.3,1006.95,981.3,1003.9,987.57,19494356
2025-11-27,1002.1,1016.8,1001.0,1009.5,993.08,25536848
2025-11-28,1007.0,1012.05,1004.2,1007.6,991.21,15988807
2025-12-01,1017.5,1017.5,999.3,1002.1,985.8,16746566
2025-12-02,988.0,994.4,985.0,989.8,973.7,27316662
2025-12-03,986.0,1002.3,986.0,1000.5,984.22,15448777
2025-12-04,1000.0,1004.7,993.0,997.2,980.98,14528169
2025-12-05,992.0,1008.0,990.2,1003.3,986.98,12843366
2025-12-08,1000.0,1006.5,997.5,1003.1,986.78,12901022
2025-12-09,994.9,1002.8,994.0,997.1,980.88,15294322
2025-12-10,997.5,998.5,985.3,989.8,973.7,15322830
2025-12-11,990.0,1002.7,988.5,1000.3,984.02,11844809
2025-12-12,1003.0,1004.7,998.2,1001.5,985.21,11988618
2025-12-15,992.0,1001.8,992.0,996.1,979.89,9790060
2025-12-16,990.1,998.7,990.1,994.3,978.12,20049088
2025-12-17,996.0,996.0,980.8,984.0,967.99,19080922
2025-12-18,973.3,987.4,973.3,979.7,963.76,14912404
2025-12-19,987.0,988.0,978.7,985.5,969.47,25952384
2025-12-22,988.0,992.9,983.9,987.7,971.63,13540411
2025-12-23,990.5,998.9,987.7,996.6,980.38,17927849
2025-12-24,993.0,999.4,993.0,997.2,980.98,13699996
2025-12-26,996.0,997.2,987.7,992.1,975.96,9360853
2025-12-29,993.1,997.4,987.2,991.7,975.56,13545749
2025-12-30,990.2,995.0,982.2,990.9,974.78,33155849
2025-12-31,991.0,997.6,987.6,991.2,975.07,10963454
2026-01-01,993.5,997.55,989.5,991.15,975.02,7132074
2026-01-02,991.15,1003.2,988.8,1001.6,985.3,11751459
2026-01-05,1005.75,1006.4,976.3,977.5,961.6,27647379
2026-01-06,962.7,966.7,956.0,962.2,946.54,31988783
2026-01-07,956.0,956.45,946.0,949.05,933.61,52884712
2026-01-08,944.7,953.0,941.4,946.7,931.3,21928849
2026-01-09,945.0,950.6,933.3,939.0,923.72,38183839
2026-01-12,937.5,942.0,929.6,936.95,921.71,21071666
2026-01-13,947.7,947.7,932.6,937.35,922.1,32042827
2026-01-14,930.0,940.05,920.2,925.45,910.39,36688248
2026-01-15,925.45,925.45,925.45,925.45,910.39,0
2026-01-16,922.0,935.95,919.2,931.1,915.95,37780235
2026-01-19,935.9,936.15,919.5,927.9,912.8,38191942
2026-01-20,929.3,934.5,919.6,931.2,916.05,36022727
2026-01-21,925.0,932.15,915.5,920.35,905.38,32766854
2026-01-22,928.0,928.3,913.2,918.7,903.75,44444755
2026-01-23,920.0,926.1,909.25,916.1,901.19,30985247
2026-01-27,906.0,931.2,905.0,926.4,911.33,44753093
2026-01-28,932.5,941.45,928.4,932.7,917.52,35347138
2026-01-29,930.1,939.3,924.35,935.5,920.28,37175628
2026-01-30,930.0,938.9,927.75,929.25,914.13,29691233
2026-02-02,915.0,929.8,909.3,928.1,913.0,28032106
2026-02-03,983.75,994.0,945.0,948.7,933.26,50336968
2026-02-04,952.5,957.2,947.95,953.1,937.59,24366770
2026-02-05,956.0,956.05,946.7,949.7,934.25,28103169
2026-02-06,945.0,948.1,937.6,941.1,925.79,18120272
2026-02-09,945.0,950.0,935.35,937.25,922.0,23947829
2026-02-10,930.0,940.9,929.95,932.4,917.23,31525385
2026-02-11,931.25,936.0,925.3,927.1,912.02,24869804
2026-02-12,927.0,928.6,918.5,920.6,905.62,33872203
2026-02-13,913.0,928.2,901.0,903.9,889.19,50188359
2026-02-16,903.9,929.5,902.1,925.8,910.74,18806989
2026-02-17,923.0,928.1,918.6,925.7,910.64,22599629
2026-02-18,923.2,925.5,919.55,924.7,909.65,12738702
2026-02-19,929.0,929.2,912.45,915.6,900.7,21209234
2026-02-20,911.0,917.85,908.4,911.85,897.01,22654907
2026-02-23,916.5,925.65,915.25,923.6,908.57,23270122
2026-02-24,927.95,927.95,909.15,910.5,895.69,31313985
2026-02-25,910.55,916.0,903.1,907.6,892.83,27884303
2026-02-26,912.0,912.0,895.0,898.6,883.98,41165937
2026-02-27,898.6,898.95,885.0,887.75,873.31,34620755
2026-03-02,876.2,887.75,871.55,879.4,865.09,38378924
2026-03-04,848.0,879.3,848.0,868.65,854.52,39862322
2026-03-05,873.85,881.4,863.5,877.75,863.47,31324582
2026-03-06,868.05,871.7,855.1,857.05,843.11,34439647
2026-03-09,825.0,842.45,821.5,840.7,827.02,35592613
2026-03-10,850.05,856.8,840.6,849.45,835.63,52866024
2026-03-11,845.0,848.85,827.6,833.95,820.38,42261076
2026-03-12,820.1,836.4,820.1,832.75,819.2,46107561
2026-03-13,820.0,823.8,812.0,817.0,803.71,41700464
2026-03-16,817.0,844.5,815.65,840.6,826.92,52182605
2026-03-17,847.7,848.9,835.1,845.35,831.6,38826979
2026-03-18,845.35,846.8,831.6,843.05,829.33,23507063
2026-03-19,770.0,815.65,770.0,798.2,785.21,171637393
2026-03-20,785.0,793.75,778.2,780.45,767.75,103129469
2026-03-23,763.15,768.7,741.05,744.15,732.04,72341738
2026-03-24,755.0,772.75,747.7,764.9,752.45,61269986
2026-03-25,768.2,794.8,768.2,782.3,769.57,59230640
2026-03-27,773.2,774.9,754.55,756.2,743.9,65485199
2026-03-30,745.2,751.0,726.65,731.55,719.65,103500135
2026-04-01,743.0,755.9,739.1,742.25,730.17,78862761
2026-04-02,730.0,755.0,726.65,750.9,738.68,49310300
2026-04-06,759.0,772.75,745.0,771.0,758.46,42976659
2026-04-07,766.0,774.0,761.0,772.0,759.44,51309793
2026-04-08,800.0,817.8,796.0,816.1,802.82,70269512
2026-04-09,815.0,819.0,793.1,797.7,784.72,48879392
2026-04-10,804.0,812.25,801.0,810.3,797.12,38156026
2026-04-13,791.5,798.5,787.35,794.7,781.77,47549328
2026-04-15,804.95,814.8,804.0,809.9,796.72,39769515
2026-04-16,818.0,820.05,792.2,795.45,782.51,62861293
2026-04-17,790.1,803.95,788.2,799.9,786.89,37282544
2026-04-20,797.1,809.95,790.0,795.45,782.51,52148044
2026-04-21,795.2,814.9,795.2,811.75,798.54,49135752
2026-04-22,810.0,813.05,798.0,799.9,786.89,23876412
2026-04-23,792.0,796.65,782.5,784.35,771.59,37677616
2026-04-24,777.3,787.6,777.0,784.85,772.08,27720358
2026-04-27,787.5,793.0,785.0,789.8,776.95,18115375
2026-04-28,785.0,794.5,778.3,782.55,769.82,35366803
2026-04-29,785.5,790.0,777.35,779.0,766.33,25799963
2026-04-30,770.0,778.8,762.25,771.7,759.14,47998755
2026-05-01,771.7,771.7,771.7,771.7,759.14,0
2026-05-04,772.6,786.6,772.6,779.4,766.72,29028060
2026-05-05,774.4,776.9,763.7,772.3,759.73,38887657
2026-05-06,775.15,798.95,773.5,796.55,783.59,35530831
2026-05-07,794.0,801.55,788.55,796.05,783.1,46137553
2026-05-08,784.0,788.75,777.2,780.85,768.15,38016841
2026-05-11,771.95,774.85,761.9,763.65,751.23,41123422
2026-05-12,756.6,759.7,747.8,750.45,738.24,43937132
2026-05-13,752.0,759.95,747.35,749.6,737.4,28960919
2026-05-14,751.0,778.3,747.0,769.55,757.03,50992358
2026-05-15,773.0,781.9,765.4,767.5,755.01,24347873
2026-05-18,759.0,774.1,751.35,768.65,756.14,29812079
2026-05-19,766.7,770.8,760.25,762.45,750.04,40307830
2026-05-20,759.6,762.25,755.15,759.5,747.14,24013451
2026-05-21,767.0,768.25,755.15,759.15,746.8,34664725
2026-05-22,759.15,775.0,759.15,766.8,754.32,25604071
2026-05-25,776.0,787.85,775.2,786.85,774.05,26043952
2026-05-26,784.05,790.85,776.75,778.9,766.23,31528062
2026-05-27,769.5,773.9,756.9,758.65,746.31,63680153
2026-05-28,758.65,758.65,758.65,758.65,746.31,0
2026-05-29,746.05,760.5,737.75,744.55,732.44,101299431
2026-06-01,749.0,752.35,739.2,742.7,730.62,47996441
2026-06-02,737.0,753.6,733.15,748.25,736.08,47314447
2026-06-03,744.45,756.9,742.6,753.65,741.39,36109480
2026-06-04,749.15,757.3,745.0,754.2,741.93,42673538
2026-06-05,753.95,758.7,744.65,747.05,734.9,22116568
2026-06-08,738.0,741.5,734.5,738.65,726.63,21550700
2026-06-09,739.45,743.95,732.3,738.35,726.34,38539563
2026-06-10,736.5,755.95,736.4,746.85,734.7,44458159
2026-06-11,743.0,756.0,740.1,744.6,732.49,32632007
2026-06-12,754.7,774.45,753.1,772.45,759.88,36088159
2026-06-15,790.0,793.5,775.6,777.35,764.7,39990334
2026-06-16,780.5,787.7,779.45,784.9,772.13,27820970
2026-06-17,787.65,794.3,783.1,787.1,774.29,32405604
2026-06-18,786.5,802.95,786.2,799.0,786.0,41492071
2026-06-19,788.7,789.05,776.2,779.8,779.8,33798761
2026-06-22,789.9,789.9,783.1,786.4,786.4,25194765
2026-06-23,783.05,790.9,772.55,774.65,774.65,28289062
2026-06-24,773.0,794.9,772.65,793.2,793.2,34701292
2026-06-25,798.5,804.45,794.75,796.3,796.3,46707966
2026-06-26,796.3,796.3,796.3,796.3,796.3,0
2026-06-29,800.0,805.9,793.3,798.9,798.9,46695977
2026-06-30,806.1,806.1,792.75,797.95,797.95,45778356
2026-07-01,793.5,802.25,793.5,796.15,796.15,26094378
2026-07-02,795.0,805.45,794.0,795.9,795.9,34143823
2026-07-03,803.0,807.0,798.55,801.05,801.05,25871958
2026-07-06,805.0,831.5,805.0,829.85,829.85,63203327
2026-07-07,843.0,843.0,826.1,829.3,829.3,57611729
2026-07-08,825.9,834.35,806.95,810.3,810.3,38754632
2026-07-09,813.0,822.85,812.3,817.55,817.55,39891798
2026-07-10,824.0,827.7,820.3,824.95,824.95,23595785
2026-07-13,817.0,821.95,811.0,817.95,817.95,21741736
2026-07-14,811.4,818.4,807.0,809.4,809.4,25605395
2026-07-15,811.0,819.7,809.7,815.45,815.45,21488739
2026-07-16,814.5,818.0,806.5,808.3,808.3,18698186
2026-07-17,810.0,823.7,808.5,819.6,819.6,17415322
2026-07-20,790.0,790.0,774.55,777.6,777.6,56061789
2026-07-21,769.15,772.5,760.1,761.45,761.45,42246009
2026-07-22,760.25,761.35,750.35,753.15,753.15,23385446
2026-07-23,749.4,751.0,743.25,747.25,747.25,32532090
2026-07-24,738.5,748.25,737.25,742.8,742.8,23837859
2026-07-27,746.1,747.95,738.1,739.55,739.55,29678752
2026-07-28,732.0,740.25,732.0,735.4,735.4,33886037
2026-07-29,743.0,751.25,740.8,748.2,748.2,20460659
2026-07-30,752.8,757.9,745.5,753.95,753.95,35844392
2026-07-31,753.95,757.55,747.2,748.15,748.15,25522483
2026-08-03,753.05,756.85,750.05,753.0,753.0,14827841
2026-08-04,753.2,753.2,738.0,742.0,742.0,31559802
2026-08-05,733.8,741.95,732.6,735.0,735.0,60050538
2026-08-06,739.0,740.5,733.55,734.3,734.3,44772122
2026-08-07,733.0,736.0,728.2,731.0,731.0,19382042
2026-08-10,731.5,737.55,728.5,731.0,731.0,23660590
2026-08-11,730.5,730.85,726.55,729.0,729.0,29154365
2026-08-12,729.0,730.65,722.0,729.0,729.0,26993177
2026-08-13,726.9,729.0,724.5,725.0,725.0,22129893
2026-08-14,725.0,729.6,723.5,727.0,727.0,20364131
2026-08-17,727.05,732.1,724.5,729.0,729.0,14823722
2026-08-18,726.3,729.0,723.0,723.0,723.0,17916507
2026-08-19,724.0,725.4,715.1,720.0,720.0,21342651
2026-08-20,725.5,728.3,724.3,725.05,725.05,17603805
2026-08-21,728.3,732.8,726.6,726.95,726.95,26029811
2026-08-24,732.5,734.4,724.1,729.0,729.0,11408345
2026-08-25,726.6,728.7,722.0,727.5,727.5,17511874
2026-08-26,728.0,731.0,724.15,727.2,727.2,21156463
2026-08-27,728.15,728.15,710.0,711.0,711.0,46515020
2026-08-28,710.85,720.3,707.0,720.3,720.3,16494301
2026-08-31,723.05,739.75,704.15,709.0,709.0,78157067
2026-09-01,705.05,715.45,698.5,711.9,711.9,44417092
2026-09-02,702.3,705.65,700.0,700.8,700.8,36950338
2026-09-03,705.0,712.6,705.0,706.65,706.65,27770641
2026-09-04,708.35,716.5,708.35,712.1,712.1,14488024
2026-09-07,712.1,713.0,707.05,710.5,710.5,12180390
2026-09-08,707.1,708.9,703.0,703.0,703.0,19883515
2026-09-09,698.0,700.0,687.1,687.1,687.1,39173990
2026-09-10,687.1,694.5,686.2,693.8,693.8,27108053
2026-09-11,683.9,709.0,681.9,708.25,708.25,31411934
2026-09-14,708.25,708.25,708.25,708.25,708.25,0
2026-09-15,722.4,730.75,715.05,716.55,716.55,50387632
2026-09-16,714.9,725.4,710.85,721.5,721.5,27476943
2026-09-17,717.5,719.4,713.0,713.0,713.0,21543303
2026-09-18,715.25,733.8,715.25,731.0,731.0,39400710
2026-09-21,731.0,742.65,729.05,739.5,739.5,35482683
2026-09-22,738.85,749.3,738.6,738.6,738.6,35483669
2026-09-23,735.65,742.8,734.0,737.25,737.25,23197231
2026-09-24,725.0,734.85,722.7,728.9,728.9,29575194
2026-09-25,723.0,739.65,723.0,735.6,735.6,19853034
2026-09-28,731.6,733.0,718.1,719.05,719.05,21675579
2026-09-29,713.7,722.7,706.25,722.7,722.7,42755901
2026-09-30,711.5,720.3,708.7,708.7,708.7,39365496
2026-10-01,708.4,721.3,707.1,721.2,721.2,37389857
