date,open,high,low,close,adj_close,volume
2011-01-03,430.5,433.71,428.46,432.29,293.48,5048544
2011-01-04,432.12,437.38,432.12,435.18,295.44,8119288
2011-01-05,433.12,434.62,430.64,432.45,293.58,3523160
2011-01-06,435.0,436.62,430.51,434.77,295.16,4691840
2011-01-07,432.92,436.88,419.54,421.34,286.04,8550928
2011-01-10,421.88,430.39,419.0,424.47,288.16,10390408
2011-01-11,417.5,427.92,411.01,415.71,282.22,12319416
2011-01-12,418.75,423.75,414.77,422.16,286.6,10035400
2011-01-13,411.62,412.38,399.38,400.65,271.99,22352872
2011-01-14,398.27,409.74,398.12,400.54,271.92,10321640
2011-01-17,400.0,410.21,398.91,408.6,277.39,8218616
2011-01-18,406.25,416.96,406.25,415.38,281.99,9797168
2011-01-19,413.39,414.25,404.48,406.2,275.76,6935088
2011-01-20,404.0,413.42,402.26,411.99,279.69,7231848
2011-01-21,408.88,409.75,403.88,405.48,275.27,4626824
2011-01-24,405.0,411.25,403.41,410.58,278.74,7501360
2011-01-25,408.12,413.11,404.51,407.46,276.61,9925912
2011-01-27,408.62,408.62,398.19,399.61,271.29,12710648
2011-01-28,400.73,408.57,392.58,396.02,268.85,12684296
2011-01-31,392.31,392.31,385.77,389.71,264.57,7749368
2011-02-01,390.79,391.05,380.39,386.15,262.15,10301688
2011-02-02,389.12,395.5,383.12,386.16,262.15,9174728
2011-02-03,387.67,394.12,385.77,389.7,264.56,6049408
2011-02-04,387.38,390.46,378.3,380.99,258.65,6959880
2011-02-07,384.36,389.24,382.62,385.93,262.0,7341128
2011-02-08,387.5,390.0,384.0,387.08,262.78,6023992
2011-02-09,385.62,394.96,383.49,391.34,265.67,7504144
2011-02-10,388.21,389.25,380.12,381.65,259.1,8252152
2011-02-11,378.77,383.59,377.54,380.11,258.05,11214152
2011-02-14,380.5,389.79,380.06,388.07,263.45,6979048
2011-02-15,387.5,391.12,384.27,388.32,263.62,4599952
2011-02-16,385.28,390.46,385.14,387.88,263.32,2920384
2011-02-17,389.81,391.0,387.77,389.17,264.2,3392984
2011-02-18,390.62,393.12,386.14,387.54,263.09,7102304
2011-02-21,387.5,397.23,384.5,395.66,268.6,9398952
2011-02-22,392.52,395.88,389.25,392.73,266.62,6085648
2011-02-23,388.24,388.24,383.76,384.85,261.27,7076384
2011-02-24,381.25,385.0,374.38,376.1,255.33,16486520
2011-02-25,377.9,380.33,370.75,375.91,255.2,10366720
2011-02-28,377.75,391.85,370.92,374.64,254.33,14514472
2011-03-01,378.75,388.5,376.0,385.3,261.57,8377632
2011-03-03,382.26,382.38,375.12,378.26,256.8,12571856
2011-03-04,383.38,386.25,381.0,382.77,259.86,9770912
2011-03-07,379.5,384.38,378.19,380.34,258.2,7357728
2011-03-08,378.78,391.5,377.52,389.54,264.45,8514512
2011-03-09,390.0,391.6,383.88,386.94,262.68,6676440
2011-03-10,386.88,387.5,382.81,386.28,262.24,3438200
2011-03-11,383.5,384.88,380.62,381.74,259.15,7278272
2011-03-14,379.38,388.5,378.83,387.6,263.13,3557952
2011-03-15,379.0,382.36,375.75,378.77,257.14,9037824
2011-03-16,378.12,382.68,377.51,378.86,257.2,5594720
2011-03-17,373.01,374.88,371.38,372.34,252.77,8321376
2011-03-18,372.52,374.35,366.58,367.64,249.58,7468000
2011-03-21,368.92,369.62,363.04,365.29,247.99,6607096
2011-03-22,366.89,369.59,365.5,367.88,249.75,5119744
2011-03-23,366.84,374.85,365.88,374.17,254.02,7266720
2011-03-24,374.12,376.52,372.34,375.35,254.82,8189232
2011-03-25,380.5,398.12,380.01,395.38,268.42,12662792
2011-03-28,392.38,394.69,388.72,392.44,266.42,12056632
2011-03-29,391.5,398.59,391.12,396.67,269.29,9860592
2011-03-30,396.5,400.44,394.58,396.36,269.08,5608128
2011-03-31,397.75,408.12,395.49,405.16,275.06,18839928
2011-04-01,404.39,407.03,401.0,402.27,273.09,5588288
2011-04-04,403.12,412.0,402.62,410.39,278.61,7375992
2011-04-05,409.62,411.62,403.89,410.41,278.62,4302536
2011-04-06,409.88,412.38,406.51,409.39,277.93,6766920
2011-04-07,407.74,407.74,404.71,405.74,275.45,3800288
2011-04-08,405.25,408.08,400.93,403.41,273.87,4832928
2011-04-11,399.41,407.73,397.62,405.2,275.08,8000064
2011-04-13,401.38,414.64,399.5,413.27,280.56,11068904
2011-04-15,412.02,412.33,372.19,373.69,253.69,81019736
2011-04-18,364.88,370.88,360.0,363.26,246.61,41086712
2011-04-19,363.25,365.88,360.12,360.92,245.02,19210632
2011-04-20,364.88,365.99,361.38,363.41,246.71,17949856
2011-04-21,364.84,367.56,362.64,363.75,246.94,23953696
2011-04-25,364.38,370.49,363.42,367.66,249.6,15527240
2011-04-26,366.88,369.37,365.0,367.79,249.69,18230880
2011-04-27,368.12,370.58,367.81,369.14,250.6,9981328
2011-04-28,368.62,369.75,365.12,366.14,248.57,23419304
2011-04-29,363.75,366.12,360.99,363.28,246.63,16254336
2011-05-02,364.88,368.0,363.75,365.32,248.01,13468184
2011-05-03,365.0,369.64,362.49,363.88,247.03,13234040
2011-05-04,362.62,363.12,355.34,358.72,243.53,16924400
2011-05-05,358.41,359.86,354.62,356.06,241.72,12661232
2011-05-06,357.24,363.75,356.0,361.62,245.5,11930664
2011-05-09,363.75,364.62,358.44,363.57,246.82,4938200
2011-05-10,363.46,365.61,359.0,360.01,244.4,4873368
2011-05-11,360.25,365.5,359.99,363.26,246.61,6410072
2011-05-12,362.24,363.62,359.0,360.16,244.5,4996480
2011-05-13,360.4,364.0,358.91,359.79,244.26,8282336
2011-05-16,359.5,359.5,355.29,356.3,241.89,6469368
2011-05-17,356.05,359.66,352.99,355.52,241.36,7570472
2011-05-18,356.25,360.29,350.38,355.31,241.22,10176496
2011-05-19,357.46,357.46,354.45,355.81,241.55,7455960
2011-05-20,355.62,357.96,354.02,356.23,241.84,8023672
2011-05-23,355.98,356.6,353.48,354.63,240.75,6778880
2011-05-24,354.12,357.98,354.12,355.56,241.38,7625464
2011-05-25,353.46,353.46,344.58,348.58,236.65,11075416
2011-05-26,349.25,349.72,344.75,347.07,237.32,8476176
2011-05-27,345.0,350.88,345.0,348.44,238.26,6264944
2011-05-30,350.76,350.76,345.12,347.58,237.67,6867352
2011-05-31,349.12,352.25,347.07,348.21,238.1,20410608
2011-06-01,349.25,353.0,348.0,351.44,240.31,8105864
2011-06-02,347.5,352.5,347.12,350.38,239.59,7117288
2011-06-03,351.38,355.35,351.36,352.02,240.71,6293384
2011-06-06,352.75,355.74,349.39,354.74,242.56,3769264
2011-06-07,353.76,363.0,353.76,361.57,247.24,7978664
2011-06-08,361.12,361.52,358.41,358.96,245.45,5945968
2011-06-09,360.19,360.19,356.82,357.69,244.58,4221616
2011-06-10,358.56,360.1,356.4,357.79,244.65,7187264
2011-06-13,356.06,360.27,352.46,359.7,245.96,7733184
2011-06-14,359.73,360.44,358.09,359.04,245.5,7870104
2011-06-15,357.72,357.72,353.36,354.45,242.37,7335880
2011-06-16,353.62,353.62,349.38,350.04,239.35,7628960
2011-06-17,350.01,350.42,341.41,346.21,236.73,8525168
2011-06-20,346.04,347.47,331.56,338.69,231.59,12458152
2011-06-21,340.38,344.38,336.66,340.89,233.1,7542816
2011-06-22,344.12,347.71,342.76,344.38,235.48,5625000
2011-06-23,343.75,348.64,341.94,347.39,237.54,4158768
2011-06-24,348.88,359.71,348.88,357.49,244.45,11219288
2011-06-27,353.96,365.38,352.53,358.88,245.4,10724296
2011-06-28,358.76,359.61,355.48,358.16,244.91,4486792
2011-06-29,358.5,363.38,358.5,360.22,246.31,4800752
2011-06-30,360.76,364.88,360.19,363.81,248.77,11341840
2011-07-01,366.88,371.24,365.51,366.77,250.79,6402464
2011-07-04,370.83,372.12,366.88,367.37,251.2,4114592
2011-07-05,369.62,371.24,365.75,369.56,252.7,6423728
2011-07-06,368.38,371.56,367.14,369.21,252.46,3440224
2011-07-07,369.4,375.0,367.88,374.46,256.05,5751472
2011-07-08,375.0,377.99,370.91,372.07,254.42,5669792
2011-07-11,369.24,372.01,361.07,365.14,249.68,9206520
2011-07-12,356.25,356.25,343.35,348.94,238.6,29652656
2011-07-13,345.75,350.92,345.13,347.16,237.38,13338168
2011-07-14,345.03,345.5,341.38,342.54,234.23,10891224
2011-07-15,343.0,345.37,340.0,341.42,233.46,6392624
2011-07-18,341.88,342.91,338.42,339.17,231.92,9408656
2011-07-19,340.12,345.25,339.58,343.81,235.09,8324424
2011-07-20,346.6,346.6,343.12,344.06,235.26,6222712
2011-07-21,343.15,348.06,342.1,346.01,236.6,5897088
2011-07-22,348.04,355.5,346.25,353.53,241.74,7749624
2011-07-25,352.25,353.13,348.89,350.97,239.99,7404256
2011-07-26,351.12,353.0,348.44,350.23,239.48,6848736
2011-07-27,350.12,354.49,348.9,349.58,239.04,8506440
2011-07-28,345.62,346.74,341.81,343.89,235.15,9481376
2011-07-29,342.62,347.81,340.67,346.99,237.27,9757592
2011-08-01,347.51,352.98,347.51,351.89,240.62,6094952
2011-08-02,349.82,349.82,343.12,343.87,235.13,4932528
2011-08-03,341.88,342.46,338.56,341.58,233.56,5646088
2011-08-04,342.5,344.99,338.0,338.64,231.56,6529888
2011-08-05,330.45,330.45,315.62,323.9,221.48,15758072
2011-08-08,312.5,312.5,303.88,308.81,211.16,16170240
2011-08-09,293.88,304.99,293.77,296.82,202.96,16849744
2011-08-10,306.0,309.55,301.39,305.89,209.16,13955960
2011-08-11,304.0,308.62,301.87,305.08,208.61,8206232
2011-08-12,311.0,311.0,292.79,296.9,203.02,14098080
2011-08-16,303.75,304.78,296.54,299.91,205.08,10146704
2011-08-17,299.5,308.19,299.5,306.12,209.32,8531328
2011-08-18,308.12,308.51,292.88,294.26,201.21,10674664
2011-08-19,284.25,284.25,271.45,278.09,190.15,28899200
2011-08-22,276.74,280.64,271.88,274.33,187.58,15708072
2011-08-23,275.16,287.83,274.25,284.62,194.62,17143440
2011-08-24,285.0,285.62,278.75,281.36,192.39,8606144
2011-08-25,281.27,283.14,270.19,272.92,186.62,26853752
2011-08-26,273.31,281.61,272.83,275.32,188.26,21021960
2011-08-29,279.88,289.03,279.0,287.03,196.27,11222528
2011-08-30,291.38,295.0,285.0,292.87,200.26,12142920
2011-09-02,298.12,298.12,284.41,289.9,198.23,14960904
2011-09-05,286.71,286.71,280.02,283.14,193.61,10902544
2011-09-06,281.74,290.0,277.78,287.82,196.81,10816696
2011-09-07,287.24,289.29,283.46,286.43,195.86,13157432
2011-09-08,287.5,294.25,287.38,292.31,199.87,11027872
2011-09-09,291.01,291.01,282.62,284.29,194.39,12392104
2011-09-12,276.0,277.17,272.58,274.81,187.91,8198264
2011-09-13,277.89,282.46,274.47,277.76,189.93,10365216
2011-09-14,281.38,295.86,281.12,293.96,201.0,17236880
2011-09-15,297.25,303.56,291.25,301.24,205.98,13703456
2011-09-16,307.24,307.24,296.7,299.39,204.72,11304104
2011-09-19,299.88,301.45,294.51,295.33,201.94,6558432
2011-09-20,297.12,305.0,296.89,304.57,208.26,9008904
2011-09-21,305.0,306.86,302.5,304.46,208.18,7402480
2011-09-22,298.0,301.48,292.08,294.08,201.08,9037856
2011-09-23,291.0,298.73,290.12,292.35,199.9,10448432
2011-09-26,293.12,295.62,287.64,294.38,201.29,6544288
2011-09-27,297.15,308.58,297.15,305.52,208.91,10341024
2011-09-28,310.0,317.5,306.56,308.78,211.14,20061760
2011-09-29,310.25,321.24,308.91,318.89,218.05,23256344
2011-09-30,316.49,320.5,313.52,316.63,216.51,10730656
2011-10-03,311.25,314.75,308.46,309.49,211.62,9885128
2011-10-04,306.52,310.22,301.7,304.81,208.43,7838480
2011-10-05,307.24,312.38,303.51,305.87,209.15,10771856
2011-10-07,320.0,321.86,310.96,313.59,214.43,18457728
2011-10-10,318.12,325.11,316.05,323.74,221.37,16946432
2011-10-11,324.17,324.38,311.25,313.07,214.07,22339248
2011-10-12,324.38,336.0,324.38,334.92,229.01,34633704
2011-10-13,339.88,341.12,335.62,337.09,230.5,18041536
2011-10-14,338.89,344.59,335.79,342.97,234.52,19600992
2011-10-17,345.14,345.61,340.02,343.32,234.76,14145496
2011-10-18,337.49,340.62,335.96,337.69,230.91,10518136
2011-10-19,340.25,341.88,337.64,340.97,233.15,10135320
2011-10-20,336.5,344.62,335.94,343.44,236.14,5573680
2011-10-21,343.44,343.62,338.38,340.33,234.0,6858312
2011-10-24,343.75,346.85,342.65,345.91,237.84,6075592
2011-10-25,351.38,362.38,351.38,357.34,245.69,15677584
2011-10-28,365.12,371.42,355.63,357.33,245.69,24868784
2011-10-31,357.0,362.22,357.0,359.69,247.31,10291624
2011-11-01,355.0,359.26,352.25,354.58,243.79,7906192
2011-11-02,352.5,356.74,352.17,354.3,243.6,5317856
2011-11-03,354.25,355.25,345.9,350.26,240.83,10779624
2011-11-04,355.62,356.36,348.94,353.24,242.88,7643688
2011-11-08,351.88,356.0,348.86,355.26,244.27,6107336
2011-11-09,355.62,358.41,353.12,354.41,243.68,6679648
2011-11-11,326.34,350.96,326.34,346.96,238.56,9441224
2011-11-14,351.27,354.05,349.75,351.1,241.4,4633040
2011-11-15,350.01,352.5,347.69,349.79,240.5,5098024
2011-11-16,349.38,350.5,344.79,347.29,238.78,6552648
2011-11-17,346.04,348.62,341.61,344.19,236.65,6366984
2011-11-18,341.38,345.56,340.0,342.6,235.56,4737896
2011-11-21,340.0,341.86,328.29,333.76,229.48,9365792
2011-11-22,325.0,345.61,325.0,340.5,234.12,14859512
2011-11-23,334.38,336.19,327.17,331.58,227.98,12792816
2011-11-24,330.12,335.5,323.33,333.27,229.15,13231776
2011-11-25,331.88,331.88,323.88,324.96,223.43,8022528
2011-11-28,327.51,331.24,326.56,329.52,226.57,7290208
2011-11-29,327.77,328.51,322.66,324.74,223.28,10659368
2011-11-30,322.62,328.12,320.12,325.86,224.05,11640232
2011-12-01,334.25,336.36,328.83,331.92,228.22,8125208
2011-12-02,331.38,339.43,330.99,336.77,231.55,9451408
2011-12-05,336.25,339.72,334.4,337.64,232.15,7468184
2011-12-07,338.12,346.55,335.51,344.87,237.12,8070392
2011-12-08,343.38,344.75,337.01,340.43,234.07,7295584
2011-12-09,333.52,342.48,332.52,338.79,232.94,10570752
2011-12-12,339.99,344.5,337.23,342.53,235.51,11025800
2011-12-13,341.41,345.61,338.59,344.02,236.54,9648336
2011-12-14,343.75,345.91,340.62,342.53,235.51,9857632
2011-12-15,340.79,341.79,333.12,339.54,233.46,10053168
2011-12-16,336.88,348.6,336.49,340.56,234.16,13669288
2011-12-19,336.25,337.94,331.98,334.55,230.03,12064432
2011-12-20,336.25,337.27,331.39,333.59,229.37,10484608
2011-12-21,339.88,344.35,335.0,342.88,235.75,8422920
2011-12-22,331.25,343.5,331.25,340.11,233.85,12707136
2011-12-23,342.5,342.5,335.41,336.84,231.6,7045296
2011-12-26,336.38,348.38,336.38,346.98,238.57,4236568
2011-12-27,345.62,349.88,342.03,344.92,237.16,6178200
2011-12-28,346.12,350.5,343.94,347.75,239.1,6851248
2011-12-29,344.75,346.86,341.38,342.76,235.67,8837168
2011-12-30,343.0,346.88,342.69,345.96,237.87,5308816
2012-01-02,344.9,352.08,342.75,351.12,241.42,5826176
2012-01-03,353.01,360.87,352.5,358.04,246.17,8903008
2012-01-04,355.62,359.38,355.13,356.8,245.32,7341424
2012-01-05,354.9,359.5,353.93,355.02,244.1,7125272
2012-01-06,354.75,358.45,351.39,354.02,243.41,7087632
2012-01-09,355.94,358.29,352.15,354.57,243.79,8265784
2012-01-10,358.75,359.42,356.27,357.95,246.11,11179176
2012-01-11,358.5,361.86,351.62,353.33,242.93,13795800
2012-01-12,343.75,343.75,322.26,323.53,222.45,48970600
2012-01-13,327.25,327.38,319.03,323.02,222.1,20898944
2012-01-16,322.66,330.5,322.39,330.02,226.91,13188736
2012-01-17,331.25,334.1,329.23,332.76,228.79,8740424
2012-01-18,330.5,330.5,323.12,326.51,224.49,9700424
2012-01-19,327.0,327.85,322.08,324.34,223.0,9652336
2012-01-20,324.5,326.21,322.04,323.6,222.5,11635712
2012-01-23,323.75,326.94,323.62,325.04,223.48,5160864
2012-01-24,327.25,329.95,324.38,327.6,225.25,5653208
2012-01-25,329.38,334.38,328.12,333.23,229.11,10545360
2012-01-27,337.75,341.88,335.77,340.62,234.2,12218872
2012-01-30,337.36,340.65,336.25,339.04,233.11,9588456
2012-01-31,339.0,344.33,338.25,343.25,236.01,8658896
2012-02-01,342.46,343.5,336.96,342.84,235.72,6269336
2012-02-02,342.51,347.88,341.25,344.62,236.95,11538256
2012-02-03,342.51,349.0,342.51,347.91,239.21,11637200
2012-02-06,350.64,350.99,344.01,347.14,238.68,7937680
2012-02-07,350.62,350.62,339.21,340.94,234.42,7221640
2012-02-08,343.5,347.75,342.67,346.14,238.0,6671496
2012-02-09,343.62,352.76,341.48,351.24,241.5,10156840
2012-02-10,349.88,350.25,343.89,348.8,239.82,5177616
2012-02-13,346.91,350.06,344.64,348.55,239.65,5734008
2012-02-14,347.0,351.24,345.5,350.13,240.74,5477768
2012-02-15,351.88,359.38,351.88,358.01,246.16,7178328
2012-02-16,358.0,364.71,357.57,363.62,250.01,8256552
2012-02-17,364.53,372.25,362.52,368.48,253.35,11457280
2012-02-21,366.25,369.99,363.91,367.28,252.53,6049224
2012-02-22,363.15,374.25,363.15,369.03,253.73,10413120
2012-02-23,367.38,372.83,364.52,366.64,252.09,10474960
2012-02-24,366.5,371.75,365.44,368.51,253.37,8536440
2012-02-27,370.62,370.62,359.0,360.42,247.81,6910568
2012-02-28,360.75,363.75,356.87,359.05,246.87,7950200
2012-02-29,361.75,363.51,358.02,360.43,247.82,8868408
2012-03-01,356.44,359.38,350.62,357.08,245.52,9806632
2012-03-02,358.12,358.12,351.64,355.71,244.58,6077656
2012-03-05,357.26,357.98,349.59,351.23,241.49,5780456
2012-03-06,350.64,360.0,350.14,356.56,245.16,10349688
2012-03-07,355.25,361.88,354.39,360.48,247.85,7908568
2012-03-09,361.75,362.88,356.0,356.91,245.4,6644808
2012-03-12,364.38,364.38,347.62,352.17,242.14,7294472
2012-03-13,355.49,358.73,355.25,357.48,245.79,7710424
2012-03-14,361.25,364.38,356.74,359.86,247.43,10602088
2012-03-15,361.88,363.14,358.81,360.24,247.69,6251360
2012-03-16,363.12,364.12,355.89,358.12,246.23,9031008
2012-03-19,361.88,362.5,351.41,354.69,243.87,6061528
2012-03-20,353.25,356.65,350.38,353.92,243.34,9225384
2012-03-21,354.06,361.25,352.62,358.41,246.43,6250664
2012-03-22,359.25,359.32,351.79,353.54,243.08,5664640
2012-03-23,354.12,360.34,353.8,359.09,246.9,5497736
2012-03-26,358.62,358.62,352.64,353.84,243.29,4922664
2012-03-27,357.5,362.97,354.04,359.49,247.17,7590752
2012-03-28,358.25,359.34,353.0,355.39,244.35,5919920
2012-03-29,352.56,354.79,345.98,349.0,239.96,14000208
2012-03-30,351.24,359.12,350.38,358.29,246.35,7963600
2012-04-02,358.0,361.09,355.12,356.27,244.96,4851584
2012-04-03,358.29,359.71,355.32,357.31,245.67,5451584
2012-04-04,356.12,359.37,355.5,356.39,245.04,5254144
2012-04-09,354.69,357.42,351.55,352.84,242.6,6541568
2012-04-10,355.25,355.96,342.12,346.42,238.19,7243056
2012-04-11,346.12,353.12,342.9,350.55,241.03,8179640
2012-04-12,352.84,353.98,342.31,343.83,236.41,11805608
2012-04-13,314.75,315.34,298.64,300.32,206.49,75255568
2012-04-16,300.0,303.32,291.63,295.57,203.22,33491480
2012-04-17,299.88,299.88,292.01,297.59,204.61,23687088
2012-04-18,300.0,300.32,294.38,296.41,203.8,19165328
2012-04-19,297.49,301.87,296.0,300.67,206.73,17113512
2012-04-20,299.34,303.55,295.31,300.92,206.91,11507520
2012-04-23,298.75,298.75,288.12,288.86,198.61,18136696
2012-04-24,288.83,295.6,274.79,293.69,201.93,53037912
2012-04-25,293.71,295.62,287.91,293.74,201.97,24638504
2012-04-26,293.75,297.35,292.79,294.52,202.51,17137064
2012-04-27,294.62,299.75,294.38,298.88,205.5,14062464
2012-04-30,299.0,308.5,298.79,307.76,211.61,10869608
2012-05-02,308.12,311.0,307.72,309.0,212.46,10124688
2012-05-03,307.5,312.16,307.5,310.36,213.39,11400728
2012-05-04,310.25,312.25,302.92,305.24,209.88,10800888
2012-05-07,301.12,306.1,295.99,304.7,209.5,10710000
2012-05-08,299.38,300.97,291.14,299.24,205.75,11526640
2012-05-09,296.0,299.35,294.08,295.78,203.37,10498144
2012-05-10,296.0,298.11,290.29,293.02,201.47,9084024
2012-05-11,293.0,295.0,286.51,288.91,198.65,8901312
2012-05-14,290.02,293.19,288.01,292.37,201.02,7918416
2012-05-15,288.12,303.62,288.12,301.9,207.58,10267152
2012-05-16,297.25,298.12,294.25,296.06,203.56,8589288
2012-05-17,296.06,297.18,293.3,296.32,203.74,5807416
2012-05-18,290.67,300.62,287.77,297.86,204.8,5938160
2012-05-21,298.11,298.19,290.5,292.56,201.15,4776760
2012-05-22,294.38,296.01,290.46,292.64,201.21,5823208
2012-05-23,294.38,295.6,288.4,293.52,201.82,5402032
2012-05-24,293.62,298.61,289.12,297.6,207.45,7612048
2012-05-25,295.38,298.12,293.88,296.61,206.75,4313728
2012-05-28,299.25,299.75,295.33,298.23,207.88,4725784
2012-05-29,298.88,303.12,297.25,301.19,209.95,5144760
2012-05-30,300.88,307.35,299.09,304.04,211.93,8051488
2012-05-31,301.0,319.0,298.89,303.67,211.68,21626352
2012-06-01,301.88,303.94,297.88,298.65,208.18,6543040
2012-06-04,296.75,299.54,293.12,298.2,207.87,4812088
2012-06-05,298.12,301.49,296.84,298.61,208.15,5992720
2012-06-06,299.65,304.17,299.55,301.94,210.47,8777184
2012-06-07,306.0,308.11,304.52,306.62,213.73,6647088
2012-06-08,311.11,311.11,299.1,302.41,210.8,5564824
2012-06-11,303.38,306.59,301.86,303.21,211.35,3553784
2012-06-12,300.27,308.75,300.27,307.26,214.18,4134680
2012-06-13,306.41,311.21,305.25,308.76,215.23,6157784
2012-06-14,307.62,313.75,307.62,312.29,217.68,7883336
2012-06-15,313.76,316.5,312.84,315.32,219.8,6311512
2012-06-18,316.88,318.04,312.06,313.96,218.85,7117032
2012-06-19,312.5,313.12,307.24,309.62,215.83,6414080
2012-06-20,310.0,310.62,306.62,308.76,215.23,6535976
2012-06-21,307.0,312.88,305.02,311.41,217.08,6536616
2012-06-22,306.22,310.56,303.31,309.31,215.61,6414328
2012-06-25,309.36,311.0,307.28,308.52,215.06,7949448
2012-06-26,306.64,307.49,303.69,305.05,212.64,10330160
2012-06-27,306.5,309.38,306.06,308.51,215.05,8677384
2012-06-28,308.12,312.12,306.04,309.16,215.51,7612976
2012-06-29,311.75,314.88,309.52,313.65,218.63,9364968
2012-07-02,312.88,314.85,311.34,312.42,217.78,5175216
2012-07-03,314.53,314.53,309.58,311.32,217.01,6428808
2012-07-04,312.5,313.11,308.62,309.92,216.04,6390816
2012-07-05,310.03,311.0,307.81,310.03,216.11,5780464
2012-07-06,309.5,310.62,305.0,305.58,213.01,4887440
2012-07-09,302.64,308.61,300.25,304.74,212.43,7314680
2012-07-10,305.5,307.91,305.17,307.42,214.3,7054720
2012-07-11,306.25,312.8,305.62,308.88,215.31,16945880
2012-07-12,281.25,285.0,277.38,283.05,197.3,54271864
2012-07-13,277.25,282.35,277.25,278.73,194.29,26756504
2012-07-16,278.75,280.17,270.41,271.41,189.19,18441096
2012-07-17,273.11,274.75,270.29,271.41,189.19,13503128
2012-07-18,271.41,273.61,270.38,272.36,189.85,7873264
2012-07-19,275.0,281.25,274.16,280.65,195.63,10912392
2012-07-20,280.61,280.61,275.66,277.34,193.33,5153832
2012-07-23,275.0,276.24,272.83,273.64,190.74,3890800
2012-07-24,273.81,276.5,270.64,271.08,188.96,7153512
2012-07-25,271.75,272.5,268.75,271.07,188.95,7036544
2012-07-26,270.88,270.88,262.66,265.48,185.05,11975336
2012-07-27,270.25,270.5,263.66,268.58,187.22,9862488
2012-07-30,270.0,276.88,269.69,276.21,192.54,7166920
2012-07-31,276.88,279.5,273.12,278.37,194.04,6914440
2012-08-01,276.88,278.8,275.09,277.32,193.31,3047984
2012-08-02,277.25,278.35,274.38,275.72,192.19,2420032
2012-08-03,274.53,277.17,273.14,276.06,192.43,3095592
2012-08-06,277.77,279.36,275.92,277.1,193.16,3250784
2012-08-07,279.0,283.67,277.76,281.66,196.34,5465344
2012-08-08,282.75,286.88,282.5,285.45,198.98,8039104
2012-08-09,286.28,288.94,284.38,285.26,198.84,6931096
2012-08-10,284.75,290.12,283.0,289.13,201.54,5635688
2012-08-13,287.66,291.38,287.51,290.01,202.16,4013928
2012-08-14,289.16,291.88,286.17,291.17,202.96,4044816
2012-08-16,291.02,291.02,287.63,289.43,201.75,3729624
2012-08-17,290.5,294.38,289.54,293.88,204.85,8493280
2012-08-21,295.62,304.88,295.62,301.12,209.9,12206136
2012-08-22,300.36,305.0,299.27,304.2,212.05,5149168
2012-08-23,304.38,310.38,303.03,309.65,215.85,14722856
2012-08-24,306.0,307.29,304.25,305.6,213.02,6724512
2012-08-27,303.77,305.81,300.7,301.49,210.16,7891360
2012-08-28,299.62,306.43,299.62,302.64,210.96,5666056
2012-08-29,302.75,302.75,297.81,298.54,208.1,5616416
2012-08-30,297.98,300.77,296.26,299.09,208.48,11175392
2012-08-31,298.25,298.25,294.34,295.21,205.78,5811064
2012-09-03,295.75,299.86,294.75,295.64,206.08,4321512
2012-09-04,295.04,296.5,293.01,295.1,205.7,2333328
2012-09-05,293.38,294.62,291.52,292.43,203.84,4013224
2012-09-06,293.81,303.49,293.81,302.75,211.04,7623384
2012-09-07,306.88,311.75,306.39,310.91,216.72,6075696
2012-09-10,312.0,315.88,309.84,314.04,218.91,7337320
2012-09-11,312.5,316.99,309.33,316.19,220.4,5441904
2012-09-12,316.38,318.74,315.14,317.46,221.29,5083328
2012-09-13,317.35,320.86,314.75,319.38,222.63,5249704
2012-09-14,323.5,330.59,323.26,329.01,229.34,10627848
2012-09-17,331.12,331.12,318.38,320.56,223.45,9859272
2012-09-18,322.5,327.38,322.25,325.1,226.62,7184200
2012-09-20,319.58,330.62,319.58,327.15,228.05,11625136
2012-09-21,326.92,331.25,322.95,324.16,225.96,12293872
2012-09-24,325.0,326.24,321.89,325.02,226.56,8854032
2012-09-25,323.75,326.38,323.51,324.76,226.38,8849752
2012-09-26,322.25,325.0,320.89,323.66,225.61,8489904
2012-09-27,324.06,324.12,316.84,318.67,222.13,13822880
2012-09-28,320.12,322.49,315.77,316.87,220.88,9685224
2012-10-01,318.91,327.52,318.62,326.21,227.39,8826288
2012-10-03,325.66,327.39,320.06,322.28,224.65,7823624
2012-10-04,321.89,324.36,319.63,321.96,224.42,7164280
2012-10-05,323.12,323.12,257.57,315.86,220.17,11632000
2012-10-08,315.6,317.86,307.5,311.02,216.8,8077440
2012-10-09,313.12,318.75,310.5,317.03,220.99,9084320
2012-10-10,313.39,316.02,311.2,313.02,218.19,5932104
2012-10-11,312.0,322.51,310.15,316.65,220.73,14966400
2012-10-12,293.75,305.98,288.88,299.42,208.71,56701776
2012-10-15,298.21,301.5,294.1,295.7,206.12,14790120
2012-10-16,297.49,298.62,293.38,294.46,205.26,7282048
2012-10-17,297.01,297.38,294.66,296.27,206.52,5707320
2012-10-18,295.5,299.62,293.14,297.2,208.49,10192576
2012-10-19,295.75,299.62,295.75,297.92,208.99,10937200
2012-10-22,296.03,299.75,296.03,298.19,209.18,4566864
2012-10-23,295.25,298.0,293.75,294.14,206.34,4743144
2012-10-25,292.88,294.64,291.27,293.09,205.61,11256776
2012-10-29,290.12,292.38,288.41,291.94,204.8,4736664
2012-10-30,290.75,295.62,290.75,294.79,206.8,5728256
2012-10-31,293.75,296.81,293.19,295.38,207.21,6517320
2012-11-01,295.25,296.25,292.64,295.58,207.35,7010976
2012-11-02,296.38,300.58,296.14,298.51,209.41,7049216
2012-11-05,297.89,298.83,295.94,297.31,208.56,4959200
2012-11-06,298.0,300.81,296.41,297.71,208.84,6815768
2012-11-07,297.75,301.75,296.88,300.55,210.84,4695264
2012-11-08,296.5,298.07,295.62,296.91,208.29,5229160
2012-11-09,295.62,295.62,293.12,293.59,205.95,5938920
2012-11-12,294.38,296.12,291.69,294.87,206.85,3696192
2012-11-15,291.89,292.12,284.85,287.04,201.36,9133048
2012-11-16,286.38,298.38,286.38,292.92,205.48,13693104
2012-11-19,293.0,297.65,292.08,294.82,206.82,4036128
2012-11-20,297.14,297.14,289.1,290.59,203.85,5440304
2012-11-21,291.21,295.49,290.17,293.73,206.05,6989808
2012-11-22,293.5,299.0,291.88,297.83,208.93,5827312
2012-11-23,297.75,299.88,294.63,297.19,208.48,3477736
2012-11-26,298.84,302.62,298.84,302.17,211.98,3788056
2012-11-27,302.75,310.0,302.73,308.83,216.65,5717304
2012-11-29,306.25,307.41,303.31,305.66,214.42,10365096
2012-11-30,305.2,309.56,303.13,304.61,213.68,7050712
2012-12-03,304.62,306.62,303.04,304.89,213.88,5202984
2012-12-04,303.62,305.88,301.88,304.68,213.74,4510288
2012-12-05,303.62,303.75,297.19,297.81,208.92,13995024
2012-12-06,299.25,299.25,289.24,292.29,205.04,11011928
2012-12-07,290.12,293.56,288.89,290.14,203.54,9485912
2012-12-10,290.12,293.0,287.38,289.19,202.87,6829920
2012-12-11,289.5,292.01,285.36,286.76,201.16,11384424
2012-12-12,288.75,290.48,285.78,287.23,201.49,15359688
2012-12-13,288.12,289.21,284.05,285.44,200.24,9967112
2012-12-14,284.12,286.88,283.25,284.85,199.82,8507992
2012-12-17,283.38,286.48,282.12,283.28,198.72,10961640
2012-12-18,282.5,284.27,280.62,283.88,199.14,8292000
2012-12-19,284.25,287.49,283.76,287.02,201.35,9991896
2012-12-20,288.26,288.75,284.75,287.45,201.65,8441728
2012-12-21,287.38,290.16,285.85,287.11,201.41,6924016
2012-12-24,290.14,291.05,289.12,290.29,203.64,4323992
2012-12-26,290.38,291.36,288.04,289.41,203.02,3263560
2012-12-27,290.98,291.12,284.58,285.97,200.61,8110232
2012-12-28,287.76,290.69,286.06,290.4,203.72,7064256
2012-12-31,289.38,290.51,287.96,289.84,203.32,3451824
2013-01-01,290.95,291.24,288.19,288.61,202.46,2959992
2013-01-02,289.52,291.0,287.94,288.65,202.49,4349944
2013-01-03,289.38,293.61,288.88,292.24,205.01,10599288
2013-01-04,293.55,294.37,291.5,293.69,206.03,8454008
2013-01-07,293.89,297.49,291.94,296.85,208.24,8761624
2013-01-08,295.62,295.99,290.44,293.0,205.54,12867424
2013-01-09,292.52,295.23,290.41,291.38,204.4,6149968
2013-01-10,291.38,292.83,288.65,290.29,203.64,10901016
2013-01-11,315.12,340.25,315.12,339.01,237.82,92852568
2013-01-14,344.98,354.62,344.03,350.81,246.1,50924760
2013-01-15,350.75,351.18,346.81,348.38,244.39,20377880
2013-01-16,347.62,348.6,344.44,345.93,242.67,11660824
2013-01-17,349.0,350.83,347.4,349.74,245.35,11767072
2013-01-18,350.62,351.25,347.18,348.51,244.48,7290592
2013-01-21,345.38,351.33,345.38,349.54,245.2,5899560
2013-01-22,349.2,349.83,347.12,347.94,244.08,5110280
2013-01-23,347.62,349.75,347.62,348.7,244.61,7458712
2013-01-24,351.25,353.5,348.84,349.77,245.37,11211296
2013-01-25,351.25,353.5,348.89,351.83,246.81,8442536
2013-01-28,351.5,353.45,350.12,351.33,246.46,6723008
2013-01-29,350.75,353.12,348.57,349.88,245.44,6197184
2013-01-30,350.59,350.74,347.57,348.83,244.71,6805528
2013-01-31,349.0,350.89,346.25,348.69,244.61,17480440
2013-02-01,348.89,350.24,344.0,346.37,242.98,7899648
2013-02-04,347.62,348.75,343.12,345.95,242.69,7500016
2013-02-05,345.41,347.79,343.19,344.49,241.66,6166112
2013-02-06,346.91,348.51,344.48,347.0,243.42,9097344
2013-02-07,348.25,349.88,347.51,348.69,244.61,10704472
2013-02-08,347.89,352.09,346.53,348.68,244.6,5482696
2013-02-11,350.16,351.87,348.11,349.01,244.83,7394792
2013-02-12,346.25,346.76,342.72,344.41,241.6,4442392
2013-02-13,344.62,349.64,343.12,348.69,244.61,6322888
2013-02-14,349.3,353.5,349.29,351.59,246.64,6894000
2013-02-15,348.75,351.06,347.04,348.58,244.53,5194256
2013-02-18,347.88,348.34,345.38,347.51,243.78,2754784
2013-02-19,347.51,353.12,345.88,352.56,247.32,4643344
2013-02-20,353.16,354.04,351.06,352.43,247.23,5545224
2013-02-21,350.2,352.49,349.14,350.98,246.21,5558744
2013-02-22,349.84,356.88,349.64,355.07,249.08,8703536
2013-02-25,358.75,365.25,358.45,364.73,255.86,10457648
2013-02-26,364.5,371.17,364.5,369.98,259.54,12173544
2013-02-27,368.5,368.5,362.76,363.82,255.22,7029760
2013-02-28,364.41,366.98,360.67,363.38,254.91,11808104
2013-03-01,364.25,370.17,361.5,364.23,255.51,8414632
2013-03-04,365.75,367.81,359.02,362.93,254.6,10108320
2013-03-05,365.57,367.42,364.16,365.16,256.16,7171944
2013-03-06,368.38,372.09,365.78,371.26,260.44,12205480
2013-03-07,372.66,376.23,372.5,375.54,263.45,13715360
2013-03-08,373.5,373.62,369.66,371.28,260.46,6162896
2013-03-11,372.73,373.75,366.25,368.22,258.31,4866160
2013-03-12,367.5,368.09,364.0,364.76,255.88,5714056
2013-03-13,361.25,361.25,356.26,357.93,251.09,10730136
2013-03-14,358.25,361.11,355.36,359.26,252.02,8332320
2013-03-15,359.54,363.96,358.51,359.78,252.39,7260792
2013-03-18,358.28,361.25,356.38,357.59,250.85,6446824
2013-03-19,359.38,360.77,355.14,357.0,250.44,11976144
2013-03-20,358.1,359.34,353.44,358.21,251.28,8994640
2013-03-21,360.38,361.81,357.75,359.1,251.91,9940080
2013-03-22,356.24,359.44,353.75,357.9,251.07,7370288
2013-03-25,355.65,358.12,354.08,356.59,250.15,5036856
2013-03-26,355.62,358.71,354.25,356.82,250.31,3415584
2013-03-28,358.12,362.12,356.4,361.17,253.36,12348048
2013-04-01,363.84,369.19,363.84,368.02,258.17,7422040
2013-04-02,366.25,373.71,364.36,371.13,260.35,9720888
2013-04-03,368.61,374.94,368.5,371.06,260.3,8355472
2013-04-04,368.12,368.64,359.01,360.01,252.55,7499960
2013-04-05,359.88,362.38,356.25,358.23,251.3,4372960
2013-04-08,356.25,359.21,353.41,353.99,248.32,3716360
2013-04-09,354.19,354.87,344.53,345.79,242.58,10840656
2013-04-10,350.38,353.48,347.03,351.96,246.9,6551616
2013-04-11,358.31,366.95,354.36,364.59,255.76,17018672
2013-04-12,328.13,328.13,283.59,287.08,201.39,98027744
2013-04-15,286.25,294.62,275.5,292.38,205.11,66559976
2013-04-16,289.88,290.75,285.88,287.03,201.35,14301736
2013-04-17,287.5,288.99,281.25,285.48,200.27,15149144
2013-04-18,285.8,290.38,285.16,286.96,201.31,13224368
2013-04-22,286.45,286.62,277.94,280.57,196.82,15401288
2013-04-23,281.25,283.83,280.55,282.78,198.37,7869960
2013-04-25,281.0,281.25,277.89,278.46,195.34,13762344
2013-04-26,277.51,279.73,275.31,276.5,193.97,11129584
2013-04-29,275.75,281.1,273.25,278.66,195.48,8965680
2013-04-30,279.25,280.29,277.77,279.43,196.02,8840720
2013-05-02,279.5,286.43,279.5,285.84,200.52,9376184
2013-05-03,287.09,290.5,284.77,288.49,202.38,9117192
2013-05-06,289.38,293.12,289.38,292.64,205.29,6000104
2013-05-07,293.75,294.38,290.59,293.6,205.96,6983104
2013-05-08,295.62,297.5,292.26,293.83,206.12,7278352
2013-05-09,293.99,296.11,293.75,295.17,207.07,4561424
2013-05-10,295.26,298.12,294.64,296.44,207.96,4534040
2013-05-13,294.38,295.27,291.29,292.45,205.16,5014960
2013-05-14,292.16,296.35,292.16,293.76,206.07,4484448
2013-05-15,294.12,296.59,293.42,295.06,206.98,8893176
2013-05-16,294.19,294.98,289.16,291.58,204.54,6991752
2013-05-17,292.11,296.12,291.88,293.97,206.22,6431752
2013-05-20,293.25,297.88,293.0,296.51,208.0,8758288
2013-05-21,296.27,302.13,295.87,299.7,210.24,5660128
2013-05-22,300.0,304.12,297.28,298.16,209.16,6245672
2013-05-23,297.0,302.41,294.52,294.98,206.93,5100584
2013-05-24,295.2,298.12,291.75,293.49,205.88,3688648
2013-05-27,292.65,298.25,291.29,296.59,208.06,3325168
2013-05-28,296.25,297.5,294.21,295.77,207.49,4234952
2013-05-29,296.25,298.88,291.62,294.05,206.28,5166528
2013-05-30,291.69,293.58,289.56,292.68,207.7,6338632
2013-05-31,292.75,304.36,292.75,301.46,213.93,18498304
2013-06-03,315.62,328.12,309.39,314.26,223.02,33215248
2013-06-04,311.25,314.93,307.95,311.99,221.4,11714560
2013-06-05,310.0,311.27,306.88,307.66,218.33,5078784
2013-06-06,306.25,306.83,301.99,303.71,215.53,7509232
2013-06-07,303.12,309.11,302.5,305.85,217.05,6618168
2013-06-10,307.5,312.25,307.15,310.84,220.59,4289040
2013-06-11,311.25,314.31,308.23,309.44,219.59,5957704
2013-06-12,307.78,313.3,301.61,302.67,214.79,5927288
2013-06-13,303.0,303.12,296.88,297.49,211.11,4154328
2013-06-14,298.96,301.12,297.14,299.37,212.45,5584064
2013-06-17,301.43,303.25,299.36,302.83,214.9,2720504
2013-06-18,303.75,307.5,303.09,305.82,217.02,4284904
2013-06-19,305.75,306.09,300.91,304.79,216.3,5836832
2013-06-20,303.5,306.0,292.84,296.14,210.15,6802928
2013-06-21,296.33,304.0,296.33,302.34,214.56,6161368
2013-06-24,300.31,300.41,293.99,297.55,211.16,7336552
2013-06-25,297.5,298.36,293.12,296.74,210.58,5790640
2013-06-26,298.95,301.83,296.46,299.92,212.84,5567232
2013-06-27,302.62,312.49,301.58,310.35,220.24,10670944
2013-06-28,308.9,313.47,303.0,312.36,221.66,11707392
2013-07-01,308.62,309.19,305.14,306.38,217.42,4209080
2013-07-02,306.01,307.94,300.0,300.49,213.25,5110832
2013-07-03,300.12,306.49,299.08,300.56,213.29,5349856
2013-07-04,304.12,309.39,302.5,308.5,218.93,5210784
2013-07-05,308.38,310.44,304.84,307.02,217.88,4337360
2013-07-08,310.62,311.75,307.56,308.52,218.94,5415168
2013-07-09,310.12,314.25,310.12,312.27,221.61,8611368
2013-07-10,313.12,315.0,311.62,312.64,221.87,6865416
2013-07-11,316.88,320.43,313.72,316.04,224.28,15704960
2013-07-12,347.64,363.2,343.75,350.52,248.75,52873040
2013-07-15,348.13,348.75,341.04,342.84,243.29,12874240
2013-07-16,337.76,346.33,335.13,341.1,242.06,6301536
2013-07-17,341.46,344.79,341.46,343.86,244.02,6575048
2013-07-18,344.25,352.19,342.36,350.09,248.44,13078696
2013-07-19,350.38,358.12,350.38,355.93,252.59,16402840
2013-07-22,352.77,361.86,352.75,359.59,255.19,6751136
2013-07-23,361.25,364.64,361.25,362.74,257.42,6168480
2013-07-24,360.0,365.88,360.0,363.58,258.01,4875280
2013-07-25,363.62,368.17,362.62,364.41,258.61,7177688
2013-07-26,366.25,369.12,362.83,364.16,258.43,6899640
2013-07-29,363.75,368.0,363.75,365.15,259.13,4362952
2013-07-30,366.38,371.62,366.38,369.46,262.19,6336208
2013-07-31,371.12,373.95,366.02,371.21,263.43,11807328
2013-08-01,373.5,374.39,369.59,371.83,263.87,8690632
2013-08-02,373.12,377.5,372.64,376.1,266.9,11962296
2013-08-05,374.85,378.12,374.56,376.13,266.92,8502784
2013-08-06,376.0,376.5,368.88,373.42,265.0,10031832
2013-08-07,371.88,375.35,368.91,370.42,262.87,6503608
2013-08-08,367.5,372.25,367.5,370.57,262.97,5765368
2013-08-12,372.0,377.5,371.38,375.67,266.6,7594376
2013-08-13,376.01,386.75,376.0,385.45,273.53,10334312
2013-08-14,383.75,386.86,380.32,383.71,272.3,9211208
2013-08-16,377.5,379.99,370.96,372.3,264.2,12087616
2013-08-19,373.76,378.37,368.87,375.62,266.56,5259328
2013-08-20,377.5,377.62,372.81,375.83,266.71,10362056
2013-08-21,374.35,374.35,365.26,369.84,262.46,7526584
2013-08-22,373.62,379.56,370.5,377.52,267.91,10965816
2013-08-23,375.62,377.49,372.79,375.09,266.18,5498864
2013-08-26,377.49,381.23,376.06,378.84,268.84,5571544
2013-08-27,379.0,385.0,378.99,382.01,271.09,8525552
2013-08-28,381.5,391.25,381.5,389.53,276.43,14329696
2013-08-29,383.75,390.87,382.62,388.08,275.4,20086288
2013-08-30,386.5,390.36,379.69,388.23,275.51,12678560
2013-09-02,384.64,390.95,383.08,385.74,273.74,5125040
2013-09-03,384.0,386.81,377.1,379.21,269.11,6267312
2013-09-04,382.46,392.49,381.95,389.09,276.12,8979400
2013-09-05,387.09,387.09,374.39,375.6,266.54,9457072
2013-09-06,375.74,383.99,375.74,378.63,268.7,13465928
2013-09-10,379.0,398.5,379.0,394.86,280.21,21879136
2013-09-11,393.12,396.62,388.47,389.89,276.68,9145680
2013-09-12,388.12,389.89,381.0,383.23,271.96,6957440
2013-09-13,382.53,383.23,376.66,378.51,268.61,9255384
2013-09-16,378.12,382.24,372.51,374.17,265.53,6332184
2013-09-17,377.12,378.74,373.88,377.83,268.12,8027280
2013-09-18,378.12,378.66,375.62,377.14,267.64,7439816
2013-09-19,374.88,379.38,374.04,377.38,267.8,15327808
2013-09-20,375.0,379.0,372.94,374.39,265.69,7991712
2013-09-23,375.62,380.49,375.13,377.42,267.84,8886376
2013-09-24,378.75,378.88,374.61,376.89,267.46,11752256
2013-09-25,378.98,379.38,374.08,376.21,266.98,8080776
2013-09-26,379.25,379.61,375.12,376.54,267.21,10682440
2013-09-27,378.0,381.38,373.88,375.83,266.7,5701568
2013-09-30,377.52,381.88,374.69,376.62,267.27,8679184
2013-10-01,378.75,379.79,375.38,376.88,267.45,5310216
2013-10-03,379.38,380.88,377.5,379.64,269.41,14686712
2013-10-04,378.28,379.88,375.62,377.05,267.57,7352816
2013-10-07,376.88,379.97,375.8,377.73,268.06,9795344
2013-10-08,380.04,381.5,377.79,379.27,269.15,17982912
2013-10-09,378.38,391.42,376.25,388.73,275.86,17371792
2013-10-10,390.64,395.12,386.34,390.95,277.44,17434688
2013-10-11,416.88,417.25,394.6,409.31,290.47,41290600
2013-10-14,407.0,416.94,407.0,415.54,294.89,12231712
2013-10-15,415.5,420.88,414.1,419.35,297.59,9221320
2013-10-17,416.27,419.74,407.5,408.56,291.68,11513008
2013-10-18,410.75,415.49,407.62,414.32,295.78,10944776
2013-10-21,416.62,422.21,408.14,416.93,297.65,9383368
2013-10-22,417.25,420.52,415.67,417.79,298.27,7208760
2013-10-23,415.0,417.35,409.88,415.6,296.7,6561584
2013-10-24,412.79,421.88,411.26,413.59,295.27,6480560
2013-10-25,416.0,418.75,413.29,416.44,297.3,6011344
2013-10-28,414.65,416.86,411.64,415.43,296.58,3412448
2013-10-29,414.94,420.62,413.34,416.95,297.66,5200392
2013-10-30,413.88,417.36,413.43,415.49,296.62,5591088
2013-10-31,413.04,416.0,412.02,413.74,295.37,9687544
2013-11-01,412.5,414.38,408.67,409.59,292.41,6166704
2013-11-05,406.5,411.32,404.12,408.23,291.44,5320232
2013-11-06,409.41,414.02,409.41,413.27,295.04,3704664
2013-11-07,415.21,424.99,414.2,419.7,299.63,7192712
2013-11-08,418.75,423.65,418.75,420.01,299.85,8616112
2013-11-11,418.75,424.75,417.51,420.33,300.07,7803200
2013-11-12,420.31,421.88,416.01,417.11,297.77,6452184
2013-11-13,414.51,419.83,414.51,416.51,297.35,4687512
2013-11-14,419.04,421.88,418.76,419.28,299.33,4343528
2013-11-18,423.88,426.88,423.48,425.51,303.78,6326536
2013-11-19,425.75,431.0,425.01,430.37,307.24,8975208
2013-11-20,426.12,430.41,424.38,425.27,303.61,4306608
2013-11-21,424.5,425.0,414.14,418.04,298.44,8495496
2013-11-22,418.25,421.88,417.0,418.45,298.73,2720936
2013-11-25,419.0,422.35,413.38,415.75,296.81,5707296
2013-11-26,415.0,418.62,411.58,414.52,295.93,7321096
2013-11-27,415.0,416.98,410.73,411.66,293.89,6779624
2013-11-28,412.67,417.25,408.12,415.98,296.97,7499968
2013-11-29,417.0,420.75,413.75,419.32,299.35,5411560
2013-12-02,419.0,422.11,415.64,417.34,297.94,4711376
2013-12-03,415.0,419.94,415.0,418.59,298.84,7001240
2013-12-04,418.75,423.25,417.1,420.67,300.32,8443120
2013-12-05,422.5,424.88,417.75,418.91,299.06,6317072
2013-12-06,417.38,418.62,414.77,415.73,296.79,6544848
2013-12-09,420.62,423.01,415.13,417.35,297.95,8856632
2013-12-10,416.88,423.73,416.44,421.36,300.81,12345896
2013-12-11,420.62,422.71,417.5,421.79,301.12,6256960
2013-12-12,420.55,423.21,418.5,420.48,300.18,5520232
2013-12-13,418.12,422.5,418.12,421.73,301.08,8315624
2013-12-16,422.5,433.0,419.23,431.53,308.07,10117696
2013-12-17,430.64,435.61,430.64,432.04,308.44,10713952
2013-12-18,431.25,434.22,430.94,432.18,308.54,9183344
2013-12-19,432.81,443.12,431.88,439.03,313.43,7331456
2013-12-20,440.62,446.62,438.55,443.92,316.92,8685456
2013-12-23,437.5,442.49,432.57,433.56,309.52,8845904
2013-12-24,435.75,437.86,433.26,435.8,311.12,7109912
2013-12-26,435.88,441.8,435.47,440.08,314.18,6869928
2013-12-27,441.25,446.5,441.24,445.16,317.8,7382064
2013-12-30,445.96,446.88,434.38,437.79,312.54,11863432
2013-12-31,437.5,440.21,435.03,435.71,311.05,3590808
2014-01-01,436.5,437.38,432.76,433.5,309.48,1478688
2014-01-02,432.91,438.5,432.91,435.07,310.6,4404744
2014-01-03,434.38,446.88,431.78,445.64,318.15,10046344
2014-01-06,446.89,447.56,433.58,439.74,313.93,11098328
2014-01-07,439.88,440.74,430.84,432.14,308.51,7713688
2014-01-08,432.62,434.38,427.62,428.51,305.92,8990392
2014-01-09,430.0,435.25,427.23,431.35,307.94,12590808
2014-01-10,436.25,446.88,431.0,443.91,316.91,30258176
2014-01-13,447.75,459.38,447.75,458.12,327.06,17119912
2014-01-14,455.62,461.88,455.06,460.84,329.0,7425832
2014-01-15,461.91,465.54,460.12,464.01,331.26,17130144
2014-01-16,462.38,467.18,461.71,465.63,332.42,17608232
2014-01-17,466.12,470.58,465.0,466.22,332.84,25667896
2014-01-20,464.0,469.99,463.06,468.66,334.58,9761944
2014-01-21,468.75,471.25,464.79,469.79,335.39,12102464
2014-01-22,467.65,472.25,467.51,470.74,336.06,6769760
2014-01-23,473.01,474.88,470.11,474.06,338.44,7907344
2014-01-24,470.62,474.62,469.34,469.77,335.37,6876584
2014-01-27,465.0,470.49,463.9,466.52,333.06,8099048
2014-01-28,463.38,463.59,458.36,459.39,327.96,14108544
2014-01-29,458.25,467.96,456.71,464.73,331.77,8102080
2014-01-30,462.96,464.59,457.5,463.03,330.56,7183632
2014-01-31,462.5,467.47,460.82,462.64,330.28,5369928
2014-02-03,460.62,461.5,453.1,453.64,323.86,4384112
2014-02-04,447.62,448.99,443.32,445.14,317.79,4535112
2014-02-05,447.5,448.62,442.84,447.66,319.58,4326992
2014-02-06,446.5,447.88,442.62,445.46,318.02,5749904
2014-02-07,448.38,450.23,443.61,445.82,318.27,7551456
2014-02-10,447.49,448.25,444.69,446.73,318.92,6049424
2014-02-11,448.0,452.75,446.69,449.53,320.92,5833592
2014-02-12,450.06,453.43,449.15,450.01,321.27,4208712
2014-02-13,450.6,452.24,447.51,448.23,319.99,3588320
2014-02-14,451.94,458.0,450.41,455.54,325.21,5962168
2014-02-17,460.62,460.62,456.11,457.27,326.45,13569920
2014-02-18,455.88,461.83,455.88,460.25,328.58,4978240
2014-02-19,461.96,470.25,461.89,469.17,334.95,7064304
2014-02-20,468.11,468.11,463.25,463.91,331.19,8816848
2014-02-21,467.0,469.42,465.91,468.84,334.71,5517984
2014-02-24,468.25,469.21,466.25,468.74,334.63,4357608
2014-02-25,469.38,474.01,469.38,472.86,337.58,8099512
2014-02-26,472.5,477.23,471.51,475.94,339.77,7352168
2014-02-28,470.14,479.64,470.14,478.11,341.32,9839496
2014-03-03,478.12,481.24,473.99,474.78,338.95,7204176
2014-03-04,471.25,478.06,470.24,474.94,339.07,6937912
2014-03-05,478.49,480.55,476.24,477.71,341.04,4943504
2014-03-06,479.75,481.24,477.17,478.99,341.95,6226312
2014-03-07,478.38,479.25,463.54,467.54,333.78,15072744
2014-03-10,466.21,466.21,455.66,458.95,327.65,7432472
2014-03-11,456.62,463.61,453.88,459.42,327.98,4124272
2014-03-12,459.17,462.92,456.5,458.91,327.62,3940104
2014-03-13,427.5,429.99,417.5,419.7,299.63,40790880
2014-03-14,417.5,425.49,416.88,424.27,302.89,11167544
2014-03-18,425.0,426.49,417.5,418.82,299.0,11804312
2014-03-19,418.75,419.73,404.84,408.97,291.97,15777848
2014-03-20,408.75,418.69,408.75,412.88,294.76,8023032
2014-03-21,416.25,417.25,408.81,413.21,294.99,12380320
2014-03-24,409.02,414.81,408.75,409.48,292.33,8160344
2014-03-25,406.0,409.96,405.75,406.8,290.42,7548064
2014-03-26,407.5,408.62,403.83,406.11,289.93,8458568
2014-03-27,406.0,407.86,401.99,403.88,288.33,13599368
2014-03-28,405.01,409.88,403.41,407.83,291.15,7146824
2014-03-31,410.66,413.12,403.76,410.35,292.95,9176928
2014-04-01,410.38,415.62,409.38,414.24,295.73,8628352
2014-04-02,418.6,418.75,413.81,415.26,296.45,5644400
2014-04-03,417.44,418.5,414.88,417.27,297.89,4700216
2014-04-04,418.88,419.5,413.26,414.51,295.92,3925584
2014-04-07,412.25,414.31,407.0,411.67,293.9,7097544
2014-04-09,410.13,413.73,403.81,406.82,290.43,10664680
2014-04-10,406.81,407.22,398.27,400.15,285.67,21263240
2014-04-11,401.25,406.95,395.62,404.39,288.7,18678336
2014-04-15,416.52,423.5,405.94,407.48,290.9,20782384
2014-04-16,405.24,405.24,393.44,394.66,281.75,13198304
2014-04-17,397.5,401.26,394.79,399.01,284.85,8391912
2014-04-21,401.25,402.5,396.25,397.87,284.04,6119624
2014-04-22,396.51,400.0,392.8,393.83,281.16,6626896
2014-04-23,396.76,398.98,395.5,396.58,283.12,12016720
2014-04-24,396.58,396.58,396.58,396.58,283.12,0
2014-04-25,398.5,400.0,395.42,396.95,283.39,5962904
2014-04-28,396.12,399.12,395.62,397.26,283.6,6042480
2014-04-29,397.88,399.38,396.38,397.22,283.58,4835464
2014-04-30,397.21,398.75,396.38,397.6,283.85,7741936
2014-05-02,398.12,405.88,398.12,402.46,287.32,4764392
2014-05-05,399.0,404.12,396.82,397.11,283.5,4196688
2014-05-06,397.11,398.06,394.38,395.64,282.45,4566024
2014-05-07,393.88,396.25,381.25,383.42,273.73,15596072
2014-05-08,383.75,386.05,380.81,383.16,273.54,9161992
2014-05-09,383.12,390.62,381.61,388.93,277.66,6179400
2014-05-12,389.77,398.31,388.13,396.89,283.34,7044200
2014-05-13,397.88,409.38,397.88,408.16,291.39,7299968
2014-05-14,406.28,408.12,402.14,406.76,290.39,5184688
2014-05-15,406.76,411.86,400.66,409.06,292.03,8409192
2014-05-16,412.38,417.5,382.38,397.19,283.56,14188792
2014-05-19,399.75,399.75,375.01,376.88,269.06,17246512
2014-05-20,381.12,392.36,380.27,390.27,278.62,8787344
2014-05-21,389.75,395.54,387.38,394.64,281.73,6788304
2014-05-22,395.0,397.5,385.14,389.24,277.88,9832744
2014-05-23,390.62,396.38,376.52,383.69,273.92,9081776
2014-05-26,383.88,388.87,381.27,386.86,276.18,5750544
2014-05-27,387.5,394.38,387.44,391.76,279.68,4984128
2014-05-28,390.44,398.5,389.75,396.66,283.18,5389320
2014-05-29,378.12,378.12,364.38,365.56,264.56,41341328
2014-05-30,367.5,369.93,360.0,367.42,265.91,28035616
2014-06-02,370.06,374.71,370.06,374.14,270.77,6229856
2014-06-03,376.0,379.62,371.84,377.15,272.95,6824936
2014-06-04,376.88,378.42,369.19,373.06,269.99,5508008
2014-06-05,375.0,383.55,370.25,380.14,275.12,12153720
2014-06-06,375.02,376.25,368.75,375.38,271.67,16882424
2014-06-09,375.75,376.88,372.01,373.31,270.17,10858344
2014-06-10,375.0,386.15,374.54,384.39,278.19,10479176
2014-06-11,388.12,407.16,386.29,399.17,288.88,20375704
2014-06-12,410.0,412.13,390.09,396.88,287.23,21128856
2014-06-13,398.56,400.88,391.38,398.38,288.31,10151744
2014-06-16,398.25,407.46,397.5,405.52,293.48,9375328
2014-06-17,406.12,408.38,402.32,405.86,293.72,10079392
2014-06-18,405.62,409.38,401.59,405.06,293.15,9791280
2014-06-19,405.73,415.38,405.64,413.99,299.61,11313704
2014-06-20,415.0,417.42,411.61,414.58,300.03,8853000
2014-06-23,412.5,413.62,402.68,404.07,292.43,6328112
2014-06-24,403.75,404.36,399.02,400.48,289.83,10638024
2014-06-25,405.62,405.62,400.75,401.41,290.5,6433520
2014-06-26,402.5,404.38,396.09,397.81,287.9,7376552
2014-06-27,400.0,404.45,396.5,402.92,291.6,6890744
2014-06-30,402.5,407.88,401.42,406.94,294.51,7290576
2014-07-01,405.62,406.85,400.75,402.63,291.39,4662512
2014-07-02,401.5,405.45,399.77,401.91,290.87,6119632
2014-07-03,401.27,403.55,398.81,401.34,290.45,7504912
2014-07-04,400.01,407.3,400.01,405.74,293.64,5752968
2014-07-07,408.12,421.0,407.5,418.18,302.64,11638312
2014-07-08,418.62,425.79,412.88,417.77,302.34,11460480
2014-07-09,416.25,423.0,411.25,413.79,299.47,8270752
2014-07-10,414.38,422.71,406.33,411.59,297.87,11345616
2014-07-11,425.17,429.0,412.54,415.83,300.94,15826360
2014-07-14,414.38,414.38,398.23,403.16,291.77,8231600
2014-07-15,404.88,407.24,402.13,403.21,291.81,4139800
2014-07-16,405.0,405.62,400.41,403.7,292.16,4589488
2014-07-17,407.51,418.24,403.96,404.91,293.04,4946672
2014-07-18,406.62,409.34,405.45,406.44,294.15,4098368
2014-07-21,406.88,409.17,398.51,400.09,289.55,7435968
2014-07-22,400.62,405.84,399.76,404.21,292.53,8733360
2014-07-23,406.12,419.38,406.12,418.68,303.01,11827336
2014-07-24,418.0,424.38,415.18,422.78,305.97,5571560
2014-07-25,424.88,424.88,413.09,419.02,303.25,5337672
2014-07-28,418.12,423.38,415.11,421.39,304.96,4601448
2014-07-30,424.25,424.25,418.2,421.52,305.06,9934720
2014-07-31,422.5,424.36,417.9,420.96,304.65,8457168
2014-08-01,418.75,424.0,416.25,417.66,302.27,7607008
2014-08-04,419.38,435.36,418.66,433.19,313.51,13086960
2014-08-05,434.5,440.0,433.76,439.12,317.8,10985624
2014-08-06,440.62,451.04,440.62,446.98,323.49,18004184
2014-08-07,437.38,443.05,435.29,438.42,317.29,7754224
2014-08-08,437.5,440.0,434.38,435.33,315.05,3811352
2014-08-11,440.5,447.96,438.75,446.69,323.27,5628672
2014-08-12,449.88,449.88,442.62,447.1,323.57,5916936
2014-08-13,445.01,453.12,443.84,451.05,326.43,8941360
2014-08-14,451.0,453.46,448.33,451.57,326.81,6762480
2014-08-18,451.5,451.5,443.75,444.98,322.03,6777888
2014-08-19,445.12,448.62,441.25,443.48,320.95,6424824
2014-08-20,445.38,447.81,443.38,444.32,321.56,3938224
2014-08-21,444.53,445.42,441.25,443.62,321.05,4298880
2014-08-22,443.62,451.0,443.5,450.12,325.76,4855040
2014-08-25,449.88,454.46,445.26,453.48,328.19,4198352
2014-08-26,452.75,455.0,450.0,453.02,327.86,5842128
2014-08-27,453.75,456.25,450.14,453.82,328.43,5569872
2014-08-28,453.62,454.21,447.65,449.85,325.56,7599304
2014-09-01,451.26,452.36,448.12,449.96,325.64,3643152
2014-09-02,450.0,453.12,444.44,451.72,326.91,3583832
2014-09-03,451.25,468.3,451.25,466.78,337.82,11857560
2014-09-04,465.62,465.62,462.23,463.59,335.51,6238464
2014-09-05,466.5,474.38,463.17,466.34,337.5,6468352
2014-09-08,466.59,473.81,466.59,472.71,342.1,6517296
2014-09-09,468.5,469.43,465.0,467.01,337.98,4316800
2014-09-10,463.5,463.5,457.5,458.41,331.76,5080752
2014-09-11,459.25,462.46,453.83,460.52,333.28,5013032
2014-09-12,461.0,463.5,456.25,458.74,331.99,3907552
2014-09-15,458.12,458.5,453.41,455.16,329.41,4958800
2014-09-16,455.75,461.31,452.95,456.41,330.31,5034904
2014-09-17,459.99,468.51,458.89,467.63,338.43,7926120
2014-09-18,459.24,466.21,456.81,462.12,334.45,9104776
2014-09-19,462.38,473.49,460.16,462.76,334.9,14755016
2014-09-22,460.0,460.34,454.0,456.33,330.25,8612040
2014-09-23,455.62,460.43,449.44,450.89,326.31,12962304
2014-09-24,453.75,459.03,449.78,455.6,329.72,5564560
2014-09-25,456.25,464.85,455.75,461.38,333.9,24975512
2014-09-26,460.62,465.03,457.56,460.02,332.92,8864840
2014-09-29,462.62,470.12,460.14,468.63,339.15,4996144
2014-09-30,468.02,469.54,462.64,468.47,339.04,6927368
2014-10-01,465.25,482.49,465.25,480.91,348.04,9470864
2014-10-07,471.16,486.62,471.16,478.91,346.6,20063456
2014-10-08,473.12,474.0,455.12,456.27,330.21,20327680
2014-10-09,462.5,464.25,453.24,455.85,329.9,12432832
2014-10-10,457.5,488.5,446.59,486.08,351.78,45893056
2014-10-13,486.16,498.12,486.16,492.82,356.66,17726984
2014-10-14,495.62,495.62,487.5,489.79,354.47,6860512
2014-10-15,489.79,489.79,489.79,489.79,354.47,0
2014-10-16,487.51,492.29,481.79,483.16,352.37,10017392
2014-10-17,483.11,490.35,479.64,481.46,351.12,8190016
2014-10-20,481.62,482.82,475.26,476.54,347.54,7702720
2014-10-21,481.24,481.24,463.75,471.62,343.95,26081384
2014-10-22,476.16,476.49,472.02,474.51,346.06,5353320
2014-10-27,481.25,481.25,472.77,475.38,346.69,4767752
2014-10-28,470.62,476.54,470.62,473.53,345.34,6666368
2014-10-29,476.62,486.59,476.62,485.18,353.84,8229336
2014-10-30,487.0,497.66,487.0,493.32,359.78,15245208
2014-10-31,498.38,508.25,498.38,506.41,369.32,8670800
2014-11-03,509.61,513.75,504.06,510.74,372.48,8578408
2014-11-05,510.62,519.25,507.12,515.6,376.03,10241080
2014-11-07,514.79,522.88,514.79,520.83,379.84,9970400
2014-11-10,521.88,522.64,517.5,520.69,379.74,5594168
2014-11-11,520.62,520.62,512.97,515.65,376.06,6255088
2014-11-12,515.12,518.84,512.14,513.25,374.31,5392896
2014-11-13,515.25,525.13,514.05,522.33,380.93,4956680
2014-11-14,524.25,526.43,521.75,523.96,382.12,5233176
2014-11-17,523.12,528.49,518.51,527.31,384.56,5458184
2014-11-18,528.12,528.47,521.51,522.79,381.27,5267120
2014-11-19,522.5,523.74,517.47,521.67,380.45,5201120
2014-11-20,523.75,529.06,522.98,528.2,385.21,5347928
2014-11-21,521.25,522.38,512.7,518.27,377.97,10463272
2014-11-24,525.0,535.21,523.99,534.39,389.73,11047440
2014-11-25,536.88,539.99,530.75,537.9,392.29,14886576
2014-11-26,537.5,539.71,533.95,537.56,392.04,7930800
2014-11-27,540.24,547.05,539.0,545.74,398.0,17389032
2014-11-28,546.26,549.75,542.92,544.98,397.45,14347264
2014-12-01,548.38,550.28,536.58,543.73,396.54,18341864
2014-12-02,541.24,541.24,528.75,531.65,387.73,10654992
2014-12-03,525.38,533.24,521.14,530.88,387.17,12775044
2014-12-04,527.5,536.22,523.75,525.45,383.21,9399228
2014-12-05,528.75,529.15,514.95,517.58,377.47,7358760
2014-12-08,502.25,504.75,489.44,492.54,359.21,166320408
2014-12-09,495.69,496.5,488.11,491.2,358.23,10050460
2014-12-10,491.5,496.25,489.77,490.94,358.04,7804712
2014-12-11,487.75,488.49,478.75,480.26,350.25,8285932
2014-12-12,484.76,490.1,479.52,484.66,353.46,14572500
2014-12-15,476.24,489.31,476.23,481.2,350.94,12966284
2014-12-16,481.42,487.9,481.42,484.5,353.34,17792756
2014-12-17,484.0,488.88,474.08,484.62,353.44,17851776
2014-12-18,488.5,495.45,486.19,491.48,358.43,19949980
2014-12-19,499.4,502.0,496.5,499.66,364.4,14294632
2014-12-22,501.5,502.52,493.84,499.9,364.58,10465104
2014-12-23,500.21,505.48,490.9,492.91,359.48,8196952
2014-12-24,494.0,496.75,478.76,482.64,351.99,27339488
2014-12-26,486.27,490.17,482.74,488.06,355.94,2268748
2014-12-29,489.01,493.2,488.12,489.45,356.95,2792676
2014-12-30,490.56,493.75,489.2,491.59,358.51,4640552
2014-12-31,488.75,494.74,487.5,493.14,359.64,6968808
2015-01-01,492.24,495.5,489.23,493.6,359.98,2002764
2015-01-02,493.0,504.76,493.0,503.3,367.06,6778320
2015-01-05,502.48,507.5,494.38,498.98,363.9,9937024
2015-01-06,495.0,496.25,483.52,488.55,356.3,9667316
2015-01-07,491.25,493.69,487.5,490.89,358.0,7249916
2015-01-08,496.4,499.25,487.5,493.36,359.81,13564920
2015-01-09,495.02,527.25,478.26,518.61,378.22,44863328
2015-01-12,523.0,529.8,518.75,528.99,385.79,12758888
2015-01-13,526.95,526.95,518.75,522.22,380.86,8801236
2015-01-14,524.62,533.25,523.15,532.16,388.1,9921260
2015-01-15,533.8,538.2,528.06,533.56,389.13,8342452
2015-01-16,537.0,540.0,528.0,529.58,386.22,6690960
2015-01-19,530.0,533.09,523.65,525.62,383.34,4087744
2015-01-20,526.75,533.25,525.36,531.05,387.29,6804504
2015-01-21,532.88,543.99,529.5,542.47,395.63,8494908
2015-01-22,543.7,550.75,540.33,549.11,400.47,9958396
2015-01-23,550.0,556.25,541.28,553.76,403.86,9486328
2015-01-27,555.25,555.25,532.53,534.12,389.54,13739968
2015-01-28,537.5,538.7,532.58,536.14,391.0,13134356
2015-01-29,536.25,537.47,531.9,536.38,391.18,15369424
2015-01-30,540.38,540.64,531.74,535.47,390.52,10833744
2015-02-02,535.38,538.0,531.51,534.21,389.6,8702540
2015-02-03,534.21,534.99,525.5,530.22,386.69,5265956
2015-02-04,534.97,537.5,531.6,535.71,390.69,5160016
2015-02-05,537.7,555.0,537.0,548.45,399.98,11875936
2015-02-06,551.25,561.95,547.12,557.62,406.67,7453728
2015-02-09,550.0,563.5,550.0,562.22,410.03,6536868
2015-02-10,560.75,574.5,560.25,569.58,415.39,8516920
2015-02-11,570.12,573.3,564.06,571.21,416.58,5796972
2015-02-12,570.75,580.49,568.25,577.8,421.39,6287536
2015-02-13,574.9,581.67,571.5,574.03,418.63,5657516
2015-02-16,570.08,576.72,566.31,569.69,415.47,6244276
2015-02-18,572.64,576.24,564.54,574.12,418.71,8613764
2015-02-19,573.5,583.5,573.01,581.17,423.85,9673624
2015-02-20,582.12,584.0,569.22,570.78,416.26,6971628
2015-02-23,575.0,577.3,562.03,566.4,413.07,5090488
2015-02-24,569.75,573.99,564.4,568.2,414.39,6437676
2015-02-25,572.22,583.7,570.0,579.4,422.55,6044972
2015-02-26,576.88,577.25,561.35,564.53,411.71,6445776
2015-02-27,568.72,570.16,562.88,566.44,413.1,7801076
2015-03-02,575.75,577.12,569.51,572.92,417.83,7040992
2015-03-03,572.5,575.74,569.58,574.46,418.95,4905552
2015-03-04,575.0,578.47,562.97,568.66,414.72,4375228
2015-03-05,566.76,574.69,558.34,561.9,409.79,5684916
2015-03-09,564.75,564.75,544.75,547.51,399.3,7984720
2015-03-10,549.53,551.74,540.05,549.5,400.75,6329916
2015-03-11,548.53,560.0,542.28,545.55,397.87,6780912
2015-03-12,544.75,556.61,544.25,554.58,404.45,5688564
2015-03-13,556.25,557.5,548.1,555.1,404.83,6179684
2015-03-16,552.64,570.5,552.64,566.66,413.27,6818632
2015-03-17,566.66,569.88,554.31,560.12,408.5,5539312
2015-03-18,563.62,565.71,555.64,557.38,406.49,4905564
2015-03-19,558.65,562.25,555.69,557.61,406.67,6891740
2015-03-20,560.25,567.22,558.24,564.36,411.59,6430896
2015-03-23,563.25,568.75,556.38,558.36,407.21,5078700
2015-03-24,558.72,563.35,551.5,552.86,403.2,6736532
2015-03-25,555.72,557.29,550.19,554.78,404.6,6170968
2015-03-26,552.0,553.72,533.0,536.59,391.33,15740840
2015-03-27,541.0,556.17,540.75,550.54,401.51,10074220
2015-03-30,551.4,560.0,548.72,557.0,406.22,4623088
2015-03-31,561.25,568.41,551.09,554.59,404.46,8016412
2015-04-01,549.72,549.88,539.42,543.49,396.36,6738488
2015-04-06,544.75,546.17,540.1,544.55,397.14,7741752
2015-04-07,543.75,545.7,534.5,539.88,393.73,8542268
2015-04-08,545.62,551.22,543.26,550.14,401.21,10185576
2015-04-09,552.85,554.72,546.1,553.75,403.85,10581548
2015-04-10,552.55,559.5,552.55,558.49,407.3,7123776
2015-04-13,559.5,561.0,554.03,559.7,408.19,4872336
2015-04-15,559.12,561.25,548.76,553.42,403.61,6237784
2015-04-16,555.5,557.75,540.12,548.66,400.14,9007812
2015-04-17,545.01,548.74,538.36,544.81,397.33,6450316
2015-04-20,544.0,545.0,528.79,533.04,388.74,12825384
2015-04-21,537.0,538.78,530.03,535.65,390.65,8881648
2015-04-22,537.76,538.75,524.49,534.42,389.75,12350984
2015-04-23,537.17,537.5,528.0,530.5,386.89,11891800
2015-04-24,533.97,537.55,495.0,498.8,363.77,43565452
2015-04-27,500.0,500.5,487.02,496.16,361.85,19822640
2015-04-28,495.5,495.5,488.0,490.23,357.52,10393500
2015-04-29,490.23,493.0,484.49,490.29,357.57,8289056
2015-04-30,490.0,491.25,483.08,485.56,354.12,13134260
2015-05-04,489.88,500.0,487.48,498.27,363.39,13361592
2015-05-05,500.0,500.92,488.01,490.69,357.86,9408516
2015-05-06,493.75,493.75,478.83,480.51,350.44,10508408
2015-05-07,480.5,491.77,477.5,486.0,354.44,6779984
2015-05-08,489.5,491.89,486.31,489.49,356.98,5777676
2015-05-11,491.25,500.0,488.05,498.41,363.49,4785512
2015-05-12,498.41,498.65,485.5,486.77,355.0,8284892
2015-05-13,487.94,491.23,482.12,489.17,356.75,7099084
2015-05-14,490.0,490.2,477.0,483.7,352.76,6233844
2015-05-15,483.75,491.65,483.08,490.44,357.67,5189344
2015-05-18,492.5,499.73,490.4,498.26,363.38,6469976
2015-05-19,496.83,508.92,496.5,505.59,368.72,10272076
2015-05-20,510.0,513.0,508.4,511.83,373.27,5882188
2015-05-21,512.22,515.47,509.31,512.11,373.48,10059312
2015-05-22,511.0,512.89,507.52,511.61,373.12,6888824
2015-05-25,512.62,514.14,501.76,504.2,367.71,4675808
2015-05-26,505.0,507.86,500.54,501.83,365.98,3965040
2015-05-27,501.75,502.25,488.75,492.12,358.91,8454708
2015-05-28,493.8,508.0,493.8,504.15,367.68,10980540
2015-05-29,501.21,514.11,500.25,505.79,368.87,18993044
2015-06-01,508.2,516.0,505.81,511.95,373.36,5724892
2015-06-02,512.03,513.78,501.25,502.16,366.23,4673140
2015-06-03,504.55,509.86,502.0,505.23,368.46,5495796
2015-06-04,507.5,513.75,503.15,507.01,369.76,7489464
2015-06-05,507.5,511.0,502.04,502.91,366.77,6125788
2015-06-08,505.0,506.16,496.75,500.01,364.66,6141048
2015-06-09,500.94,501.91,495.75,498.02,363.21,7561740
2015-06-10,497.5,509.84,496.25,506.62,369.48,6385840
2015-06-11,508.99,511.19,498.76,499.41,364.22,9229464
2015-06-12,501.25,506.39,488.88,493.76,360.1,9852924
2015-06-15,488.48,499.4,484.0,495.23,366.64,5236426
2015-06-16,497.17,501.5,492.5,499.67,369.94,5223444
2015-06-17,505.5,510.5,496.1,497.85,368.59,6412068
2015-06-18,502.8,503.98,497.9,500.98,370.9,3474426
2015-06-19,505.15,505.2,496.55,497.67,368.46,6670458
2015-06-22,502.45,514.38,498.5,511.92,379.01,5710868
2015-06-23,512.5,513.7,499.08,500.2,370.33,6952116
2015-06-24,507.5,507.5,495.6,497.55,368.36,7073694
2015-06-25,499.6,501.75,493.83,495.23,366.64,7117466
2015-06-26,499.5,505.8,499.05,502.62,372.12,5320284
2015-06-29,493.5,499.75,491.25,495.08,366.53,5690668
2015-06-30,495.0,496.73,490.0,492.17,364.38,6212530
2015-07-01,494.5,502.5,493.0,498.7,369.22,6880852
2015-07-02,499.5,500.7,492.52,494.0,365.74,4007568
2015-07-03,494.0,496.5,491.0,495.15,366.59,2695306
2015-07-06,492.5,494.0,487.5,491.65,364.0,4305602
2015-07-07,492.5,495.0,489.5,490.25,362.96,3497418
2015-07-08,489.5,489.5,477.4,478.75,354.45,7024178
2015-07-09,478.75,483.0,467.02,469.0,347.23,8587772
2015-07-10,474.05,476.05,466.33,468.75,347.04,7411522
2015-07-13,470.5,477.5,467.02,475.08,351.72,6531768
2015-07-14,477.5,486.75,472.75,485.62,359.54,5367074
2015-07-15,485.0,492.98,484.0,492.0,364.25,4129566
2015-07-16,493.85,495.75,489.75,494.52,366.12,3472938
2015-07-17,495.5,502.25,494.55,500.92,370.86,3447978
2015-07-20,500.7,505.4,493.7,500.62,370.64,4377180
2015-07-21,517.5,574.5,517.5,556.33,411.88,38310112
2015-07-22,552.5,556.0,538.33,551.58,408.36,12665660
2015-07-23,551.97,558.5,545.0,549.0,406.45,7710748
2015-07-24,547.78,553.22,541.55,543.8,402.61,4480302
2015-07-27,543.45,543.97,530.22,532.65,394.35,6752244
2015-07-28,534.25,538.0,527.12,531.42,393.44,8476602
2015-07-29,537.0,546.0,532.5,542.7,401.79,7071334
2015-07-30,545.0,545.0,529.0,535.0,396.09,11956598
2015-07-31,539.28,540.67,530.0,538.53,398.7,7931012
2015-08-03,539.0,546.0,534.47,539.47,399.4,7961012
2015-08-04,539.0,539.47,525.5,528.62,391.37,9099054
2015-08-05,531.0,545.0,530.97,543.17,402.14,4753476
2015-08-06,547.0,552.75,538.5,543.47,402.36,7238252
2015-08-07,539.75,550.5,539.25,547.8,405.57,4988058
2015-08-10,549.0,553.17,533.5,543.0,402.01,3992754
2015-08-11,549.4,558.45,547.85,554.58,410.58,7574406
2015-08-12,557.5,574.5,555.5,572.2,423.63,10168440
2015-08-13,573.5,583.42,527.78,579.0,428.67,9787960
2015-08-14,582.5,584.35,571.55,574.62,425.43,5109066
2015-08-17,575.0,576.72,561.25,571.08,422.8,3107436
2015-08-18,575.0,588.85,575.0,582.17,431.02,4150446
2015-08-19,585.0,593.1,581.4,587.78,435.16,6869518
2015-08-20,579.5,584.25,564.0,567.28,419.99,8369114
2015-08-21,570.45,580.47,558.75,574.95,425.67,10822142
2015-08-24,554.97,561.5,539.3,546.03,404.25,14122684
2015-08-25,550.0,559.5,522.25,542.83,401.88,13735078
2015-08-26,544.9,548.5,529.5,532.3,394.09,11498212
2015-08-27,544.0,550.05,539.03,541.4,400.83,15343392
2015-08-28,550.8,562.45,550.8,555.53,411.29,7208820
2015-08-31,567.42,567.42,541.25,547.2,405.12,9917064
2015-09-01,545.0,557.3,541.0,544.5,403.12,9071550
2015-09-02,549.0,557.5,545.0,549.72,406.99,11171830
2015-09-03,555.08,556.0,546.25,549.67,406.95,8590536
2015-09-04,551.5,555.5,533.5,536.97,397.55,7318888
2015-09-07,542.47,542.5,527.5,529.38,391.93,5180988
2015-09-08,531.0,537.0,526.15,529.4,391.94,5459496
2015-09-09,543.55,549.8,536.0,544.35,403.01,9148664
2015-09-10,542.45,545.75,530.5,540.22,399.96,8363004
2015-09-11,545.78,553.2,542.75,545.38,403.77,9883810
2015-09-14,549.5,552.0,541.33,549.88,407.1,6557076
2015-09-15,549.7,551.6,544.08,549.6,406.9,5291886
2015-09-16,554.0,554.88,549.15,550.83,407.81,7478240
2015-09-18,555.9,558.95,549.53,552.22,408.84,11576876
2015-09-21,550.0,554.42,546.25,552.33,408.92,4351234
2015-09-22,557.5,567.97,550.55,553.72,409.95,9626986
2015-09-23,553.72,563.17,548.72,558.12,413.21,4758254
2015-09-24,556.75,576.35,555.0,570.28,422.21,13399262
2015-09-28,569.97,571.42,550.5,552.78,409.25,9788464
2015-09-29,551.0,566.7,548.75,560.92,415.28,8699370
2015-09-30,567.2,584.47,562.97,580.97,430.13,9495692
2015-10-01,584.95,598.88,580.0,586.53,434.24,10864394
2015-10-05,586.5,594.67,581.0,590.88,437.46,6881760
2015-10-06,593.53,596.28,574.05,577.3,427.41,8711880
2015-10-07,578.0,584.38,564.22,566.6,419.49,9182488
2015-10-08,568.2,574.8,563.03,566.08,419.1,9080874
2015-10-09,568.0,586.45,568.0,583.7,432.15,11782138
2015-10-12,599.5,609.9,554.5,561.45,415.67,30404970
2015-10-13,553.72,555.5,542.6,549.7,406.97,15326862
2015-10-14,545.72,557.78,543.6,548.8,406.31,8865510
2015-10-15,549.95,552.17,544.55,548.67,406.21,8255666
2015-10-16,549.5,550.7,545.0,547.45,409.03,6418992
2015-10-19,551.0,558.0,550.25,555.97,415.4,7347494
2015-10-20,556.5,565.0,555.3,562.97,420.63,8788310
2015-10-21,562.5,573.42,562.5,569.2,425.29,7278098
2015-10-23,570.9,576.5,562.55,574.95,429.58,6033362
2015-10-26,577.0,579.25,571.58,576.08,430.42,3195942
2015-10-27,575.0,577.5,572.05,574.7,429.4,5263748
2015-10-28,572.25,579.0,569.5,576.6,430.81,5255472
2015-10-29,576.55,577.95,568.03,572.53,427.77,5887324
2015-10-30,572.5,572.5,565.0,567.72,424.18,4044676
2015-11-02,565.0,567.9,557.05,565.6,422.6,3544988
2015-11-03,566.7,575.22,566.7,572.75,427.94,3614682
2015-11-04,575.05,578.8,566.15,568.4,424.69,3205572
2015-11-05,571.47,572.5,559.7,561.45,419.5,2345306
2015-11-06,561.5,571.95,561.45,569.15,425.25,3026172
2015-11-09,560.0,570.0,557.6,567.3,423.87,6125676
2015-11-10,563.75,563.75,550.05,551.92,412.38,4680052
2015-11-13,549.97,553.0,545.0,550.4,411.24,3520868
2015-11-16,541.83,547.0,533.6,540.1,403.54,6808334
2015-11-17,540.0,541.45,526.0,530.75,396.56,7184106
2015-11-18,520.5,522.58,505.62,510.0,381.05,10125252
2015-11-19,515.12,526.0,511.9,523.9,391.44,8539622
2015-11-20,524.0,531.6,521.03,526.2,393.16,6082978
2015-11-23,525.0,531.2,519.0,526.85,393.64,5616350
2015-11-24,525.0,525.4,518.5,520.58,388.95,4325802
2015-11-26,520.47,529.75,520.03,526.2,393.16,9853968
2015-11-27,529.0,535.0,522.5,533.17,398.37,5142478
2015-11-30,535.0,549.15,528.1,543.95,406.42,18105534
2015-12-01,544.0,547.5,536.47,539.5,403.09,5898550
2015-12-02,539.97,539.97,529.5,530.35,396.26,6397616
2015-12-03,530.5,532.4,524.53,528.88,395.16,5504726
2015-12-04,524.5,532.45,520.05,524.53,391.91,8375530
2015-12-07,527.65,529.5,520.0,523.12,390.86,4513870
2015-12-08,522.53,531.38,519.65,522.2,390.17,5724372
2015-12-09,521.5,523.47,511.27,514.1,384.12,6818254
2015-12-10,518.3,525.8,515.15,523.67,391.27,5587746
2015-12-11,527.0,530.95,522.95,526.4,393.31,5390198
2015-12-14,524.75,536.58,524.03,534.75,399.55,4816672
2015-12-15,536.62,539.55,529.4,538.78,402.55,5431808
2015-12-16,541.7,549.0,541.7,547.92,409.39,5495852
2015-12-17,550.0,554.9,544.0,553.55,413.59,4958782
2015-12-18,551.7,551.7,539.72,541.58,404.65,7219820
2015-12-21,538.5,553.7,532.97,551.72,412.23,4331012
2015-12-22,548.72,548.72,540.05,541.88,404.87,4109254
2015-12-23,547.53,551.25,543.53,550.42,411.26,2870928
2015-12-24,551.03,552.22,545.05,548.17,409.58,1230054
2015-12-28,545.0,555.0,545.0,552.38,412.71,5526952
2015-12-29,550.62,555.0,548.65,552.35,412.7,3345062
2015-12-30,550.55,553.3,541.5,543.15,405.82,5153970
2015-12-31,545.08,554.97,543.5,552.7,412.96,7943938
2016-01-01,550.0,554.47,546.6,552.62,412.9,1806550
2016-01-04,549.97,551.22,538.03,539.45,403.06,3975362
2016-01-05,542.75,542.75,531.12,537.03,401.25,4949786
2016-01-06,537.33,537.33,529.45,534.67,399.49,5588328
2016-01-07,530.03,533.95,523.95,525.4,392.56,5294088
2016-01-08,530.75,533.7,527.75,531.65,397.23,3156716
2016-01-11,528.15,534.97,526.05,527.85,394.39,5360622
2016-01-12,531.0,531.47,515.42,524.97,392.24,6565212
2016-01-13,528.5,545.5,524.05,541.7,404.74,8751294
2016-01-14,533.0,577.5,527.17,566.5,423.27,30227006
2016-01-15,574.0,582.0,568.78,569.95,425.85,13036614
2016-01-18,569.95,581.05,564.17,565.95,422.86,10066612
2016-01-19,567.5,579.47,564.28,569.83,425.75,7500436
2016-01-20,567.0,580.0,558.5,560.62,418.88,7507998
2016-01-21,567.5,571.25,561.0,568.53,424.78,6743000
2016-01-22,574.05,576.25,565.5,568.12,424.48,6436018
2016-01-25,570.12,573.42,562.28,568.83,425.01,4579262
2016-01-27,573.22,574.8,567.5,569.25,425.32,6971962
2016-01-28,568.0,571.3,563.1,564.8,422.0,7788598
2016-01-29,569.0,585.0,565.8,582.45,435.19,10232108
2016-02-01,585.0,589.95,580.8,586.67,438.34,4251126
2016-02-02,588.42,595.0,582.0,587.78,439.16,7632702
2016-02-03,583.9,587.95,576.38,578.85,432.5,5245966
2016-02-04,580.03,597.47,580.03,589.88,440.73,5549346
2016-02-05,587.75,593.33,585.92,587.35,438.85,3984224
2016-02-08,581.88,586.1,571.9,575.4,429.92,4221044
2016-02-09,564.15,564.15,546.75,553.83,413.8,7579572
2016-02-10,554.0,563.75,552.5,554.28,414.13,5866054
2016-02-11,555.5,556.5,535.58,539.33,402.96,5214378
2016-02-12,547.35,552.2,533.5,542.33,405.21,7408096
2016-02-15,548.12,550.1,543.3,545.88,407.86,5093478
2016-02-16,543.5,546.38,536.85,539.58,403.15,5125448
2016-02-17,540.88,551.5,538.5,548.92,410.14,4164598
2016-02-18,550.0,563.5,550.0,561.7,419.68,4189072
2016-02-19,559.6,567.1,556.92,563.62,421.12,3974018
2016-02-22,565.5,566.97,557.03,563.33,420.9,3857010
2016-02-23,565.12,566.25,558.03,561.95,419.87,2501960
2016-02-24,559.75,571.88,559.17,562.67,420.41,4950714
2016-02-25,562.7,565.3,550.55,555.15,414.79,4484528
2016-02-26,560.08,566.0,558.0,560.58,418.84,4235636
2016-02-29,564.75,565.2,534.15,542.03,404.98,8166076
2016-03-01,547.4,565.15,547.4,562.72,420.45,6386154
2016-03-02,568.53,581.75,562.5,578.0,431.86,7214898
2016-03-03,584.0,596.42,577.0,584.65,436.83,5814304
2016-03-04,587.8,592.5,579.55,585.33,437.33,4281680
2016-03-08,581.5,595.25,573.7,581.72,434.64,7617746
2016-03-09,572.5,591.88,571.47,589.25,440.27,6305782
2016-03-10,581.45,581.45,569.67,571.25,426.82,24381016
2016-03-11,573.1,577.97,569.1,571.5,427.0,4058548
2016-03-14,573.0,577.12,569.25,570.6,426.33,4174262
2016-03-15,572.0,577.25,564.47,567.2,423.79,6720258
2016-03-16,570.95,577.5,565.78,576.22,430.53,5588850
2016-03-17,578.45,584.88,577.03,580.88,434.01,6474622
2016-03-18,581.4,599.5,581.0,596.7,445.83,8477422
2016-03-21,594.0,599.5,590.03,597.45,446.39,5138392
2016-03-22,595.62,597.0,586.0,594.97,444.54,7097950
2016-03-23,595.0,605.35,591.05,603.9,451.21,6333176
2016-03-28,616.2,618.5,597.88,602.45,450.13,10787510
2016-03-29,599.5,609.45,595.78,598.62,447.27,6995356
2016-03-30,598.8,605.0,597.78,602.97,450.52,5756818
2016-03-31,605.12,614.95,600.15,609.15,455.13,17996320
2016-04-01,608.0,611.1,597.55,602.72,450.33,5511428
2016-04-04,606.78,624.0,606.78,621.85,464.62,4577054
2016-04-05,621.0,621.15,607.0,609.9,455.7,4790716
2016-04-06,614.0,614.0,598.0,600.35,448.56,4931354
2016-04-07,604.2,604.2,587.5,590.75,441.39,5657890
2016-04-08,587.92,588.75,581.03,582.88,435.5,4195578
2016-04-11,582.9,593.38,575.55,591.95,442.28,5768678
2016-04-12,590.25,597.45,589.3,591.1,441.65,5842138
2016-04-13,597.47,597.47,583.17,586.35,438.1,12511386
2016-04-18,625.0,633.95,616.75,619.35,462.76,25015990
2016-04-20,622.0,623.22,612.9,621.8,464.59,8072848
2016-04-21,625.5,625.5,609.05,613.15,458.12,5441100
2016-04-22,613.15,614.25,603.5,605.62,452.5,5143938
2016-04-25,606.03,612.4,600.55,607.92,454.22,5364134
2016-04-26,607.72,619.78,604.3,616.08,460.31,5846744
2016-04-27,614.6,621.17,614.28,620.08,463.3,4486208
2016-04-28,615.5,619.8,603.5,604.58,451.72,12165168
2016-04-29,605.72,611.78,602.5,604.05,451.32,5036410
2016-05-02,605.0,605.58,598.08,600.53,448.69,3615250
2016-05-03,601.38,606.1,585.9,588.9,440.0,6824810
2016-05-04,590.5,596.5,585.33,594.42,444.13,5812842
2016-05-05,597.58,599.5,590.55,596.22,445.48,6302668
2016-05-06,594.9,594.9,588.53,590.75,441.39,2596720
2016-05-09,591.0,600.78,590.3,599.53,447.94,5123678
2016-05-10,601.25,608.33,598.3,606.4,453.08,3395704
2016-05-11,599.25,607.35,596.25,600.92,448.99,3709888
2016-05-12,601.95,606.5,598.4,605.0,452.03,3406932
2016-05-13,603.0,605.0,596.08,603.62,451.01,5652064
2016-05-16,605.1,611.83,602.5,607.5,453.9,4533878
2016-05-17,610.0,612.88,604.08,607.12,453.62,3796294
2016-05-18,599.5,607.0,598.95,604.92,451.98,4256596
2016-05-19,605.47,608.08,600.5,602.88,450.45,3954400
2016-05-20,602.5,609.75,600.0,600.8,448.9,3994548
2016-05-23,601.7,602.58,592.5,594.0,443.82,4585946
2016-05-24,595.53,595.88,588.8,593.88,443.72,3485060
2016-05-25,597.05,606.55,597.05,604.33,451.53,3857396
2016-05-26,605.05,619.9,605.05,617.08,461.06,6136436
2016-05-27,615.8,629.75,615.8,623.75,466.04,6180764
2016-05-30,620.75,636.0,620.75,633.8,473.55,5285700
2016-05-31,632.5,633.38,619.5,624.33,466.47,13782038
2016-06-01,623.03,634.25,623.0,629.1,470.04,4840534
2016-06-02,627.5,637.45,627.0,630.78,471.29,5053552
2016-06-03,630.03,639.65,630.03,633.45,473.29,3998380
2016-06-06,632.45,638.5,630.55,633.38,473.23,4225768
2016-06-07,633.5,636.25,627.55,628.7,469.74,5692420
2016-06-08,631.97,631.97,617.67,619.05,462.53,8741370
2016-06-09,613.12,613.12,590.03,592.75,448.04,12740804
2016-06-10,587.7,595.0,585.05,590.3,446.19,6383956
2016-06-13,588.4,592.45,583.0,590.45,446.3,5286722
2016-06-14,591.2,591.2,583.62,587.5,444.07,2940728
2016-06-15,591.85,596.33,589.53,594.97,449.72,6711572
2016-06-16,594.75,594.75,585.05,593.0,448.23,5302564
2016-06-17,594.5,596.38,587.55,589.75,445.77,8515082
2016-06-20,590.5,605.9,589.85,604.38,456.83,6229566
2016-06-21,605.6,607.4,597.83,603.05,455.82,4761724
2016-06-22,602.0,605.97,594.08,599.75,453.33,3031258
2016-06-23,598.65,607.42,596.67,605.8,457.9,3828626
2016-06-24,594.0,599.5,580.0,597.28,451.46,7808348
2016-06-27,586.03,591.6,580.0,583.1,440.74,5583778
2016-06-28,581.4,586.25,577.55,579.58,438.08,7655974
2016-06-29,584.5,589.95,580.1,588.42,444.77,5459150
2016-06-30,590.25,592.25,583.97,585.4,442.48,9346224
2016-07-01,590.0,590.0,585.05,586.2,443.09,3991912
2016-07-04,588.1,597.3,588.1,591.97,447.45,5381322
2016-07-05,592.5,593.75,585.53,587.72,444.24,3596416
2016-07-07,584.35,585.5,577.5,578.62,437.36,5954876
2016-07-08,581.5,583.5,576.75,579.1,437.72,5551648
2016-07-11,583.7,589.35,580.0,587.53,444.09,6668882
2016-07-12,590.0,590.17,584.0,588.28,444.66,6197368
2016-07-13,590.0,597.9,587.6,596.9,451.18,5275420
2016-07-14,597.5,598.03,582.0,588.12,444.54,7413328
2016-07-15,594.75,594.95,526.0,536.28,405.35,61484126
2016-07-18,538.62,542.45,527.58,540.97,408.9,14332824
2016-07-19,544.3,545.0,537.05,543.47,410.79,10404644
2016-07-20,535.0,544.95,535.0,541.55,409.34,9822896
2016-07-21,539.5,543.6,537.8,539.95,408.13,8668002
2016-07-22,535.0,539.95,533.35,536.22,405.31,9386538
2016-07-25,531.5,541.62,531.5,540.42,408.49,8469552
2016-07-26,535.17,544.95,535.17,544.35,411.45,7189610
2016-07-27,542.35,548.25,539.28,542.67,410.19,7431820
2016-07-28,542.7,543.47,537.03,538.75,407.22,11258562
2016-07-29,536.3,538.38,533.25,536.92,405.84,8156784
2016-08-01,535.75,543.92,534.17,542.62,410.15,9096662
2016-08-02,539.95,542.5,537.5,541.9,409.6,6822502
2016-08-03,542.83,543.25,535.15,542.45,410.02,7213460
2016-08-04,543.2,543.45,535.03,535.9,405.07,4237278
2016-08-05,536.0,536.72,530.0,534.0,403.63,5609968
2016-08-08,534.5,540.5,531.28,539.35,407.68,4643064
2016-08-09,538.5,542.25,535.75,541.7,409.45,7192664
2016-08-10,538.0,543.95,537.6,541.17,409.05,5576454
2016-08-11,540.85,547.5,537.62,538.67,407.16,5038552
2016-08-12,537.53,539.4,530.0,531.28,401.57,7449928
2016-08-16,521.0,529.03,514.0,525.9,397.51,16429408
2016-08-17,524.97,526.33,515.25,516.65,390.52,6599316
2016-08-18,518.25,519.55,510.75,511.7,386.78,8434000
2016-08-19,515.0,519.5,509.23,510.65,385.98,5686016
2016-08-22,509.0,515.0,504.55,507.73,383.77,10253518
2016-08-23,510.05,521.0,510.05,519.83,392.92,7406138
2016-08-24,523.5,531.03,523.5,528.7,399.63,6129966
2016-08-25,527.5,528.8,516.05,518.08,391.59,4796562
2016-08-26,518.0,523.0,508.52,510.12,385.58,6881054
2016-08-29,508.8,515.0,505.5,511.4,386.55,5220282
2016-08-30,516.22,522.5,512.5,520.2,393.2,4375438
2016-08-31,518.55,522.88,513.9,517.92,391.48,11139814
2016-09-01,519.0,520.22,516.0,518.78,392.12,2877826
2016-09-02,519.53,520.0,513.1,515.92,389.97,3332592
2016-09-06,519.12,524.45,517.8,522.5,394.94,8215044
2016-09-07,524.0,529.5,522.0,527.17,398.47,7425470
2016-09-08,522.5,522.5,512.0,518.83,392.16,9092774
2016-09-09,518.5,520.5,513.28,517.75,391.35,5053438
2016-09-12,512.62,529.0,512.62,527.0,398.34,6203096
2016-09-14,526.97,528.9,520.33,522.8,395.17,5152418
2016-09-15,522.8,523.4,517.67,521.1,393.88,4701722
2016-09-16,524.5,532.25,519.05,530.08,400.66,9949384
2016-09-19,523.0,534.45,520.67,530.6,401.06,5809154
2016-09-20,526.65,528.58,522.88,525.08,396.89,4214004
2016-09-21,527.0,530.62,525.53,527.88,399.0,4231532
2016-09-22,529.5,530.5,526.0,529.4,400.15,3629514
2016-09-23,528.5,529.4,520.0,521.28,394.01,5205294
2016-09-26,521.38,522.0,515.5,517.95,391.5,6371798
2016-09-27,517.53,524.95,516.67,519.88,392.95,6525660
2016-09-28,520.0,521.15,516.62,519.47,392.65,5434708
2016-09-29,522.47,522.47,512.0,514.6,388.97,8902638
2016-09-30,515.55,521.95,515.55,518.03,391.56,6502354
2016-10-03,517.75,520.0,513.05,519.05,392.33,3656160
2016-10-04,520.0,525.7,519.15,524.6,396.53,5066586
2016-10-05,524.6,524.92,518.5,520.75,393.62,2307574
2016-10-06,522.5,522.5,512.97,513.7,388.29,3721882
2016-10-07,514.97,516.9,505.05,506.27,382.67,6288558
2016-10-10,508.5,515.88,505.0,514.97,389.25,5413170
2016-10-13,510.7,529.0,510.7,526.17,397.72,9778690
2016-10-14,526.45,541.35,498.12,513.58,388.19,33461690
2016-10-17,517.47,520.9,508.67,511.2,386.4,8014858
2016-10-18,515.0,520.25,513.65,519.53,392.69,6388134
2016-10-19,521.0,522.85,518.0,520.9,393.73,3509836
2016-10-20,522.38,525.35,516.9,518.33,391.78,3535490
2016-10-21,517.5,520.5,511.25,519.15,396.62,3863620
2016-10-24,518.75,521.35,512.75,513.55,392.34,2902974
2016-10-25,518.25,519.45,507.6,508.6,388.56,5636014
2016-10-26,508.5,509.92,504.65,507.1,387.41,2775216
2016-10-27,508.95,508.98,500.55,501.75,383.32,7227790
2016-10-28,502.6,505.0,496.58,498.75,381.03,5840706
2016-11-01,503.4,503.4,493.2,494.73,377.96,6332798
2016-11-02,492.4,493.75,490.0,490.52,374.75,5377194
2016-11-03,490.52,491.0,482.55,483.42,369.32,5225108
2016-11-04,483.5,489.6,480.5,485.5,370.91,6005548
2016-11-07,492.5,493.0,487.5,488.98,373.56,4537672
2016-11-08,493.45,493.88,485.3,491.3,375.34,5261108
2016-11-09,465.0,487.3,450.5,479.15,366.06,12764158
2016-11-10,481.25,481.25,467.5,469.7,358.84,7287330
2016-11-11,470.0,472.5,459.35,460.77,352.02,7096782
2016-11-15,462.0,469.98,454.27,461.77,352.78,9235850
2016-11-16,465.0,478.42,464.27,470.45,359.41,12222616
2016-11-17,467.12,474.5,463.2,464.9,355.17,5706730
2016-11-18,465.0,466.62,458.75,460.0,351.43,6040228
2016-11-21,463.45,463.45,453.48,455.55,348.03,7940568
2016-11-22,458.45,464.33,455.83,457.1,349.21,5483126
2016-11-23,461.05,461.45,456.23,460.12,351.52,8251786
2016-11-24,464.1,469.95,461.65,465.15,355.36,16780644
2016-11-25,465.23,492.5,465.23,488.75,373.39,12631380
2016-11-28,489.65,491.73,485.3,489.88,374.25,7365712
2016-11-29,489.4,492.35,483.55,486.3,371.52,6125506
2016-11-30,486.5,488.5,480.52,487.77,372.65,8500918
2016-12-01,488.0,491.77,483.5,487.8,372.66,4611590
2016-12-02,482.4,484.8,480.55,482.25,368.42,4453228
2016-12-05,482.95,484.3,479.0,480.83,367.34,3659576
2016-12-06,480.9,489.75,480.83,483.25,369.19,3562110
2016-12-07,484.0,486.5,480.1,483.2,369.15,3385980
2016-12-08,485.02,493.05,485.02,492.33,376.12,5941662
2016-12-09,492.5,504.08,490.75,494.67,377.92,8648384
2016-12-12,491.4,491.4,482.6,488.67,373.33,5345020
2016-12-13,490.25,496.42,485.55,495.1,378.24,4854282
2016-12-14,495.5,502.48,492.05,499.88,381.89,5382614
2016-12-15,498.7,509.48,494.5,496.17,379.06,7966416
2016-12-16,501.9,504.85,498.88,502.58,383.95,6436742
2016-12-19,503.05,504.12,497.05,502.33,383.76,4124134
2016-12-20,501.0,509.5,500.65,506.08,386.63,7636498
2016-12-21,508.0,511.0,499.12,500.77,382.58,7343976
2016-12-22,501.25,503.5,484.75,492.35,376.14,7060054
2016-12-23,492.45,503.3,486.8,494.23,377.57,7306036
2016-12-26,494.0,497.0,487.55,491.38,375.4,3213828
2016-12-27,491.38,500.95,490.0,499.48,381.58,4912816
2016-12-28,501.48,504.9,497.5,499.25,381.41,5476816
2016-12-29,501.88,504.0,494.08,496.17,379.06,6240124
2016-12-30,499.0,506.0,496.38,505.3,386.03,7267768
2017-01-02,505.55,506.48,499.67,500.55,382.41,2335222
2017-01-03,502.05,502.45,491.0,496.92,379.64,6778482
2017-01-04,497.52,502.1,496.12,498.88,381.13,7073586
2017-01-05,500.8,504.75,494.38,498.08,380.51,8207074
2017-01-06,497.45,499.42,484.02,486.12,371.39,14393448
2017-01-09,486.12,488.48,482.5,485.17,370.66,10545692
2017-01-10,488.5,490.5,483.98,485.27,370.74,11939854
2017-01-11,487.1,489.23,481.98,484.55,370.18,12241574
2017-01-12,488.77,502.2,488.77,500.02,382.0,11855740
2017-01-13,515.0,520.0,481.35,487.9,372.74,31276246
2017-01-16,482.5,482.73,476.23,477.83,365.04,12351372
2017-01-17,478.12,482.0,476.2,477.7,364.95,5560094
2017-01-18,479.05,480.5,474.9,475.4,363.19,5952962
2017-01-19,475.5,479.8,474.05,479.05,365.98,8876480
2017-01-20,475.0,476.58,473.0,474.35,362.39,9124742
2017-01-23,472.5,479.0,470.0,476.35,363.92,7948580
2017-01-24,475.0,475.0,470.05,472.77,361.19,6826010
2017-01-25,473.05,473.4,467.4,468.3,357.77,9978090
2017-01-27,466.92,473.77,450.58,471.08,359.89,10635138
2017-01-30,468.75,475.75,464.42,474.67,362.64,11369208
2017-01-31,470.75,470.75,452.17,464.3,354.71,24068534
2017-02-01,460.55,461.6,452.58,458.38,350.18,11531782
2017-02-02,458.5,472.5,455.05,467.95,357.5,11828268
2017-02-03,466.9,470.45,460.52,468.05,357.58,8423958
2017-02-06,468.62,471.88,465.27,467.62,357.25,6727934
2017-02-07,466.5,474.9,464.27,471.12,359.93,9268002
2017-02-08,468.0,472.05,466.23,468.25,357.73,6319962
2017-02-09,468.5,475.0,468.27,473.0,361.36,11907266
2017-02-10,473.12,486.0,471.65,484.15,369.88,12252452
2017-02-13,486.42,493.05,481.42,492.17,376.01,13724268
2017-02-14,490.0,494.5,486.17,493.85,377.29,9338818
2017-02-15,494.6,499.4,484.4,490.9,375.03,7259486
2017-02-16,495.5,506.95,495.02,506.05,386.61,12815858
2017-02-17,506.88,506.88,496.35,500.05,382.02,4851208
2017-02-20,498.25,515.5,496.75,505.12,385.9,4650662
2017-02-21,511.05,512.25,500.02,506.8,387.18,7613996
2017-02-22,507.5,507.5,493.2,495.08,378.22,6607838
2017-02-23,499.45,510.0,496.67,504.42,385.37,9542656
2017-02-27,503.65,511.5,503.48,506.2,386.72,5328696
2017-02-28,505.92,511.35,504.62,506.2,386.72,5940132
2017-03-01,506.0,513.5,505.05,512.58,391.59,4282448
2017-03-02,512.2,514.0,508.25,511.65,390.89,2948498
2017-03-03,505.12,517.15,500.2,515.6,393.9,5401612
2017-03-06,510.02,517.97,509.85,516.95,394.93,5286386
2017-03-07,511.0,512.9,507.35,509.9,389.55,4644496
2017-03-08,508.45,508.45,502.23,503.9,384.96,6179176
2017-03-09,503.9,506.5,499.5,505.77,386.4,3480630
2017-03-10,507.5,513.83,506.7,510.92,390.33,4550324
2017-03-14,511.4,520.95,511.4,517.4,395.28,7878396
2017-03-15,517.45,517.45,503.75,505.98,386.55,6373978
2017-03-16,506.65,515.85,506.65,514.42,393.01,6702956
2017-03-17,517.7,521.45,509.62,520.15,397.38,9507846
2017-03-20,513.28,513.28,507.55,510.75,390.2,4427388
2017-03-21,510.45,517.47,509.4,516.42,394.53,4869584
2017-03-22,511.23,519.97,510.2,513.85,392.57,3990852
2017-03-23,514.12,521.5,513.3,520.22,397.44,4501662
2017-03-24,519.0,522.0,513.85,515.7,393.98,4883896
2017-03-27,513.6,520.92,512.25,514.42,393.01,7684824
2017-03-28,515.75,519.5,515.03,517.58,395.41,4796796
2017-03-29,517.15,520.75,512.92,515.92,394.15,6981186
2017-03-30,517.0,517.95,510.12,512.75,391.73,12157180
2017-03-31,511.62,514.65,504.0,511.12,390.48,14153854
2017-04-03,516.08,516.22,503.05,504.4,385.35,4315600
2017-04-05,502.5,502.7,495.5,497.98,380.44,7398338
2017-04-06,499.08,502.9,496.0,499.8,381.83,5379008
2017-04-07,500.45,500.45,489.5,490.77,374.94,6404508
2017-04-10,492.45,494.75,475.05,476.7,364.18,9528472
2017-04-11,478.02,485.85,478.02,483.58,369.44,8655466
2017-04-12,485.0,488.45,480.17,484.42,370.09,6696752
2017-04-13,485.0,495.0,463.33,465.7,355.78,30973188
2017-04-17,465.0,466.05,461.75,462.45,353.3,7213434
2017-04-18,462.38,467.0,459.55,461.33,352.44,4647518
2017-04-19,461.5,465.0,456.33,459.6,351.12,10071702
2017-04-20,460.75,464.85,459.27,463.65,354.21,4549000
2017-04-21,467.4,467.4,460.55,461.85,352.84,3577466
2017-04-24,458.75,464.25,456.5,463.27,353.93,5556666
2017-04-25,462.95,466.5,460.27,464.67,355.0,4737060
2017-04-26,464.98,467.77,455.1,457.12,349.23,9084496
2017-04-27,458.0,464.5,458.0,462.62,353.43,7797208
2017-04-28,463.42,463.7,457.8,459.48,351.03,5029702
2017-05-02,462.0,463.2,457.55,461.3,352.42,3231126
2017-05-03,463.25,469.55,458.83,467.15,356.89,4659448
2017-05-04,468.5,469.83,464.45,468.83,358.17,5279806
2017-05-05,468.0,468.67,460.0,465.75,355.82,4432788
2017-05-08,469.0,474.27,466.0,472.75,361.17,4707098
2017-05-09,475.3,475.98,471.05,473.33,361.61,5649372
2017-05-10,473.58,475.0,468.58,471.83,360.46,3364302
2017-05-11,473.42,474.92,468.77,472.05,360.63,3229482
2017-05-12,476.5,483.0,475.73,482.12,368.33,10979996
2017-05-15,481.75,481.75,474.55,475.77,363.48,7297164
2017-05-16,476.55,480.08,473.48,477.5,364.8,6130168
2017-05-17,475.8,479.23,471.92,476.4,363.96,2915508
2017-05-18,471.5,486.95,471.42,480.88,367.37,8057848
2017-05-19,480.75,481.35,473.92,478.98,365.92,4257396
2017-05-22,479.2,483.45,478.27,480.73,367.26,5503052
2017-05-23,482.33,483.5,477.05,478.65,365.67,4039982
2017-05-24,480.0,482.75,474.8,477.4,364.72,5636286
2017-05-25,480.5,493.3,480.5,491.65,375.61,10438514
2017-05-26,493.5,500.0,490.3,497.85,380.34,4988004
2017-05-29,495.45,498.35,487.85,492.58,376.31,6308434
2017-05-30,491.0,500.0,489.33,498.1,380.53,3716910
2017-05-31,496.77,496.77,487.42,488.52,373.22,7763900
2017-06-01,484.65,489.85,479.27,485.7,376.75,5508606
2017-06-02,486.7,487.73,482.1,484.73,375.99,3917966
2017-06-05,485.0,486.0,478.52,479.38,371.84,5462698
2017-06-06,482.5,493.75,482.2,489.67,379.83,7008686
2017-06-07,492.5,494.45,472.5,480.65,372.83,12455046
2017-06-08,481.48,481.48,474.08,478.23,370.95,6195352
2017-06-09,469.27,475.48,461.5,474.3,367.91,14757662
2017-06-12,471.67,482.6,470.05,481.92,373.82,8591676
2017-06-13,476.75,481.48,475.8,478.9,371.47,4937794
2017-06-14,480.0,480.95,475.6,479.3,371.78,7438110
2017-06-15,479.83,483.98,474.8,476.05,369.26,5528062
2017-06-16,474.55,476.92,468.0,470.12,364.67,10948450
2017-06-19,469.98,470.12,464.0,464.92,360.63,6855860
2017-06-20,467.5,473.45,467.02,471.77,365.95,5184396
2017-06-21,472.5,474.5,468.02,471.67,365.87,3735864
2017-06-22,473.85,484.35,467.55,470.08,364.63,9465242
2017-06-23,472.5,474.58,469.0,471.62,365.83,6403018
2017-06-27,472.5,474.0,461.88,463.52,359.55,6904660
2017-06-28,466.4,466.5,460.5,462.35,358.64,5905224
2017-06-29,465.1,473.98,463.3,465.1,360.77,15914040
2017-06-30,465.4,469.0,464.5,467.77,362.84,4216700
2017-07-03,470.55,477.5,467.3,475.95,369.19,5088924
2017-07-04,476.92,485.0,474.7,481.08,373.16,5167726
2017-07-05,479.5,479.5,472.7,475.45,368.8,4226228
2017-07-06,472.5,478.5,472.1,473.5,367.28,3829720
2017-07-07,471.92,472.73,466.52,467.7,362.79,5776886
2017-07-10,471.6,479.9,470.0,478.52,371.18,1464376
2017-07-11,478.33,494.75,478.33,487.67,378.28,11539708
2017-07-12,487.48,490.75,484.38,486.17,377.12,6275976
2017-07-13,488.62,491.73,482.05,488.52,378.94,5170392
2017-07-14,499.73,503.42,483.02,486.02,377.0,22478180
2017-07-17,487.5,496.0,487.0,492.02,381.65,7698250
2017-07-18,493.02,502.4,490.55,492.8,382.26,8260180
2017-07-19,490.73,494.33,484.55,489.92,380.03,5890278
2017-07-20,489.65,489.92,483.48,484.73,375.99,6809740
2017-07-21,486.5,491.27,485.7,490.05,380.12,5980754
2017-07-24,491.75,497.0,491.3,495.27,384.18,6129176
2017-07-25,495.0,499.5,493.1,496.92,385.45,7145614
2017-07-26,499.05,499.5,495.2,497.02,385.53,6870024
2017-07-27,498.0,502.0,483.4,485.52,376.61,12676852
2017-07-28,488.0,501.5,481.15,498.67,386.81,11098428
2017-07-31,495.95,510.85,493.38,505.6,392.18,19158248
2017-08-01,505.5,508.5,499.17,502.77,389.99,7689398
2017-08-02,503.0,506.38,493.6,496.67,385.26,4257584
2017-08-03,495.5,499.38,490.12,492.0,381.63,4640348
2017-08-04,494.0,494.5,488.02,491.88,381.54,5349018
2017-08-07,491.75,491.88,482.85,484.12,375.53,6073744
2017-08-08,484.25,485.12,477.52,481.92,373.82,6004648
2017-08-09,483.83,486.95,482.27,484.67,375.95,3922410
2017-08-10,484.95,493.75,484.67,490.62,380.57,9140684
2017-08-11,488.0,498.5,484.8,493.85,383.07,6544156
2017-08-14,494.0,494.6,488.58,490.73,380.65,3816470
2017-08-16,491.0,493.05,484.5,487.6,378.22,6178080
2017-08-17,502.5,514.62,499.02,510.42,395.93,25784260
2017-08-18,508.95,508.95,442.1,461.62,358.07,164404960
2017-08-21,462.0,462.0,435.0,436.7,338.74,90407176
2017-08-22,447.6,448.52,430.0,437.7,339.52,49242598
2017-08-23,440.0,451.85,436.95,446.4,346.26,61284190
2017-08-24,455.0,459.12,451.17,456.08,353.77,42380524
2017-08-28,471.98,476.98,469.0,470.5,364.96,40712108
2017-08-29,470.73,471.0,462.77,463.73,359.7,13369392
2017-08-30,468.6,469.5,462.05,463.33,359.39,16149664
2017-08-31,464.4,464.48,456.45,457.48,354.85,15022452
2017-09-01,457.98,462.95,455.0,459.98,356.79,8433922
2017-09-04,460.5,460.55,446.75,450.1,349.13,10177108
2017-09-05,451.0,452.5,448.62,450.95,349.79,9783392
2017-09-06,450.0,450.15,445.0,447.8,347.35,7735910
2017-09-07,450.0,450.25,446.17,447.88,347.41,6241192
2017-09-08,449.5,449.5,441.05,442.15,342.97,8604542
2017-09-11,445.2,445.9,436.83,439.35,340.8,13787642
2017-09-12,441.27,443.88,439.4,442.02,342.87,17241354
2017-09-13,442.75,443.8,440.5,441.88,342.75,11478228
2017-09-14,442.25,448.3,440.8,446.2,346.11,13698006
2017-09-15,446.15,456.62,446.1,454.12,352.26,13459460
2017-09-18,455.0,458.88,453.15,454.55,352.59,8475860
2017-09-19,454.0,458.0,451.75,456.12,353.81,6033330
2017-09-20,458.5,458.5,453.73,456.35,353.98,5767830
2017-09-21,457.5,457.62,454.08,454.77,352.76,8204152
2017-09-22,454.08,455.12,444.0,449.15,348.4,17604088
2017-09-25,450.5,450.98,444.55,447.67,347.25,9088700
2017-09-26,448.5,454.2,447.15,452.95,351.34,7366478
2017-09-27,453.05,453.95,447.55,449.9,348.98,6000138
2017-09-28,448.05,451.95,447.15,448.0,347.5,17537266
2017-09-29,449.0,451.2,447.5,449.95,349.02,5705832
2017-10-03,455.05,456.0,450.8,451.77,350.43,4947522
2017-10-04,451.5,452.7,448.58,449.8,348.9,4991492
2017-10-05,450.0,452.48,449.5,451.52,350.24,8611300
2017-10-06,452.0,461.0,451.98,460.08,356.87,8574308
2017-10-09,460.0,464.5,457.0,461.95,358.33,3504832
2017-10-10,469.98,469.98,464.77,467.73,362.81,7143220
2017-10-11,467.73,469.0,464.0,465.35,360.96,5982504
2017-10-12,465.0,467.17,459.77,463.65,359.64,10280972
2017-10-13,466.4,466.75,463.77,465.05,360.73,7180728
2017-10-16,467.98,471.0,466.5,469.5,364.18,5758750
2017-10-17,468.4,468.4,464.75,465.25,360.89,5625102
2017-10-18,464.45,465.0,461.48,462.17,358.5,7231852
2017-10-19,465.0,466.0,462.6,463.48,359.51,1091434
2017-10-23,465.0,471.0,464.05,469.75,364.38,9154096
2017-10-24,473.0,473.33,460.8,463.25,359.33,14529328
2017-10-25,459.5,472.35,457.62,467.65,362.75,13984134
2017-10-26,471.0,475.9,470.05,473.67,367.42,33659258
2017-10-27,477.5,478.85,472.0,473.17,367.03,8524956
2017-10-30,477.33,477.33,470.52,472.05,366.16,12968326
2017-10-31,462.5,465.0,460.0,460.92,362.52,9954988
2017-11-01,462.5,464.7,461.65,463.52,364.57,5633134
2017-11-02,461.52,463.0,460.0,461.45,362.94,4686138
2017-11-03,458.5,464.95,458.48,463.33,364.41,3699086
2017-11-06,461.58,467.5,461.33,464.35,365.22,5066534
2017-11-07,463.12,480.0,462.92,477.75,375.76,13442820
2017-11-08,480.12,480.92,473.75,476.15,374.5,5369994
2017-11-09,476.5,481.5,474.12,477.25,375.36,4723232
2017-11-10,479.4,482.17,475.0,481.02,378.33,6589428
2017-11-13,481.02,484.7,474.67,475.98,374.36,5021216
2017-11-14,475.98,477.42,471.62,474.55,373.24,5733710
2017-11-15,472.58,476.75,472.25,475.9,374.3,7023516
2017-11-16,475.9,497.95,474.25,494.2,388.69,15687502
2017-11-17,492.75,492.75,482.58,485.48,381.83,8057670
2017-11-20,484.5,485.5,478.62,480.27,377.74,5661190
2017-11-21,480.65,485.75,480.02,483.12,379.98,5364656
2017-11-22,483.3,485.52,481.65,483.15,380.0,6084920
2017-11-23,485.75,497.23,484.5,495.62,389.81,11894618
2017-11-24,495.45,509.65,495.1,504.77,397.01,18619912
2017-11-27,503.35,503.35,496.65,499.38,392.76,6017730
2017-11-28,497.2,499.95,490.65,492.35,387.24,4616868
2017-11-29,493.83,495.98,490.15,491.35,386.45,3838070
2017-11-30,494.73,494.73,484.17,488.05,383.86,17266944
2017-12-01,489.7,491.6,478.52,479.4,377.05,4085000
2017-12-04,490.0,498.4,484.27,492.67,387.49,17811606
2017-12-05,492.67,501.5,489.5,492.17,387.1,9976738
2017-12-06,492.5,497.05,492.0,495.15,389.44,7490094
2017-12-07,494.5,501.45,492.8,499.9,393.18,7549544
2017-12-08,500.5,503.5,497.5,500.92,393.98,5983244
2017-12-11,497.48,503.45,496.98,502.65,395.34,5139098
2017-12-12,501.0,507.0,501.0,505.25,397.38,9320434
2017-12-13,505.45,509.5,498.83,501.88,394.73,5362398
2017-12-14,502.62,507.5,499.65,506.55,398.41,6023572
2017-12-15,506.5,513.2,505.92,511.45,402.26,10384134
2017-12-18,505.95,515.35,502.9,508.3,399.78,4035448
2017-12-19,508.73,508.98,499.77,501.98,394.81,7118898
2017-12-20,502.55,509.3,500.5,507.92,399.49,4186326
2017-12-21,507.4,514.47,499.2,511.02,401.93,11059162
2017-12-22,508.0,522.4,508.0,519.67,408.73,12906940
2017-12-26,515.0,520.75,511.5,517.8,407.26,10808906
2017-12-27,514.0,519.55,513.7,517.12,406.72,6970172
2017-12-28,515.0,520.0,511.9,516.62,406.33,8433472
2017-12-29,515.05,524.4,515.0,521.03,409.79,6601768
2018-01-01,518.85,522.25,515.0,516.78,406.45,5431340
2018-01-02,518.62,521.0,511.5,514.85,404.93,6112248
2018-01-03,514.25,515.8,509.3,510.65,401.63,6846552
2018-01-04,510.5,510.5,504.8,507.7,399.31,8947614
2018-01-05,507.65,513.2,503.0,506.0,397.97,11025976
2018-01-08,512.45,519.5,510.02,518.03,407.43,5594690
2018-01-09,520.0,522.45,514.45,520.67,409.52,9948236
2018-01-10,523.4,528.0,516.53,526.12,413.8,9468634
2018-01-11,527.62,541.7,527.62,537.9,423.06,16775298
2018-01-12,542.9,542.95,535.28,539.22,424.11,18016528
2018-01-15,540.0,546.47,532.55,540.58,425.17,10649250
2018-01-16,540.62,567.4,540.62,561.42,441.57,22646966
2018-01-17,562.42,580.9,561.5,576.05,453.07,26154088
2018-01-18,572.5,582.45,566.05,576.35,453.31,13204970
2018-01-19,572.5,573.95,568.0,571.72,449.67,5988278
2018-01-22,566.08,578.47,566.0,575.0,452.24,9650214
2018-01-23,577.5,594.0,577.5,588.55,462.9,15403796
2018-01-24,587.4,610.53,583.75,592.9,466.32,20604718
2018-01-25,591.0,591.7,581.12,587.7,462.23,13548914
2018-01-29,583.28,598.12,582.6,591.45,465.18,10823002
2018-01-30,589.45,591.55,581.35,585.33,460.36,8628312
2018-01-31,579.58,583.3,571.08,575.12,452.34,9213698
2018-02-01,571.1,578.95,559.28,572.3,450.12,13005454
2018-02-02,567.62,581.45,565.05,571.62,449.59,10244486
2018-02-05,570.0,577.42,567.92,569.1,447.6,9860220
2018-02-06,549.97,564.17,547.58,553.88,435.63,10552078
2018-02-07,558.0,562.4,551.78,554.53,436.14,8342056
2018-02-08,561.4,573.2,558.28,567.12,446.05,8807244
2018-02-09,559.0,560.15,553.0,554.58,436.18,4382690
2018-02-12,557.4,560.3,548.9,551.4,433.68,6291972
2018-02-14,553.0,558.65,545.1,548.88,431.7,8345712
2018-02-15,551.5,564.85,551.5,557.22,438.26,7986736
2018-02-16,562.5,570.83,559.05,564.03,443.61,9889222
2018-02-19,564.2,568.0,560.15,565.88,445.07,6461840
2018-02-20,551.88,574.75,551.88,568.47,447.11,7188594
2018-02-21,573.75,575.95,570.0,573.7,451.22,13771358
2018-02-22,572.78,582.0,570.22,580.38,456.47,17859974
2018-02-23,581.75,583.0,573.38,577.83,454.47,9459828
2018-02-26,575.5,577.53,567.17,569.3,447.76,5083608
2018-02-27,572.47,576.83,562.83,575.1,452.32,6616026
2018-02-28,573.8,594.75,571.28,586.3,461.13,17268416
2018-03-01,584.8,584.8,578.03,580.38,456.47,6579852
2018-03-05,580.38,585.4,571.62,577.95,454.56,8101456
2018-03-06,581.28,582.7,571.8,575.67,452.77,6689734
2018-03-07,577.5,580.0,569.03,572.05,449.92,6370416
2018-03-08,574.5,582.9,574.5,578.33,454.86,6093014
2018-03-09,581.17,583.0,577.78,581.7,457.51,4220964
2018-03-12,588.0,595.92,585.88,592.88,466.3,7676970
2018-03-13,590.1,598.5,587.58,591.9,465.54,8581052
2018-03-14,590.0,595.3,584.55,590.4,464.36,4429710
2018-03-15,590.0,594.2,586.0,591.25,465.02,6101500
2018-03-16,591.0,591.2,584.62,585.95,460.86,17954826
2018-03-19,582.0,590.25,571.33,573.38,450.97,7526620
2018-03-20,574.3,585.0,574.3,582.28,457.97,8553766
2018-03-21,585.0,587.75,581.1,583.75,459.13,7692994
2018-03-22,582.25,588.72,577.65,580.65,456.69,6813168
2018-03-23,573.5,586.9,571.17,583.8,459.16,12008084
2018-03-26,583.45,583.45,572.0,577.62,454.31,8930722
2018-03-27,580.0,580.65,575.05,577.0,453.82,3802088
2018-03-28,575.38,575.38,563.12,565.9,445.09,12558322
2018-04-02,570.5,574.78,560.65,568.58,447.19,8072702
2018-04-03,567.35,571.78,564.05,570.22,448.49,4077168
2018-04-04,572.0,572.28,560.0,562.1,442.1,4813302
2018-04-05,569.78,575.65,564.55,573.78,451.28,7763544
2018-04-06,571.5,573.0,561.05,563.5,443.2,5937742
2018-04-09,562.5,562.9,553.28,555.62,437.0,7202882
2018-04-10,556.0,562.25,552.7,556.7,437.85,8926058
2018-04-11,559.0,565.75,558.25,562.12,442.12,9025574
2018-04-12,564.72,586.38,562.5,581.3,457.2,17044366
2018-04-13,587.0,592.95,575.12,585.72,460.68,21227038
2018-04-16,551.0,570.0,551.0,566.6,445.64,24745084
2018-04-17,563.5,563.7,557.5,562.6,442.49,10397940
2018-04-18,561.42,567.38,556.92,562.97,442.79,10430380
2018-04-19,562.0,569.9,561.55,566.42,445.5,8525542
2018-04-20,569.5,596.85,568.47,589.22,463.43,24272692
2018-04-23,584.0,607.2,577.62,593.85,467.07,21830638
2018-04-24,592.5,598.2,575.05,577.25,454.01,8526216
2018-04-25,576.0,585.5,572.6,580.17,456.31,11594178
2018-04-26,587.0,590.83,580.0,588.22,462.65,11302084
2018-04-27,590.0,595.8,587.1,592.6,466.09,7663370
2018-04-30,590.85,603.97,590.33,599.75,471.71,5511678
2018-05-02,599.45,600.8,590.5,598.53,470.75,10295042
2018-05-03,598.62,602.35,588.05,591.28,465.04,5332230
2018-05-04,592.5,593.0,577.5,586.55,461.33,6023368
2018-05-07,590.62,595.0,587.75,591.5,465.22,4638960
2018-05-08,588.95,588.95,580.53,582.78,458.36,5718556
2018-05-09,583.75,588.45,581.5,585.35,460.38,3783504
2018-05-10,588.0,591.5,581.42,584.0,459.32,3182862
2018-05-11,586.15,591.6,583.03,590.38,464.34,3311706
2018-05-14,592.17,595.75,585.0,594.65,467.7,4432094
2018-05-15,594.05,604.0,594.05,597.28,469.76,5611974
2018-05-16,593.62,599.0,592.25,594.97,467.95,6205004
2018-05-17,598.0,598.72,586.78,591.45,465.18,9519598
2018-05-18,591.5,593.28,586.5,591.6,465.3,7139660
2018-05-21,589.78,594.2,585.0,589.75,463.84,8475320
2018-05-22,587.5,599.0,586.95,596.92,469.49,5636804
2018-05-23,597.5,603.83,590.75,592.45,465.97,9538442
2018-05-24,599.0,613.78,599.0,610.5,480.16,9740570
2018-05-25,615.05,624.33,610.4,614.15,483.04,8901438
2018-05-28,615.5,616.3,603.0,607.2,477.57,5739794
2018-05-29,607.03,613.28,603.1,608.35,478.47,3388934
2018-05-30,608.5,614.38,602.8,605.85,476.51,6323066
2018-05-31,605.85,621.0,605.12,615.9,484.41,19720340
2018-06-01,615.2,623.12,608.6,610.4,480.09,4998356
2018-06-04,610.55,621.5,606.0,619.7,487.4,4270156
2018-06-05,621.0,621.0,608.5,610.42,480.11,4710862
2018-06-06,612.6,620.78,610.03,618.72,486.63,4038184
2018-06-07,619.0,629.0,619.0,626.22,492.53,6676226
2018-06-08,624.0,631.0,623.03,630.03,495.52,6459878
2018-06-11,632.78,635.0,627.53,631.2,496.45,5171290
2018-06-12,632.88,635.62,625.22,629.25,494.91,7839820
2018-06-13,633.4,642.0,633.4,637.4,501.32,5766928
2018-06-14,626.5,626.5,617.05,619.85,499.47,7598848
2018-06-15,618.5,645.75,617.5,640.62,516.21,19957760
2018-06-18,642.0,645.62,631.17,633.7,510.63,8214846
2018-06-19,631.5,631.7,619.03,620.8,500.23,7545700
2018-06-20,624.25,626.17,619.0,621.58,500.86,5371802
2018-06-21,622.97,628.25,618.0,623.28,502.23,5798790
2018-06-22,621.5,627.75,620.6,623.92,502.75,4343118
2018-06-25,628.58,639.4,627.0,636.22,512.66,7731178
2018-06-26,634.5,641.95,633.12,638.92,514.84,4483504
2018-06-27,641.97,646.72,632.8,635.0,511.68,6952142
2018-06-28,638.15,649.0,638.12,644.8,519.57,10996818
2018-06-29,649.03,657.5,641.62,653.6,526.66,9966600
2018-07-02,657.0,670.0,657.0,667.35,537.74,4830144
2018-07-03,665.95,678.95,665.88,676.88,545.42,8127452
2018-07-04,676.03,676.33,669.42,672.6,541.97,5025722
2018-07-05,673.55,673.62,634.05,642.0,517.32,17019902
2018-07-06,645.12,650.92,634.5,642.12,517.42,11215356
2018-07-09,648.5,651.5,639.53,649.42,523.3,6644998
2018-07-10,654.25,657.72,647.15,650.7,524.33,5974488
2018-07-11,658.78,671.05,645.67,660.22,532.0,11899832
2018-07-12,663.05,663.55,642.22,647.17,521.49,13272240
2018-07-13,657.5,665.8,649.17,658.7,530.77,19496158
2018-07-16,658.7,692.2,643.85,666.42,537.0,35344680
2018-07-17,664.85,674.75,656.35,663.95,535.0,11161690
2018-07-18,669.9,671.7,657.0,661.28,532.85,6919016
2018-07-19,661.5,665.95,654.55,658.35,530.49,5118864
2018-07-20,663.0,683.58,660.65,674.05,543.14,11705738
2018-07-23,676.08,684.0,668.12,677.97,546.3,7675702
2018-07-24,687.2,691.2,678.0,688.58,554.85,6172246
2018-07-25,689.5,696.9,682.72,691.88,557.51,6936922
2018-07-26,689.28,695.2,684.6,686.62,553.27,7362218
2018-07-27,686.6,694.5,684.15,686.72,553.36,6493232
2018-07-30,685.0,686.5,674.0,675.5,544.31,6409970
2018-07-31,674.28,685.0,667.78,682.55,549.99,7943996
2018-08-01,681.9,684.22,675.5,677.03,545.54,4675706
2018-08-02,679.8,683.38,675.08,676.83,545.38,5940742
2018-08-03,683.1,683.1,678.0,682.05,549.59,3970390
2018-08-06,683.03,687.5,673.75,680.33,548.2,6178930
2018-08-07,687.0,689.97,680.33,683.97,551.14,7351528
2018-08-08,685.9,686.25,676.65,681.38,549.04,3992358
2018-08-09,686.83,694.72,686.83,689.97,555.97,6409524
2018-08-10,692.9,694.5,686.53,692.72,558.19,4779520
2018-08-13,695.0,704.92,689.35,704.38,567.58,9979746
2018-08-14,706.97,712.28,702.0,704.15,567.4,6151320
2018-08-16,707.47,717.45,705.62,714.78,575.96,6626774
2018-08-17,715.45,718.83,711.5,715.17,576.28,6390408
2018-08-20,694.0,703.97,686.75,692.12,557.71,16101876
2018-08-21,695.0,698.0,686.88,691.97,557.59,8361482
2018-08-23,696.5,700.75,692.67,698.7,563.0,7717182
2018-08-24,698.25,700.95,688.05,689.15,555.31,7053000
2018-08-27,691.5,709.97,690.7,707.7,570.26,7012950
2018-08-28,708.6,719.2,705.75,712.35,574.0,6496890
2018-08-29,716.8,716.8,702.58,705.05,568.12,5646496
2018-08-30,706.4,710.78,698.08,708.1,570.58,11507962
2018-08-31,712.55,727.15,710.55,720.55,580.61,10875864
2018-09-03,724.5,733.95,715.0,717.12,577.85,10976328
2018-09-04,722.0,748.5,716.0,737.15,593.99,15370124
2018-09-05,741.95,744.05,725.4,729.9,588.15,8658978
2018-09-06,732.55,735.5,724.1,727.15,585.93,5598659
2018-09-07,734.35,735.15,723.8,732.8,590.48,6510605
2018-09-10,737.75,747.0,729.4,730.85,588.91,5629871
2018-09-11,735.9,744.75,732.0,734.3,591.69,6963561
2018-09-12,744.4,746.5,736.25,742.9,598.62,4636617
2018-09-14,741.9,745.0,729.05,733.7,591.21,7896514
2018-09-17,735.0,740.0,724.6,725.95,584.96,5427054
2018-09-18,730.0,730.0,717.0,719.1,579.44,7729732
2018-09-19,727.0,727.0,713.2,719.75,579.97,4849498
2018-09-21,713.85,717.4,692.0,705.3,568.32,14350769
2018-09-24,706.5,729.95,706.5,718.25,578.76,8637881
2018-09-25,718.25,736.0,717.0,726.2,585.16,9602273
2018-09-26,731.2,731.85,712.0,717.85,578.44,6599606
2018-09-27,722.0,730.8,717.45,724.8,584.04,14592616
2018-09-28,721.0,734.55,715.2,730.05,588.27,7490031
2018-10-01,737.5,754.9,733.0,746.65,601.64,8252398
2018-10-03,743.8,751.95,726.3,728.5,587.02,7792464
2018-10-04,728.5,729.75,702.5,707.2,569.85,6173037
2018-10-05,713.0,731.5,709.3,724.6,583.87,8543578
2018-10-08,725.05,728.7,709.25,714.45,575.7,7259306
2018-10-09,717.1,722.4,702.65,717.75,578.36,6777212
2018-10-10,719.9,719.9,695.4,700.45,564.41,8866251
2018-10-11,685.0,692.9,663.3,673.35,542.58,10985897
2018-10-12,676.4,684.05,661.5,678.8,546.97,8909221
2018-10-15,688.6,705.0,681.5,698.8,563.09,6222176
2018-10-16,710.0,713.9,689.4,695.25,560.22,11588963
2018-10-17,710.0,721.8,701.35,705.35,568.36,20360697
2018-10-19,687.0,687.7,678.0,683.55,550.8,10421001
2018-10-22,688.7,695.05,673.8,679.95,547.9,6672840
2018-10-23,675.95,682.0,653.3,657.6,529.89,9041701
2018-10-24,663.0,666.5,647.15,649.8,523.6,7058164
2018-10-25,643.0,656.35,636.25,648.75,528.45,8270469
2018-10-26,645.3,648.7,629.9,633.6,516.11,5464141
2018-10-29,633.7,650.55,631.5,644.75,525.19,7137446
2018-10-30,641.1,663.8,637.45,659.6,537.29,8793411
2018-10-31,663.9,692.95,663.05,686.4,559.12,11947995
2018-11-01,689.7,689.7,659.6,666.7,543.07,5860244
2018-11-02,665.95,675.8,660.1,662.25,539.45,6654067
2018-11-05,663.5,668.6,657.0,666.0,542.5,5799426
2018-11-06,667.9,675.0,660.65,666.45,542.87,6975525
2018-11-07,673.0,677.5,672.0,675.5,550.24,758956
2018-11-09,679.0,679.0,655.5,659.5,537.2,9694143
2018-11-12,666.0,676.4,662.3,664.2,541.03,7118080
2018-11-13,663.5,667.75,656.3,665.7,542.26,4137808
2018-11-14,665.7,665.7,640.5,653.2,532.07,7323026
2018-11-15,654.0,666.0,646.7,656.4,534.68,5513390
2018-11-16,659.9,662.5,644.2,650.85,530.16,8583785
2018-11-19,659.0,662.0,649.25,651.7,530.85,6018930
2018-11-20,651.7,656.0,640.1,641.4,522.46,5384830
2018-11-21,640.0,640.05,612.1,619.1,504.3,14359086
2018-11-22,622.25,628.15,616.75,620.75,505.64,6632975
2018-11-26,621.0,628.0,599.85,621.45,506.21,15075209
2018-11-27,625.5,641.0,625.3,638.9,520.42,12285851
2018-11-28,640.95,668.7,640.0,666.4,542.83,17719890
2018-11-29,671.0,674.9,658.8,661.05,538.47,13399070
2018-11-30,661.0,672.0,660.95,667.45,543.68,10445773
2018-12-03,673.15,679.0,665.95,670.35,546.04,8260890
2018-12-04,672.55,688.25,671.3,685.25,558.18,7827923
2018-12-05,683.0,683.65,672.5,681.4,555.04,5177288
2018-12-06,676.1,685.45,664.55,668.5,544.54,8039771
2018-12-07,672.0,685.75,665.6,682.8,556.18,5553948
2018-12-10,669.9,683.8,665.2,669.2,545.11,5121196
2018-12-11,669.2,681.9,660.6,674.5,549.42,7120933
2018-12-12,677.1,680.65,670.6,678.5,552.68,6926183
2018-12-13,682.0,700.0,680.0,697.75,568.36,7521474
2018-12-14,697.45,713.7,694.4,706.05,575.12,9560576
2018-12-17,711.85,711.85,692.75,694.4,565.63,4778465
2018-12-18,686.5,686.5,674.55,676.6,551.13,8021298
2018-12-19,671.55,671.55,661.1,664.85,541.56,8295459
2018-12-20,660.0,671.55,656.4,667.05,543.35,11705260
2018-12-21,659.5,659.5,643.45,646.2,526.37,12802132
2018-12-24,657.0,658.8,647.6,649.0,528.65,8379825
2018-12-26,647.0,647.0,637.35,644.05,524.62,6178552
2018-12-27,652.75,663.25,649.0,656.8,535.01,15333902
2018-12-28,663.35,663.5,653.3,656.95,535.13,4736598
2018-12-31,660.0,662.0,655.8,658.95,536.76,3373319
2019-01-01,660.95,666.3,654.15,665.05,541.73,2943390
2019-01-02,666.0,674.0,662.05,669.05,544.98,7416655
2019-01-03,672.0,677.0,663.1,669.15,545.07,6827249
2019-01-04,671.75,673.9,651.0,661.05,538.47,7889310
2019-01-07,665.0,673.6,661.5,671.7,547.14,8046340
2019-01-08,674.95,677.45,668.55,670.05,545.8,8621545
2019-01-09,686.2,689.8,664.0,676.1,550.73,18130292
2019-01-10,681.6,682.0,672.55,679.7,553.66,9572493
2019-01-11,680.2,685.5,672.5,683.5,556.75,12281903
2019-01-14,707.0,710.2,695.95,701.9,571.74,19312937
2019-01-15,707.2,730.0,707.2,726.6,591.86,19671304
2019-01-16,729.9,737.8,728.5,736.8,600.17,9658944
2019-01-17,735.8,739.0,729.1,733.35,597.36,6903771
2019-01-18,730.0,736.2,726.3,730.95,595.41,5902151
2019-01-21,738.2,751.0,734.0,745.0,606.85,8129422
2019-01-22,741.25,749.0,734.0,745.35,607.14,6723375
2019-01-23,742.35,742.6,729.2,731.65,595.98,7212099
2019-01-24,728.1,736.1,721.0,732.0,599.54,7429783
2019-01-25,728.0,737.9,724.25,730.35,598.19,5543112
2019-01-28,731.0,732.6,719.0,727.95,596.22,7944693
2019-01-29,725.5,732.85,716.5,727.9,596.18,6760819
2019-01-30,727.9,734.8,721.1,725.9,594.54,5763026
2019-01-31,726.0,751.3,726.0,749.55,613.91,13825233
2019-02-01,751.35,762.5,744.5,757.05,620.06,6276585
2019-02-04,757.0,762.5,749.2,755.9,619.11,3945391
2019-02-05,747.0,759.95,747.0,754.85,618.25,4694366
2019-02-06,755.55,766.95,754.35,763.3,625.17,5880482
2019-02-07,763.05,769.45,761.0,764.0,625.75,3961797
2019-02-08,760.0,772.25,754.9,760.9,623.21,5915169
2019-02-11,766.9,768.75,759.0,762.8,624.77,5500216
2019-02-12,760.35,760.35,741.0,750.45,614.65,7310690
2019-02-14,751.0,753.0,737.25,740.05,606.13,4610535
2019-02-15,742.3,746.5,732.6,741.95,607.69,5586389
2019-02-18,742.35,747.65,736.0,741.05,606.95,5346825
2019-02-19,739.1,740.55,721.3,724.3,593.23,9401334
2019-02-20,727.0,743.0,726.05,740.7,606.66,5210675
2019-02-21,738.0,738.0,727.1,733.45,600.73,7202786
2019-02-22,732.5,738.2,728.0,734.95,601.95,3750833
2019-02-25,735.55,758.0,735.55,754.9,618.29,6547552
2019-02-26,748.6,752.6,740.15,742.5,608.14,8319610
2019-02-27,745.0,746.4,732.75,735.25,602.2,5936354
2019-02-28,738.7,742.4,732.3,734.3,601.42,8559921
2019-03-01,735.5,743.4,735.5,741.9,607.65,3998826
2019-03-05,740.5,742.5,730.25,732.5,599.95,4826505
2019-03-06,736.1,736.1,727.0,732.5,599.95,6076668
2019-03-07,734.0,734.5,720.55,722.95,592.13,5951551
2019-03-08,722.95,722.95,710.65,712.35,583.44,7193994
2019-03-11,713.3,718.5,709.4,711.25,582.54,9932198
2019-03-12,709.0,714.95,705.6,706.95,579.02,11997387
2019-03-13,710.0,718.6,706.3,708.45,580.25,11348867
2019-03-14,714.0,714.9,706.2,708.35,580.17,6415187
2019-03-15,712.0,723.75,709.6,718.55,588.52,14638664
2019-03-18,721.55,723.7,705.35,710.2,581.68,8065544
2019-03-19,712.8,726.5,707.4,722.25,591.55,8917337
2019-03-20,727.25,742.3,727.15,738.95,605.23,13471173
2019-03-22,745.0,746.35,732.3,743.1,608.63,8883260
2019-03-25,742.4,742.4,730.55,735.25,602.2,7644966
2019-03-26,735.25,735.25,719.1,727.75,596.06,9406261
2019-03-27,730.0,732.3,727.15,729.7,597.65,7387487
2019-03-28,730.0,745.0,730.0,737.8,604.29,9277241
2019-04-01,742.0,760.0,742.0,755.1,618.46,6584982
2019-04-02,759.0,765.8,754.6,759.4,621.98,7283600
2019-04-03,756.0,758.5,746.8,753.3,616.98,6897127
2019-04-04,751.4,753.8,745.1,747.9,612.56,7688525
2019-04-05,750.9,760.95,748.0,759.3,621.9,6276040
2019-04-08,763.05,770.0,755.4,767.25,628.41,4919911
2019-04-09,770.0,773.0,758.2,760.6,622.96,6730692
2019-04-10,764.0,766.7,751.3,752.7,616.49,7031088
2019-04-11,751.75,751.75,740.05,742.7,608.3,8200995
2019-04-12,743.1,751.55,740.6,747.75,612.44,7043212
2019-04-15,724.7,731.35,712.6,727.5,595.85,31574803
2019-04-16,727.9,727.9,714.1,724.1,593.07,12524411
2019-04-18,722.5,722.5,712.75,717.05,587.29,13801105
2019-04-22,717.05,725.75,715.0,721.05,590.57,6455426
2019-04-23,723.9,730.0,718.4,728.2,596.43,5516668
2019-04-24,728.2,737.9,724.0,736.45,603.18,8285120
2019-04-25,736.45,737.65,727.05,728.55,596.71,8005235
2019-04-26,731.0,739.8,729.0,738.0,604.45,6895168
2019-04-30,738.0,753.8,738.0,751.35,615.39,9920046
2019-05-02,747.0,748.4,729.5,730.8,598.56,6351352
2019-05-03,722.9,731.0,718.2,723.6,592.66,6348116
2019-05-06,715.0,721.8,710.65,718.4,588.4,8858265
2019-05-07,720.4,727.9,718.7,724.55,593.44,5747536
2019-05-08,721.0,726.0,716.5,719.35,589.18,6247642
2019-05-09,719.15,730.3,715.8,721.05,590.57,7396525
2019-05-10,720.8,726.0,715.0,716.85,587.13,8352335
2019-05-13,716.55,726.45,712.1,719.7,589.46,6808993
2019-05-14,716.5,717.75,703.6,713.85,584.67,10513001
2019-05-15,714.9,725.2,712.6,716.1,586.52,6668929
2019-05-16,720.0,737.0,719.1,733.1,600.44,6468556
2019-05-17,733.15,735.8,720.1,723.9,592.9,8155948
2019-05-20,719.7,726.4,706.0,722.4,591.68,11213708
2019-05-21,722.65,722.65,707.7,709.3,580.95,8645535
2019-05-22,710.0,718.25,707.0,709.75,581.31,5795713
2019-05-23,715.0,716.7,697.45,701.05,574.19,7233736
2019-05-24,703.8,711.75,700.45,709.2,580.86,7016424
2019-05-27,707.4,713.8,705.5,708.1,579.96,10247544
2019-05-28,712.0,733.45,709.8,728.1,596.34,23860490
2019-05-29,725.5,733.65,723.65,727.8,596.1,10293077
2019-05-30,727.0,737.25,722.55,733.55,600.81,15089296
2019-05-31,736.5,742.95,733.2,737.75,604.25,8290306
2019-06-03,729.8,750.9,729.0,744.65,609.9,7744761
2019-06-04,737.25,739.45,733.15,735.3,602.24,11733702
2019-06-06,736.5,744.65,733.65,735.6,602.49,7563925
2019-06-07,735.85,743.95,735.85,739.1,605.35,3218358
2019-06-10,740.1,754.1,740.1,753.5,617.15,4435148
2019-06-11,755.0,759.0,750.5,754.9,618.29,5733127
2019-06-12,756.95,756.95,745.0,753.8,617.39,8738342
2019-06-13,740.0,747.2,740.0,742.65,616.85,4808577
2019-06-14,743.85,745.5,738.25,740.45,615.03,5556353
2019-06-17,743.0,744.5,737.8,740.55,615.11,3085588
2019-06-18,740.2,752.45,740.2,750.15,623.08,6202838
2019-06-19,752.5,755.4,748.6,751.9,624.54,4596253
2019-06-20,737.8,756.9,735.9,754.9,627.03,7148684
2019-06-21,755.0,755.0,747.15,750.2,623.12,13200318
2019-06-24,751.9,751.9,742.65,745.5,619.22,4758178
2019-06-25,744.0,750.9,737.3,748.1,621.38,3677911
2019-06-26,743.0,751.45,738.0,739.2,613.99,5447130
2019-06-27,742.0,744.7,728.15,730.55,606.8,11122346
2019-06-28,735.5,739.5,728.5,732.0,608.01,5919494
2019-07-01,735.0,737.5,729.85,731.3,607.43,3224968
2019-07-02,734.0,741.65,730.1,740.0,614.65,4837606
2019-07-03,741.0,743.2,730.0,731.3,607.43,5958379
2019-07-04,729.0,736.4,728.6,733.8,609.5,3274064
2019-07-05,735.0,736.4,713.5,718.0,596.38,4926289
2019-07-08,716.45,724.95,712.3,717.6,596.05,7177092
2019-07-09,718.0,719.85,709.05,715.5,594.3,5022638
2019-07-10,709.0,722.7,706.5,717.25,595.76,7573816
2019-07-11,719.45,723.5,709.6,721.5,599.29,6252688
2019-07-12,722.5,730.6,719.6,726.75,603.65,7874441
2019-07-15,763.0,781.65,754.2,779.35,647.34,31064152
2019-07-16,777.0,787.8,776.0,784.85,651.91,9924322
2019-07-17,783.9,795.0,776.75,794.15,659.63,6754348
2019-07-18,789.05,798.5,786.2,792.7,658.43,6534471
2019-07-19,788.7,794.5,781.25,785.4,652.36,6812754
2019-07-22,785.95,792.0,782.05,784.4,651.53,7107151
2019-07-23,787.0,804.0,785.55,790.05,656.22,10782564
2019-07-24,788.0,793.75,783.6,786.3,653.11,5745146
2019-07-25,788.25,800.2,787.65,794.5,659.92,9773568
2019-07-26,792.3,795.0,782.2,787.0,653.69,4941763
2019-07-29,789.5,796.95,786.2,791.45,657.39,6244316
2019-07-30,791.9,797.8,788.55,792.7,658.43,8673253
2019-07-31,790.85,799.8,781.6,793.65,659.21,7350584
2019-08-01,786.45,788.4,764.4,768.85,638.62,10066407
2019-08-02,765.05,779.9,762.25,775.6,644.22,10838336
2019-08-05,772.6,785.9,768.65,776.7,645.14,9976238
2019-08-06,778.8,783.7,769.8,774.45,643.27,9331718
2019-08-07,778.9,783.45,772.35,776.1,644.64,5130457
2019-08-08,782.7,792.75,781.25,788.75,655.15,8009009
2019-08-09,792.0,796.75,784.8,789.85,656.06,4362520
2019-08-13,784.15,786.0,760.15,764.75,635.21,7517099
2019-08-14,775.1,778.25,768.0,774.8,643.56,5940968
2019-08-16,780.0,780.05,762.5,774.55,643.35,5128088
2019-08-19,775.6,783.0,773.35,777.65,645.93,3881451
2019-08-20,785.2,798.0,783.85,792.75,658.47,8435344
2019-08-21,793.0,803.75,793.0,799.45,664.03,5926896
2019-08-22,799.9,801.3,792.35,795.7,660.92,5222488
2019-08-23,796.45,809.95,795.8,802.2,666.32,6895015
2019-08-26,795.9,806.8,786.9,802.55,666.61,5412074
2019-08-27,791.0,794.95,781.1,784.65,651.74,16061642
2019-08-28,787.4,805.0,786.3,802.5,666.57,5881134
2019-08-29,795.5,809.7,795.5,806.95,670.26,7830413
2019-08-30,810.0,817.35,802.0,814.9,676.87,8174186
2019-09-03,815.0,822.4,812.05,814.25,676.33,5647088
2019-09-04,810.75,822.45,810.25,821.3,682.18,6199015
2019-09-05,830.1,837.5,826.65,834.05,692.77,7926895
2019-09-06,843.3,847.0,835.05,840.15,697.84,6106841
2019-09-09,836.8,840.3,827.55,829.1,688.66,4377870
2019-09-11,822.3,828.55,814.15,820.1,681.18,7981036
2019-09-12,816.4,819.85,810.85,816.4,678.11,4400017
2019-09-13,818.1,831.05,817.5,829.3,688.83,4832021
2019-09-16,832.05,837.95,820.55,827.7,687.5,4846496
2019-09-17,831.5,835.0,820.55,831.25,690.45,5540901
2019-09-18,829.9,832.95,824.0,829.85,689.28,3199389
2019-09-19,824.85,827.0,815.2,820.7,681.68,6601607
2019-09-20,822.9,835.0,802.0,805.0,668.64,22462366
2019-09-23,806.9,806.9,741.9,764.35,634.88,17279260
2019-09-24,765.0,798.65,765.0,794.05,659.55,13717998
2019-09-25,787.7,801.0,781.65,792.65,658.38,9313576
2019-09-26,787.75,797.0,778.1,782.55,650.0,18442824
2019-09-27,787.05,794.25,780.1,782.2,649.7,5087642
2019-09-30,785.1,808.0,784.15,805.65,669.18,8178091
2019-10-01,807.0,807.55,791.55,793.55,659.13,5881438
2019-10-03,792.55,797.85,784.15,785.6,652.53,5497672
2019-10-04,790.0,797.6,787.05,793.45,659.05,8201713
2019-10-07,794.85,802.0,786.1,789.55,655.81,3679845
2019-10-09,795.45,795.9,778.8,783.65,650.91,6335025
2019-10-10,785.4,794.7,776.6,783.05,650.41,10402917
2019-10-11,781.5,823.8,776.6,814.8,676.78,20636344
2019-10-14,786.75,797.0,780.0,786.1,652.94,15150858
2019-10-15,773.1,775.95,765.0,768.3,638.16,13762133
2019-10-16,765.25,775.95,761.55,771.45,640.78,10767032
2019-10-17,767.0,770.55,765.1,769.5,639.16,9860495
2019-10-18,763.8,773.8,760.0,767.85,637.79,10037200
2019-10-22,691.1,691.1,638.35,643.55,534.54,90152532
2019-10-23,630.0,656.65,615.1,650.6,547.2,60516887
2019-10-24,650.0,653.2,632.0,635.35,534.37,25666433
2019-10-25,647.0,652.5,636.0,637.45,536.14,16549337
2019-10-27,651.1,652.5,645.55,648.85,545.73,2945281
2019-10-29,651.0,653.75,647.0,650.65,547.24,16709764
2019-10-30,660.4,671.4,656.2,660.6,555.61,22879467
2019-10-31,668.4,695.45,666.1,685.6,576.64,27405901
2019-11-01,690.0,694.0,682.6,687.9,578.57,9713519
2019-11-04,681.8,732.5,678.15,709.0,596.32,29381982
2019-11-05,708.75,708.75,691.5,696.1,585.47,12897805
2019-11-06,695.8,721.5,692.0,712.3,599.09,21372589
2019-11-07,717.0,724.35,712.1,720.1,605.65,13733737
2019-11-08,722.0,724.25,705.5,708.15,595.6,8585630
2019-11-11,698.9,707.2,698.0,704.4,592.45,6951494
2019-11-13,696.5,700.0,687.75,691.35,581.47,9973690
2019-11-14,696.35,709.8,696.35,705.3,593.2,10539902
2019-11-15,709.05,712.95,702.3,703.9,592.03,7362623
2019-11-18,705.0,710.0,699.3,705.2,593.12,7490916
2019-11-19,709.9,714.0,705.0,712.85,599.55,6495885
2019-11-20,712.8,715.0,705.0,713.0,599.68,6142171
2019-11-21,715.5,721.45,710.5,713.25,599.89,9692973
2019-11-22,711.75,712.0,685.1,693.2,583.03,14415826
2019-11-25,693.35,705.15,693.2,698.1,587.15,7334511
2019-11-26,705.0,707.25,686.0,690.6,580.84,27253106
2019-11-27,694.25,697.65,690.1,695.75,585.17,3861635
2019-11-28,699.1,703.35,694.05,701.85,590.3,4837683
2019-11-29,700.9,702.3,691.55,696.35,585.68,4262379
2019-12-02,703.1,704.0,690.3,692.7,582.61,9383736
2019-12-03,692.7,699.7,688.55,698.35,587.36,5239013
2019-12-04,697.0,710.5,693.35,708.85,596.19,7427886
2019-12-05,706.45,715.9,703.8,714.85,601.24,4814422
2019-12-06,715.95,720.0,709.6,715.1,601.45,5226096
2019-12-09,716.0,722.35,714.25,717.25,603.26,6435865
2019-12-10,713.0,718.5,710.0,714.55,600.98,4457939
2019-12-11,716.6,722.7,713.0,721.05,606.45,6043554
2019-12-12,718.5,720.7,699.55,702.1,590.51,11112042
2019-12-13,700.35,712.9,700.35,711.3,598.25,10302412
2019-12-16,712.3,720.2,710.2,714.0,600.52,5616324
2019-12-17,719.7,731.25,715.0,729.7,613.73,10525565
2019-12-18,731.0,737.3,722.75,732.45,616.04,12215295
2019-12-19,733.5,735.95,724.6,730.85,614.69,7199210
2019-12-20,731.0,735.0,728.25,731.55,615.28,7794167
2019-12-23,732.15,737.3,731.65,736.0,619.03,4975608
2019-12-24,736.95,736.95,728.3,733.4,616.84,2890759
2019-12-26,732.0,734.55,726.55,728.95,613.1,3821806
2019-12-27,729.75,737.5,728.85,736.95,619.82,3399094
2019-12-30,736.1,737.95,727.25,732.9,616.42,5368416
2019-12-31,729.7,737.75,725.45,731.15,614.95,6927885
2020-01-01,735.0,740.0,732.55,736.85,619.74,2112415
2020-01-02,738.9,740.8,730.9,734.7,617.93,5658200
2020-01-03,733.9,748.0,733.9,746.0,627.44,7882938
2020-01-06,746.1,753.8,736.5,738.85,621.42,6519403
2020-01-07,738.0,742.6,725.1,727.9,612.21,7899363
2020-01-08,724.95,729.0,708.3,718.2,604.05,8639443
2020-01-09,721.7,731.5,714.3,727.55,611.92,13521186
2020-01-10,740.45,742.9,730.5,738.15,620.83,9341405
2020-01-13,760.0,777.5,755.0,773.55,650.61,36952038
2020-01-14,769.95,776.95,767.2,775.65,652.37,11414418
2020-01-15,773.85,773.85,762.15,767.55,645.56,6047430
2020-01-16,770.7,772.5,760.25,767.0,645.1,5740586
2020-01-17,770.7,772.9,762.25,767.85,645.81,3762957
2020-01-20,771.6,774.4,762.95,768.45,646.32,3887680
2020-01-21,768.45,770.5,760.75,762.5,641.31,4448374
2020-01-22,768.45,778.0,766.0,770.2,647.79,9733935
2020-01-23,777.1,785.5,776.7,784.35,659.69,12528017
2020-01-24,775.75,786.5,773.6,782.75,658.35,7540490
2020-01-27,779.05,784.8,774.4,778.1,654.43,3741610
2020-01-28,781.0,781.8,772.0,778.0,654.35,5121009
2020-01-29,786.6,792.8,784.25,789.7,664.19,6832757
2020-01-30,789.7,789.7,778.0,780.7,656.62,3859680
2020-01-31,780.55,784.95,771.6,775.95,652.63,6092028
2020-02-03,782.0,790.95,764.5,767.4,645.43,6416745
2020-02-04,770.1,789.9,770.1,787.85,662.63,5771311
2020-02-05,781.0,786.0,774.4,784.55,659.86,6310409
2020-02-06,784.35,786.8,770.0,771.35,648.76,7341622
2020-02-07,775.95,778.85,771.0,777.3,653.76,2853344
2020-02-10,774.0,778.0,769.75,773.2,650.31,3827682
2020-02-11,779.0,779.1,769.2,773.55,650.61,4312817
2020-02-12,775.8,783.25,775.1,781.05,656.92,2948825
2020-02-13,785.0,794.0,782.2,792.25,666.34,4387430
2020-02-14,794.5,799.2,784.6,786.45,661.46,5321680
2020-02-17,790.3,793.45,783.3,789.45,663.98,2929629
2020-02-18,785.0,799.05,783.65,797.65,670.88,5083346
2020-02-19,800.0,804.85,796.15,800.45,673.23,3985192
2020-02-20,803.25,806.1,793.85,797.0,670.33,4564569
2020-02-24,800.1,811.6,792.15,795.85,669.36,6627536
2020-02-25,799.0,806.0,795.4,798.4,671.51,6996695
2020-02-26,793.95,801.45,780.5,782.75,658.35,8760569
2020-02-27,778.0,780.75,772.2,777.85,654.22,5223386
2020-02-28,750.0,756.8,722.05,731.7,615.41,14123957
2020-03-02,737.0,765.9,733.75,741.05,623.27,9821523
2020-03-03,755.0,759.0,741.25,747.0,628.28,7826587
2020-03-04,753.9,761.5,745.55,758.75,638.16,11013444
2020-03-05,763.75,773.55,751.75,754.6,634.67,7755293
2020-03-06,741.0,744.0,729.1,738.95,621.51,9216022
2020-03-09,724.5,725.85,697.0,704.45,592.49,10308654
2020-03-11,690.65,695.95,669.05,686.0,576.97,16165009
2020-03-12,668.0,670.0,627.5,631.2,530.88,13965574
2020-03-13,592.0,667.0,570.0,642.35,540.26,16903113
2020-03-16,622.0,622.15,580.0,583.15,490.47,19140152
2020-03-17,588.1,592.0,550.0,554.95,466.75,16059887
2020-03-18,568.0,578.0,528.0,534.3,449.38,15390183
2020-03-19,509.25,558.0,509.25,545.55,458.84,16583991
2020-03-20,549.5,617.45,548.0,585.2,492.19,21354894
2020-03-23,540.0,560.95,515.9,526.45,442.78,17146150
2020-03-24,522.0,601.15,522.0,589.8,496.06,20027097
2020-03-25,597.0,635.0,565.7,606.2,509.85,18339548
2020-03-26,615.0,650.85,612.1,643.0,540.81,14843813
2020-03-27,665.05,674.9,642.25,652.7,548.96,13495283
2020-03-30,625.1,663.5,621.1,626.7,527.1,14624804
2020-03-31,650.0,662.0,633.7,641.5,539.54,15175521
2020-04-01,634.35,637.5,594.0,602.8,507.0,13083824
2020-04-03,603.5,606.0,582.15,585.7,492.61,10221655
2020-04-07,615.0,644.25,612.9,639.0,537.44,15145605
2020-04-08,630.0,655.65,626.35,631.6,531.22,11806896
2020-04-09,646.8,652.8,632.1,636.25,535.13,11931114
2020-04-13,629.0,651.7,626.05,637.4,536.1,8330276
2020-04-15,651.4,653.3,635.6,639.05,537.48,11963447
2020-04-16,619.95,634.9,603.5,623.85,524.7,17783287
2020-04-17,644.0,646.0,626.0,628.75,528.82,8878320
2020-04-20,640.0,661.0,639.0,653.3,549.47,13322913
2020-04-21,627.8,646.5,627.8,633.2,532.56,11660575
2020-04-22,633.2,645.0,628.05,641.85,539.84,8266728
2020-04-23,647.05,683.65,638.1,679.3,571.34,14451289
2020-04-24,668.55,675.0,654.8,658.0,553.42,7319940
2020-04-27,661.05,681.0,661.05,664.6,558.97,7183306
2020-04-28,673.0,677.0,653.05,660.7,555.69,7296571
2020-04-29,666.0,682.0,658.0,676.55,569.02,8639056
2020-04-30,700.0,720.0,698.1,715.5,601.78,16253821
2020-05-04,689.8,701.2,670.35,673.7,566.63,9122740
2020-05-05,681.75,685.6,670.0,673.7,566.63,6393053
2020-05-06,676.9,681.45,664.05,665.9,560.07,7934250
2020-05-07,665.55,674.35,662.45,664.95,559.27,4779548
2020-05-08,672.25,680.9,668.5,674.2,567.05,8400321
2020-05-11,682.5,698.55,678.0,682.9,574.36,7370186
2020-05-12,678.5,691.0,675.5,687.65,578.36,7356039
2020-05-13,694.8,699.9,683.75,694.15,583.83,8287101
2020-05-14,659.0,671.75,652.6,658.15,553.55,16888262
2020-05-15,664.8,664.8,646.7,652.3,548.63,9255353
2020-05-18,659.85,670.55,653.0,663.9,558.38,10435442
2020-05-19,664.0,674.8,655.0,668.6,562.34,5902208
2020-05-20,668.5,673.0,659.65,669.55,563.14,5794636
2020-05-21,666.5,679.45,665.4,672.2,565.37,7213225
2020-05-22,675.0,695.85,673.5,692.35,582.31,11867731
2020-05-26,693.0,699.45,679.0,680.55,572.39,7099606
2020-05-27,686.05,709.2,675.0,705.45,593.33,8774636
2020-05-28,707.0,710.0,690.0,707.4,594.97,9440091
2020-05-29,692.5,700.8,674.95,691.0,589.09,28290128
2020-06-01,698.75,706.65,691.5,699.55,596.38,12276438
2020-06-02,700.5,711.65,697.55,708.1,603.67,7059304
2020-06-03,710.7,711.9,696.0,701.55,598.08,11378568
2020-06-04,702.0,709.45,697.5,707.75,603.37,10782424
2020-06-05,707.0,711.7,700.6,703.55,599.79,7718679
2020-06-08,707.65,725.8,704.0,720.85,614.54,10719105
2020-06-09,720.0,729.6,715.05,717.6,611.77,10078029
2020-06-10,715.0,719.45,709.2,715.85,610.27,7263049
2020-06-11,712.0,713.4,700.25,703.95,600.13,8825715
2020-06-12,675.8,695.15,675.5,692.05,589.98,9795316
2020-06-15,693.0,704.4,685.25,687.55,586.15,7857344
2020-06-16,702.0,712.0,699.15,701.2,597.78,10131760
2020-06-17,699.9,710.3,698.0,703.65,599.87,7291916
2020-06-18,708.2,716.6,706.0,713.9,608.61,6670195
2020-06-19,709.0,711.9,701.0,705.55,601.49,22438862
2020-06-22,707.1,708.7,700.0,703.7,599.92,7804096
2020-06-23,695.7,724.5,692.1,720.65,614.37,12157390
2020-06-24,716.9,726.8,709.4,714.15,608.82,10220838
2020-06-25,704.85,705.6,693.5,700.5,597.19,14945284
2020-06-26,710.2,751.6,710.0,748.2,637.85,26030458
2020-06-29,735.4,744.7,730.1,731.75,623.83,8954428
2020-06-30,732.8,738.95,724.25,735.95,627.41,10411290
2020-07-01,737.25,742.3,729.75,731.9,623.96,5477468
2020-07-02,737.35,765.45,735.4,756.6,645.01,17263756
2020-07-03,755.0,764.0,752.5,762.7,650.21,7796572
2020-07-06,765.2,775.0,761.5,764.0,651.32,8810958
2020-07-07,769.4,796.95,765.55,794.15,677.03,19362533
2020-07-08,784.9,784.9,772.2,774.7,660.44,8476642
2020-07-09,780.0,790.0,775.0,781.7,666.41,6854166
2020-07-10,773.5,789.9,773.5,781.85,666.54,5206452
2020-07-13,788.0,805.35,786.05,797.05,679.5,10804688
2020-07-14,792.95,806.4,781.35,783.25,667.73,8961822
2020-07-15,799.0,848.45,794.8,830.95,708.4,30060599
2020-07-16,900.1,955.5,894.25,911.0,776.64,90432109
2020-07-17,911.0,919.9,892.15,903.15,769.95,31682878
2020-07-20,908.5,945.0,906.75,934.3,796.51,18421053
2020-07-21,945.0,949.7,929.2,936.75,798.59,12877784
2020-07-22,938.95,939.0,910.0,917.9,782.52,14354201
2020-07-23,915.65,915.8,900.65,907.95,774.04,13051307
2020-07-24,903.25,925.75,903.25,922.85,786.74,18209580
2020-07-27,921.55,952.8,918.65,948.45,808.57,16827870
2020-07-28,946.0,967.55,941.2,962.85,820.84,15818463
2020-07-29,953.25,960.0,943.6,954.15,813.43,11152710
2020-07-30,962.0,972.65,958.75,961.45,819.65,12492320
2020-07-31,969.25,986.45,953.3,966.0,823.53,12704346
2020-08-03,960.0,965.4,947.45,956.9,815.77,8479792
2020-08-04,960.45,970.7,940.55,949.85,809.76,11133170
2020-08-05,952.0,960.95,938.3,944.7,805.37,9614176
2020-08-06,953.5,974.4,942.5,970.85,827.67,10976491
2020-08-07,969.45,969.45,949.0,950.9,810.66,8010948
2020-08-10,948.9,956.8,945.3,951.35,811.04,5716319
2020-08-11,949.9,962.0,946.1,948.45,808.57,6802442
2020-08-12,948.0,958.8,942.2,954.95,814.11,6908726
2020-08-13,954.8,968.5,948.25,951.2,810.91,5097703
2020-08-14,955.85,963.0,952.05,953.6,812.96,4663873
2020-08-17,954.1,972.45,954.1,957.5,816.28,9008210
2020-08-18,963.9,969.2,958.7,967.55,824.85,6141761
2020-08-19,970.9,971.55,957.45,959.3,817.82,6622744
2020-08-20,958.9,965.5,951.3,955.15,814.28,5656501
2020-08-21,963.05,963.45,946.55,948.8,808.87,6513773
2020-08-24,947.0,952.0,939.2,947.4,807.67,5798574
2020-08-25,947.5,948.65,933.6,938.1,799.75,6233918
2020-08-26,941.25,954.25,938.4,950.8,810.57,5153601
2020-08-27,960.0,960.95,945.2,947.05,807.38,6154280
2020-08-28,951.45,952.5,933.05,935.25,797.32,7593610
2020-08-31,935.25,950.5,914.6,928.6,791.65,12808355
2020-09-01,926.25,935.0,912.1,914.15,779.33,6907773
2020-09-02,915.0,926.4,913.5,924.0,787.72,5678118
2020-09-03,926.5,949.4,924.0,935.55,797.57,8827948
2020-09-04,915.0,929.5,914.45,919.15,783.59,8650342
2020-09-07,918.9,927.55,913.05,925.05,788.62,6700385
2020-09-08,929.95,952.0,925.55,939.3,800.77,12891964
2020-09-09,935.0,946.0,926.0,927.75,790.92,5528947
2020-09-10,935.3,942.0,924.8,940.05,801.41,5171884
2020-09-11,934.9,954.15,931.0,945.7,806.22,6671903
2020-09-14,957.0,991.05,948.3,978.4,834.1,21871587
2020-09-15,979.5,994.0,971.65,982.45,837.55,11608203
2020-09-16,986.0,1005.65,982.0,1001.75,854.01,10059251
2020-09-17,995.0,1021.0,995.0,1011.0,861.89,15628241
2020-09-18,1011.0,1018.8,999.1,1002.15,854.35,12897633
2020-09-21,1001.0,1031.0,1000.5,1009.9,860.96,14140637
2020-09-22,1009.0,1022.5,991.2,1007.5,858.91,12625762
2020-09-23,1020.15,1037.0,1008.1,1019.75,869.35,13486204
2020-09-24,1003.0,1009.0,970.0,975.4,831.54,14427432
2020-09-25,975.8,1014.9,975.0,1011.45,862.28,13311078
2020-09-28,1014.8,1016.15,998.5,1010.4,861.38,8554526
2020-09-29,1018.0,1028.0,1004.1,1009.0,860.19,8708463
2020-09-30,1009.0,1023.95,1005.0,1008.25,859.55,8048817
2020-10-01,1020.6,1026.5,1011.75,1017.65,867.56,5563358
2020-10-05,1018.05,1054.9,1018.05,1048.7,894.03,14212509
2020-10-06,1055.0,1060.0,1031.35,1055.75,900.04,9090819
2020-10-07,1044.9,1072.0,1035.5,1066.55,909.25,9284008
2020-10-08,1090.0,1124.0,1088.4,1093.7,932.4,21482613
2020-10-09,1095.1,1113.3,1088.45,1106.8,943.56,10567867
2020-10-12,1123.0,1140.0,1112.1,1132.1,965.13,14633537
2020-10-13,1135.55,1166.05,1135.55,1157.8,987.04,17523825
2020-10-14,1162.0,1164.9,1131.1,1137.0,969.31,16649573
2020-10-15,1180.0,1186.0,1092.5,1108.25,944.8,44288251
2020-10-16,1113.85,1135.95,1096.9,1127.5,961.21,18365685
2020-10-19,1135.0,1139.0,1115.3,1125.9,959.85,12902123
2020-10-20,1118.9,1144.7,1110.0,1137.5,969.74,10448776
2020-10-21,1141.15,1154.35,1135.0,1148.35,978.99,19811433
2020-10-22,1142.0,1158.0,1123.8,1129.05,962.53,11271335
2020-10-23,1133.0,1135.0,1120.15,1122.5,967.23,9069862
2020-10-26,1122.25,1129.6,1103.15,1112.45,958.57,6309368
2020-10-27,1105.7,1109.7,1077.15,1090.85,939.96,10172479
2020-10-28,1095.5,1104.75,1070.05,1076.55,927.64,7608392
2020-10-29,1070.0,1082.0,1060.1,1074.85,926.17,6935616
2020-10-30,1072.0,1083.6,1052.35,1060.6,913.89,8800386
2020-11-02,1065.0,1079.95,1051.1,1072.3,923.97,7183119
2020-11-03,1072.0,1079.4,1057.5,1062.55,915.57,7204782
2020-11-04,1068.0,1116.0,1066.8,1093.95,942.63,15702690
2020-11-05,1109.9,1123.0,1099.0,1104.0,951.29,9568890
2020-11-06,1108.0,1121.1,1091.7,1112.75,958.83,8807127
2020-11-09,1129.3,1146.0,1121.15,1136.55,979.34,10160320
2020-11-10,1113.85,1113.85,1078.0,1091.05,940.13,15622869
2020-11-11,1096.0,1126.35,1087.0,1122.5,967.23,12514800
2020-11-12,1128.1,1142.0,1113.75,1117.75,963.14,9180976
2020-11-13,1120.0,1133.0,1117.0,1124.2,968.69,6363212
2020-11-14,1137.0,1139.65,1131.1,1133.45,976.66,1136144
2020-11-17,1144.75,1145.0,1112.65,1123.7,968.26,12813968
2020-11-18,1128.5,1132.7,1101.45,1110.55,956.93,9839468
2020-11-19,1100.0,1114.7,1093.8,1096.75,945.04,10092343
2020-11-20,1106.0,1109.0,1091.1,1103.35,950.73,8063554
2020-11-23,1105.0,1144.8,1101.95,1139.85,982.18,10546363
2020-11-24,1145.0,1154.9,1133.35,1140.05,982.35,8515426
2020-11-25,1137.0,1143.5,1111.25,1115.65,961.33,8958701
2020-11-26,1119.95,1119.95,1098.3,1113.2,959.22,10962256
2020-11-27,1118.0,1121.0,1091.0,1100.0,947.84,25306145
2020-12-01,1105.05,1140.25,1105.05,1137.85,980.46,8933802
2020-12-02,1134.0,1147.45,1121.0,1140.9,983.08,6741637
2020-12-03,1147.0,1147.0,1122.7,1126.45,970.63,16212632
2020-12-04,1125.0,1137.0,1115.0,1134.65,977.7,10564055
2020-12-07,1147.3,1153.0,1136.0,1143.5,985.32,7792141
2020-12-08,1145.0,1167.0,1145.0,1153.35,993.81,12308330
2020-12-09,1168.05,1179.5,1157.0,1175.2,1012.64,10039346
2020-12-10,1157.4,1171.65,1150.0,1167.75,1006.22,9488782
2020-12-11,1159.7,1171.95,1155.25,1163.2,1002.3,10574009
2020-12-14,1169.4,1172.6,1148.2,1164.55,1003.46,6728187
2020-12-15,1156.0,1163.7,1152.0,1154.6,994.89,6905926
2020-12-16,1160.0,1168.9,1153.6,1165.7,1004.45,7788404
2020-12-17,1165.9,1168.9,1156.2,1159.2,998.85,6658153
2020-12-18,1182.85,1195.0,1175.6,1189.8,1025.22,15995676
2020-12-21,1188.0,1209.75,1152.05,1177.3,1014.45,10858352
2020-12-22,1182.0,1223.85,1176.1,1220.5,1051.67,10901851
2020-12-23,1238.0,1258.85,1230.55,1253.05,1079.72,15878346
2020-12-24,1249.9,1249.9,1226.0,1236.05,1065.07,7313885
2020-12-28,1238.45,1248.0,1236.0,1240.3,1068.73,4607051
2020-12-29,1235.0,1254.45,1235.0,1250.3,1077.35,6878105
2020-12-30,1253.0,1253.3,1238.15,1246.8,1074.34,5194690
2020-12-31,1243.0,1258.4,1239.0,1255.8,1082.09,7430470
2021-01-01,1257.9,1265.5,1255.8,1260.45,1086.1,4253550
2021-01-04,1269.0,1290.0,1261.15,1288.25,1110.05,7208454
2021-01-05,1282.0,1299.0,1275.05,1293.8,1114.83,8145280
2021-01-06,1300.0,1302.0,1268.05,1282.1,1104.75,7161715
2021-01-07,1296.0,1297.65,1255.5,1262.15,1087.56,10954918
2021-01-08,1278.25,1316.8,1278.25,1312.1,1130.6,13186251
2021-01-11,1342.1,1383.35,1340.0,1376.2,1185.84,20528626
2021-01-12,1378.0,1378.0,1360.0,1371.75,1182.0,8309868
2021-01-13,1373.85,1392.8,1360.0,1387.15,1195.27,14442997
2021-01-14,1360.0,1384.0,1318.45,1370.5,1180.92,27521697
2021-01-15,1360.0,1364.45,1340.0,1344.95,1158.91,15018441
2021-01-18,1338.0,1340.0,1306.0,1312.05,1130.56,8861765
2021-01-19,1320.0,1331.0,1312.0,1316.65,1134.52,5585744
2021-01-20,1320.55,1348.4,1320.55,1339.45,1154.17,8225838
2021-01-21,1350.0,1361.05,1335.0,1339.7,1154.38,6142421
2021-01-22,1327.0,1356.0,1326.55,1340.85,1155.38,9646591
2021-01-25,1345.0,1347.9,1313.0,1325.1,1141.8,6542611
2021-01-27,1319.6,1327.55,1285.1,1301.0,1121.04,8133665
2021-01-28,1291.8,1296.45,1272.55,1276.2,1099.67,4660690
2021-01-29,1286.25,1291.15,1231.0,1239.05,1067.66,12183519
2021-02-01,1250.55,1277.95,1241.0,1260.9,1086.49,8880279
2021-02-02,1280.0,1294.4,1263.6,1271.25,1095.4,6892490
2021-02-03,1277.65,1304.0,1273.0,1284.65,1106.95,8182968
2021-02-04,1285.0,1293.4,1272.05,1279.35,1102.38,5032240
2021-02-05,1286.4,1288.75,1262.0,1272.1,1096.14,5477481
2021-02-08,1285.5,1310.0,1275.5,1303.55,1123.24,6921922
2021-02-09,1306.9,1332.0,1297.85,1305.55,1124.96,7965949
2021-02-10,1295.8,1304.35,1283.6,1296.5,1117.16,5951207
2021-02-11,1289.0,1296.0,1283.05,1292.65,1113.84,4673317
2021-02-12,1305.0,1323.75,1301.55,1309.8,1128.62,5797875
2021-02-15,1320.0,1328.4,1307.1,1309.65,1128.49,4363513
2021-02-16,1314.0,1319.75,1286.0,1290.4,1111.9,6896421
2021-02-17,1290.4,1294.5,1275.0,1281.3,1104.06,4575741
2021-02-18,1276.0,1306.0,1275.0,1292.45,1113.67,6437551
2021-02-19,1296.1,1299.5,1276.8,1291.3,1112.68,5389696
2021-02-22,1295.0,1308.55,1260.0,1265.2,1090.19,7371303
2021-02-23,1271.15,1291.0,1257.55,1266.35,1091.18,6612942
2021-02-24,1260.05,1276.6,1252.0,1274.3,1098.03,4537258
2021-02-25,1288.45,1299.75,1272.0,1274.55,1098.25,8788221
2021-02-26,1269.0,1274.3,1244.75,1253.3,1079.94,15132388
2021-03-01,1263.3,1284.5,1259.0,1267.0,1091.74,5756286
2021-03-02,1282.25,1310.0,1279.2,1304.5,1124.05,10461434
2021-03-03,1319.2,1347.0,1308.0,1343.55,1157.7,9056399
2021-03-04,1335.0,1363.85,1325.9,1330.35,1146.33,12041941
2021-03-05,1328.5,1340.0,1305.05,1316.7,1134.57,6486176
2021-03-08,1324.8,1346.1,1317.2,1335.75,1150.98,5119392
2021-03-09,1329.5,1350.45,1318.75,1345.55,1159.43,6518173
2021-03-10,1356.9,1374.0,1355.0,1368.15,1178.9,7925984
2021-03-12,1373.0,1391.7,1370.05,1374.85,1184.67,9462061
2021-03-15,1370.0,1379.9,1358.5,1373.6,1183.6,6658635
2021-03-16,1386.05,1406.0,1380.5,1384.0,1192.56,9352771
2021-03-17,1392.25,1400.0,1382.0,1387.0,1195.14,7626744
2021-03-18,1393.75,1393.75,1313.5,1337.1,1152.14,10961755
2021-03-19,1330.0,1355.2,1318.0,1344.45,1158.48,12767112
2021-03-22,1350.1,1376.0,1336.1,1370.8,1181.18,4862758
2021-03-23,1372.45,1383.25,1359.6,1371.55,1181.83,7165335
2021-03-24,1357.85,1370.45,1346.25,1353.75,1166.49,6134303
2021-03-25,1346.75,1352.5,1327.6,1333.8,1149.3,8749994
2021-03-26,1344.7,1356.7,1332.0,1336.2,1151.37,4922071
2021-03-30,1346.9,1400.0,1336.15,1385.3,1193.68,10546381
2021-03-31,1382.0,1388.0,1363.3,1368.05,1178.81,8220987
2021-04-01,1380.0,1391.6,1371.0,1385.2,1193.59,5675155
2021-04-05,1391.0,1425.0,1387.0,1409.9,1214.87,9479572
2021-04-06,1423.0,1426.0,1406.45,1411.05,1215.87,5793571
2021-04-07,1410.25,1434.95,1406.6,1430.2,1232.37,5879234
2021-04-08,1430.0,1451.7,1421.0,1439.85,1240.68,5654434
2021-04-09,1455.0,1455.0,1430.05,1441.05,1241.72,6052712
2021-04-12,1474.0,1477.55,1415.0,1425.75,1228.53,20384532
2021-04-13,1433.0,1435.25,1375.0,1397.15,1203.89,14855206
2021-04-15,1332.3,1366.4,1320.0,1360.75,1172.52,25342491
2021-04-16,1365.0,1370.85,1346.6,1353.75,1166.49,10879878
2021-04-19,1340.0,1379.7,1332.35,1362.55,1174.07,12508028
2021-04-20,1379.0,1379.0,1342.4,1351.35,1164.42,8560766
2021-04-22,1355.55,1364.8,1345.15,1351.1,1164.21,6622446
2021-04-23,1343.0,1348.4,1331.0,1333.8,1149.3,7316262
2021-04-26,1332.25,1351.3,1321.0,1343.55,1157.7,7088606
2021-04-27,1346.0,1353.0,1340.15,1348.5,1161.97,3636115
2021-04-28,1358.0,1359.5,1344.6,1356.0,1168.43,4879234
2021-04-29,1368.0,1369.0,1351.4,1356.35,1168.73,5412357
2021-04-30,1346.3,1373.9,1345.9,1354.35,1167.01,8354677
2021-05-03,1340.8,1361.0,1338.0,1352.05,1165.03,4560337
2021-05-04,1354.0,1354.95,1324.1,1329.4,1145.51,4887060
2021-05-05,1341.1,1343.9,1327.8,1341.5,1155.94,3939788
2021-05-06,1345.0,1364.7,1337.4,1361.6,1173.26,4810090
2021-05-07,1365.3,1373.05,1348.5,1352.55,1165.46,4991435
2021-05-10,1349.85,1352.9,1335.05,1339.55,1154.26,7195348
2021-05-11,1336.9,1341.0,1325.1,1330.65,1146.59,6420988
2021-05-12,1330.0,1330.0,1314.5,1327.0,1143.44,5241898
2021-05-14,1326.85,1326.85,1311.3,1316.4,1134.31,4824609
2021-05-17,1320.3,1334.95,1320.3,1329.4,1145.51,5017129
2021-05-18,1338.0,1344.6,1329.5,1340.0,1154.64,5620150
2021-05-19,1342.0,1357.45,1333.25,1337.0,1152.06,4435878
2021-05-20,1348.4,1349.1,1335.0,1339.3,1154.04,4490092
2021-05-21,1347.5,1357.5,1346.35,1354.5,1167.14,4969733
2021-05-24,1356.65,1363.0,1345.1,1348.05,1161.58,4225371
2021-05-25,1358.0,1368.0,1354.45,1361.6,1173.26,4099340
2021-05-26,1367.9,1400.0,1362.05,1397.25,1203.97,6850024
2021-05-27,1404.2,1416.25,1391.7,1402.25,1208.28,15365391
2021-05-28,1409.75,1414.0,1396.1,1405.05,1210.7,4261312
2021-05-31,1401.5,1401.5,1383.0,1393.75,1213.92,4429904
2021-06-01,1400.0,1401.0,1378.65,1387.2,1208.21,4791325
2021-06-02,1380.75,1391.95,1365.0,1378.65,1200.77,9272276
2021-06-03,1388.1,1399.0,1377.05,1389.65,1210.35,5115645
2021-06-04,1393.95,1396.9,1377.65,1385.65,1206.86,4194328
2021-06-07,1391.0,1392.0,1377.3,1389.65,1210.35,5154576
2021-06-08,1396.0,1421.75,1395.55,1412.95,1230.64,7360630
2021-06-09,1413.4,1425.0,1404.6,1415.3,1232.69,5394317
2021-06-10,1424.0,1429.0,1419.0,1424.3,1240.53,3496575
2021-06-11,1430.1,1451.6,1429.45,1446.9,1260.21,6140828
2021-06-14,1471.0,1477.0,1453.45,1461.8,1273.19,7132294
2021-06-15,1464.0,1476.0,1463.0,1473.9,1283.73,5403104
2021-06-16,1472.7,1489.45,1467.5,1480.6,1289.56,7661710
2021-06-17,1475.1,1502.65,1475.1,1495.3,1302.37,7677951
2021-06-18,1509.0,1515.8,1487.4,1503.3,1309.33,13533974
2021-06-21,1493.0,1505.8,1484.2,1500.3,1306.72,5454052
2021-06-22,1509.7,1521.45,1502.1,1511.85,1316.78,6427862
2021-06-23,1525.0,1525.0,1498.65,1503.15,1309.2,5529809
2021-06-24,1517.0,1568.75,1511.2,1559.2,1358.02,10785137
2021-06-25,1572.0,1578.0,1543.0,1574.2,1371.08,9780240
2021-06-28,1572.9,1580.15,1560.6,1571.8,1368.99,5019178
2021-06-29,1561.0,1573.65,1559.2,1563.05,1361.37,5913567
2021-06-30,1572.05,1591.0,1572.05,1580.8,1376.83,6058722
2021-07-01,1576.85,1576.85,1559.05,1560.4,1359.07,4814317
2021-07-02,1558.95,1569.45,1542.6,1567.8,1365.51,5166064
2021-07-05,1569.15,1585.0,1561.05,1578.95,1375.22,4058338
2021-07-06,1573.7,1586.75,1557.1,1562.2,1360.63,4089574
2021-07-07,1566.05,1570.55,1544.65,1564.6,1362.72,4797120
2021-07-08,1568.0,1576.0,1549.0,1560.75,1359.37,3326813
2021-07-09,1556.0,1569.9,1551.0,1562.9,1361.24,3436594
2021-07-12,1570.55,1578.0,1533.75,1547.85,1348.13,4588982
2021-07-13,1556.4,1556.4,1536.3,1544.95,1345.61,4456160
2021-07-14,1554.0,1582.8,1538.1,1576.9,1373.44,5657716
2021-07-15,1557.9,1596.85,1556.0,1580.8,1376.83,10021355
2021-07-16,1573.75,1574.65,1549.6,1555.45,1354.75,6265593
2021-07-19,1544.7,1552.9,1537.55,1541.7,1342.78,5669162
2021-07-20,1538.3,1557.7,1538.0,1550.05,1350.05,5069939
2021-07-22,1561.4,1592.85,1561.4,1590.2,1385.02,7854575
2021-07-23,1588.55,1598.5,1585.05,1590.45,1385.24,4179719
2021-07-26,1594.1,1611.65,1594.1,1603.9,1396.95,4586710
2021-07-27,1605.0,1609.3,1597.9,1602.55,1395.78,5892859
2021-07-28,1605.1,1607.6,1585.5,1605.6,1398.43,4686788
2021-07-29,1600.1,1620.0,1600.1,1617.0,1408.36,4660873
2021-07-30,1610.0,1623.4,1606.15,1610.5,1402.7,6234257
2021-08-02,1627.45,1634.75,1619.2,1631.55,1421.04,5553389
2021-08-03,1647.0,1658.65,1635.6,1655.2,1441.63,5513668
2021-08-04,1669.1,1679.9,1639.05,1649.25,1436.45,6740391
2021-08-05,1649.5,1666.0,1647.05,1653.55,1440.2,5420536
2021-08-06,1657.0,1660.65,1644.0,1650.2,1437.28,3754855
2021-08-09,1661.0,1667.45,1646.4,1663.3,1448.69,5018477
2021-08-10,1668.0,1680.0,1661.05,1677.25,1460.84,6846517
2021-08-11,1674.8,1684.0,1668.0,1677.55,1461.1,4899639
2021-08-12,1679.15,1696.5,1674.0,1689.6,1471.6,5659579
2021-08-13,1697.0,1722.5,1691.3,1712.2,1491.28,5612790
2021-08-16,1707.7,1719.95,1690.1,1704.4,1484.49,4564109
2021-08-17,1703.9,1748.9,1686.55,1741.65,1516.93,9510390
2021-08-18,1729.0,1755.5,1727.0,1733.45,1509.79,6686090
2021-08-20,1716.1,1745.0,1716.1,1732.95,1509.35,6206972
2021-08-23,1735.75,1753.15,1732.0,1738.75,1514.4,6189051
2021-08-24,1750.0,1757.0,1712.7,1720.85,1498.81,7602939
2021-08-25,1718.0,1746.9,1718.0,1735.55,1511.62,6153253
2021-08-26,1734.0,1746.0,1720.0,1727.7,1504.78,5302248
2021-08-27,1725.0,1727.7,1705.2,1708.8,1488.32,6698514
2021-08-30,1703.05,1718.65,1690.4,1698.05,1478.95,6559667
2021-08-31,1700.15,1715.0,1685.85,1706.45,1486.27,12255438
2021-09-01,1709.5,1709.5,1673.15,1677.75,1461.27,7801974
2021-09-02,1677.35,1694.3,1662.65,1689.1,1471.16,6830050
2021-09-03,1696.05,1705.95,1684.4,1700.65,1481.22,5339139
2021-09-06,1705.15,1732.0,1699.35,1730.4,1507.13,4876026
2021-09-07,1730.0,1734.9,1704.0,1706.65,1486.45,3520341
2021-09-08,1700.85,1700.85,1682.95,1693.25,1474.77,4584896
2021-09-09,1685.9,1694.9,1682.15,1691.6,1473.34,3331674
2021-09-13,1683.0,1701.5,1675.2,1691.9,1473.6,4662374
2021-09-14,1695.95,1695.95,1678.6,1686.15,1468.59,4945167
2021-09-15,1693.25,1715.1,1690.2,1711.45,1490.63,4062344
2021-09-16,1715.2,1719.25,1691.45,1702.25,1482.61,3246568
2021-09-17,1697.0,1718.0,1684.45,1691.3,1473.08,7454864
2021-09-20,1685.0,1707.7,1677.95,1687.85,1470.07,5660743
2021-09-21,1700.0,1726.75,1684.65,1718.45,1496.72,4672222
2021-09-22,1717.0,1738.9,1713.05,1716.9,1495.37,4553892
2021-09-23,1732.0,1745.0,1721.1,1742.55,1517.71,3826090
2021-09-24,1758.0,1788.0,1752.45,1763.85,1536.27,8280446
2021-09-27,1768.75,1769.0,1718.1,1721.15,1499.07,5045337
2021-09-28,1710.0,1710.0,1675.0,1687.1,1469.42,6557197
2021-09-29,1659.25,1701.4,1655.0,1692.25,1473.9,7792548
2021-09-30,1703.0,1703.0,1670.1,1675.2,1459.05,6914031
2021-10-01,1665.1,1678.95,1661.25,1665.15,1450.3,5733906
2021-10-04,1672.5,1688.0,1665.4,1678.75,1462.15,2947154
2021-10-05,1671.0,1702.95,1663.0,1692.8,1474.38,4373310
2021-10-06,1702.1,1709.0,1670.0,1673.55,1457.62,4271698
2021-10-07,1687.0,1704.2,1676.65,1691.0,1472.81,5476108
2021-10-08,1705.25,1731.5,1698.4,1723.85,1501.43,4738376
2021-10-11,1682.0,1730.0,1663.7,1690.95,1472.77,8840633
2021-10-12,1677.0,1689.0,1662.0,1685.15,1467.72,7439300
2021-10-13,1695.95,1713.65,1680.05,1709.2,1488.67,7104171
2021-10-14,1754.0,1783.6,1698.2,1715.75,1494.37,19655776
2021-10-18,1740.0,1799.0,1740.0,1792.15,1560.91,13438109
2021-10-19,1814.0,1834.5,1782.3,1822.15,1587.04,10324260
2021-10-20,1829.4,1848.0,1794.05,1802.35,1569.8,5876115
2021-10-21,1814.0,1814.0,1746.85,1753.65,1527.38,8779629
2021-10-22,1749.9,1763.2,1707.0,1719.8,1497.9,7369809
2021-10-25,1722.05,1729.75,1687.2,1707.55,1487.23,5905209
2021-10-26,1710.05,1726.6,1695.9,1703.7,1497.03,5871709
2021-10-27,1709.1,1734.15,1701.15,1728.95,1519.21,5090259
2021-10-28,1719.35,1724.75,1692.05,1703.9,1497.2,5329972
2021-10-29,1699.0,1712.6,1661.05,1667.75,1465.44,5875091
2021-11-01,1677.5,1707.2,1676.0,1700.05,1493.82,3636806
2021-11-02,1695.0,1706.45,1686.35,1697.9,1491.93,3471772
2021-11-03,1709.0,1717.45,1699.0,1702.5,1495.97,3530713
2021-11-04,1715.0,1717.0,1705.0,1708.7,1501.42,483407
2021-11-08,1730.0,1741.0,1703.0,1737.5,1526.73,5245903
2021-11-09,1734.75,1750.0,1726.0,1742.5,1531.12,4016134
2021-11-10,1726.0,1750.95,1721.95,1740.15,1529.05,4780368
2021-11-11,1732.95,1739.75,1709.0,1733.3,1523.04,4731349
2021-11-12,1743.0,1782.85,1738.05,1780.2,1564.25,5069009
2021-11-15,1782.1,1800.0,1775.5,1787.15,1570.35,4354074
2021-11-16,1790.0,1808.95,1777.0,1792.3,1574.88,6034233
2021-11-17,1792.55,1802.0,1780.7,1787.45,1570.62,4732492
2021-11-18,1781.6,1789.45,1759.0,1779.4,1563.54,4326924
2021-11-22,1784.0,1785.4,1751.15,1759.4,1545.97,6621839
2021-11-23,1735.1,1747.25,1710.0,1736.9,1526.2,8436160
2021-11-24,1740.0,1740.5,1688.0,1696.0,1490.26,7333061
2021-11-25,1700.0,1726.2,1696.95,1722.4,1513.46,4476260
2021-11-26,1702.55,1718.35,1684.0,1691.65,1486.44,4494181
2021-11-29,1691.0,1712.0,1669.15,1696.35,1490.57,3942776
2021-11-30,1704.55,1729.9,1700.05,1712.65,1504.89,14808963
2021-12-01,1715.0,1741.9,1713.0,1714.9,1506.87,5193264
2021-12-02,1715.0,1750.5,1711.35,1748.25,1536.17,5559574
2021-12-03,1771.1,1786.65,1732.55,1735.55,1525.01,6754012
2021-12-06,1730.0,1733.95,1691.5,1695.3,1489.65,3991449
2021-12-07,1701.1,1724.9,1694.0,1711.65,1504.01,4202122
2021-12-08,1733.0,1759.8,1732.6,1753.35,1540.65,3029169
2021-12-09,1759.0,1769.4,1742.0,1763.45,1549.53,2082171
2021-12-10,1760.0,1763.75,1746.0,1759.25,1545.84,1823469
2021-12-13,1767.05,1771.35,1738.8,1744.65,1533.01,4040584
2021-12-14,1730.9,1763.0,1710.35,1752.15,1539.6,4768144
2021-12-15,1745.0,1747.95,1721.2,1734.2,1523.83,3053149
2021-12-16,1762.65,1777.6,1758.0,1771.6,1556.69,4481031
2021-12-17,1820.0,1842.0,1806.75,1820.85,1599.97,18887243
2021-12-20,1801.7,1829.65,1787.3,1798.9,1580.68,5773891
2021-12-21,1801.0,1838.0,1801.0,1811.6,1591.84,5353584
2021-12-22,1825.0,1829.15,1812.35,1824.7,1603.35,4156428
2021-12-23,1831.25,1861.6,1827.0,1857.6,1632.26,4112933
2021-12-24,1872.95,1875.75,1854.0,1863.5,1637.44,3780347
2021-12-27,1860.0,1874.5,1845.05,1866.15,1639.77,2647733
2021-12-28,1880.7,1895.9,1878.4,1888.0,1658.97,3340933
2021-12-29,1883.5,1893.8,1876.4,1885.55,1656.82,3236635
2021-12-30,1884.5,1909.8,1874.35,1892.85,1663.23,4584738
2021-12-31,1890.0,1898.35,1871.65,1887.75,1658.75,4619420
2022-01-03,1887.75,1914.05,1887.75,1898.45,1668.15,3329616
2022-01-04,1898.45,1906.65,1878.0,1899.15,1668.77,3921999
2022-01-05,1900.0,1902.9,1840.0,1844.65,1620.88,6995719
2022-01-06,1828.0,1828.0,1800.0,1817.8,1597.29,6449205
2022-01-07,1815.45,1836.0,1806.8,1814.3,1594.21,4834389
2022-01-10,1815.0,1869.9,1813.0,1850.75,1626.24,7857560
2022-01-11,1855.0,1870.0,1850.15,1855.6,1630.5,5142287
2022-01-12,1868.9,1889.0,1860.0,1877.45,1649.7,5362535
2022-01-13,1905.0,1912.5,1866.35,1896.8,1666.7,14277630
2022-01-14,1882.0,1933.0,1881.0,1929.35,1695.3,7688506
2022-01-17,1938.55,1953.9,1930.5,1939.5,1704.22,5262464
2022-01-18,1922.1,1945.0,1911.45,1920.75,1687.75,3690315
2022-01-19,1916.0,1916.0,1862.85,1867.05,1640.56,5747770
2022-01-20,1844.0,1848.0,1815.5,1823.7,1602.47,5533463
2022-01-21,1795.0,1808.0,1776.0,1785.7,1569.08,8252758
2022-01-24,1765.0,1768.65,1728.0,1736.8,1526.11,7116712
2022-01-25,1726.6,1740.0,1700.5,1722.15,1513.24,9137653
2022-01-27,1702.0,1709.7,1665.0,1678.6,1474.97,11231734
2022-01-28,1681.0,1727.55,1679.5,1686.2,1481.65,10998502
2022-01-31,1718.0,1749.5,1715.35,1736.2,1525.58,8788872
2022-02-01,1766.1,1780.0,1734.7,1772.05,1557.09,5119935
2022-02-02,1789.0,1792.8,1772.0,1787.1,1570.31,4253717
2022-02-03,1779.0,1779.0,1734.0,1738.55,1527.65,3832922
2022-02-04,1732.0,1753.95,1710.15,1741.1,1529.89,4700077
2022-02-07,1722.2,1732.0,1695.4,1715.0,1506.96,4310209
2022-02-08,1710.0,1725.0,1696.0,1717.3,1508.98,6053401
2022-02-09,1735.0,1743.0,1725.0,1737.3,1526.55,3867244
2022-02-10,1755.65,1773.9,1748.75,1769.6,1554.93,4334630
2022-02-11,1740.0,1745.95,1713.0,1721.35,1512.54,7551371
2022-02-14,1690.0,1718.55,1678.25,1682.2,1478.13,7459637
2022-02-15,1699.0,1746.75,1690.45,1738.25,1527.39,4669915
2022-02-16,1738.25,1755.45,1726.85,1733.3,1523.04,5350642
2022-02-17,1744.0,1749.0,1720.3,1724.8,1515.57,3937950
2022-02-18,1710.0,1722.5,1703.5,1706.95,1499.88,5602215
2022-02-21,1701.0,1737.3,1691.5,1730.7,1520.75,5120890
2022-02-22,1699.9,1751.0,1691.05,1734.35,1523.96,8878515
2022-02-23,1750.0,1758.25,1733.4,1742.85,1531.43,5478811
2022-02-24,1690.1,1714.95,1670.5,1678.15,1474.58,13592379
2022-02-25,1715.0,1728.15,1677.0,1694.6,1489.03,9737281
2022-02-28,1682.2,1728.05,1665.0,1715.6,1507.48,15076542
2022-03-02,1710.0,1714.4,1691.0,1702.8,1496.24,6771489
2022-03-03,1720.2,1733.9,1705.55,1720.85,1512.1,7344147
2022-03-04,1695.25,1736.0,1681.0,1723.3,1514.25,9074499
2022-03-07,1697.0,1751.0,1696.0,1739.85,1528.79,9742588
2022-03-08,1718.45,1800.0,1718.45,1778.2,1562.49,10984500
2022-03-09,1791.0,1831.6,1791.0,1813.35,1593.38,10193515
2022-03-10,1844.75,1844.75,1810.2,1825.9,1604.4,6547182
2022-03-11,1814.0,1831.4,1811.0,1822.0,1600.98,4758657
2022-03-14,1831.55,1895.0,1831.55,1890.7,1661.34,10289724
2022-03-15,1888.35,1888.35,1830.0,1839.3,1616.18,7140443
2022-03-16,1865.0,1893.95,1849.0,1889.4,1660.2,5233979
2022-03-17,1923.3,1923.3,1833.05,1854.6,1629.62,17731459
2022-03-21,1861.0,1886.9,1841.1,1853.05,1628.26,8362085
2022-03-22,1850.0,1890.0,1839.0,1887.4,1658.44,5709382
2022-03-23,1897.0,1900.0,1857.0,1872.4,1645.26,6192824
2022-03-24,1856.15,1894.6,1856.15,1886.7,1657.83,3784303
2022-03-25,1892.0,1894.0,1858.0,1876.55,1648.91,3438588
2022-03-28,1866.0,1880.9,1852.65,1873.9,1646.58,4008555
2022-03-29,1873.9,1889.4,1860.55,1886.0,1657.21,3917785
2022-03-30,1910.0,1919.0,1895.0,1903.95,1672.98,7795839
2022-03-31,1900.0,1913.0,1894.2,1906.85,1675.53,5399145
2022-04-01,1886.85,1910.3,1878.3,1903.55,1672.63,6171518
2022-04-04,1889.75,1893.0,1873.0,1882.95,1654.53,7364074
2022-04-05,1883.8,1889.6,1857.15,1861.1,1635.33,5472024
2022-04-06,1855.0,1857.5,1822.15,1828.85,1606.99,5407453
2022-04-07,1821.05,1828.15,1807.55,1811.0,1591.31,5797544
2022-04-08,1823.0,1838.0,1808.0,1814.6,1594.47,5131446
2022-04-11,1814.0,1814.0,1762.55,1766.55,1552.25,8248407
2022-04-12,1757.5,1757.5,1727.75,1742.45,1531.08,6456184
2022-04-13,1754.95,1757.5,1732.0,1748.55,1536.44,6257693
2022-04-18,1605.5,1650.0,1590.0,1621.4,1424.71,30523965
2022-04-19,1636.65,1636.65,1550.0,1562.0,1372.52,17044923
2022-04-20,1575.0,1596.3,1563.0,1587.7,1395.1,10678747
2022-04-21,1595.0,1627.2,1589.25,1618.8,1422.43,7766514
2022-04-22,1604.35,1610.7,1582.4,1585.45,1393.12,8134245
2022-04-25,1572.8,1572.8,1554.1,1561.1,1371.73,7000570
2022-04-26,1577.2,1592.0,1566.55,1581.0,1389.21,5345435
2022-04-27,1572.75,1572.75,1550.35,1552.8,1364.43,8819356
2022-04-28,1570.0,1601.8,1557.45,1582.6,1390.62,9245177
2022-04-29,1590.0,1597.3,1560.8,1567.55,1377.39,9831395
2022-05-02,1550.9,1552.75,1531.0,1541.0,1354.06,7072627
2022-05-04,1547.25,1570.0,1530.15,1535.55,1349.27,6220959
2022-05-05,1560.05,1589.4,1557.45,1585.15,1392.86,6144870
2022-05-06,1550.0,1561.85,1535.05,1542.85,1355.69,6171472
2022-05-09,1540.0,1586.8,1522.15,1570.35,1379.85,6832202
2022-05-10,1558.0,1569.15,1546.05,1553.0,1364.61,6212545
2022-05-11,1549.95,1549.95,1511.6,1526.75,1341.54,7846080
2022-05-12,1514.0,1527.5,1504.3,1508.8,1325.77,7034979
2022-05-13,1519.3,1529.25,1498.1,1504.4,1321.9,6723761
2022-05-16,1510.0,1511.85,1478.65,1489.1,1308.46,6145331
2022-05-17,1494.9,1525.0,1480.9,1518.45,1334.25,6516378
2022-05-18,1522.0,1549.7,1505.3,1509.2,1326.12,6594126
2022-05-19,1481.0,1484.7,1417.65,1427.15,1254.02,16561140
2022-05-20,1453.0,1466.75,1446.7,1455.15,1278.63,10488908
2022-05-23,1455.1,1488.0,1450.05,1468.4,1290.27,5887569
2022-05-24,1468.6,1469.55,1435.25,1441.0,1266.19,5693167
2022-05-25,1435.0,1442.5,1399.25,1410.45,1239.35,9630092
2022-05-26,1418.0,1430.0,1407.05,1423.95,1251.21,13040065
2022-05-27,1443.95,1467.0,1437.4,1461.35,1284.08,8284860
2022-05-30,1487.0,1530.0,1485.0,1526.8,1341.59,10904213
2022-05-31,1510.7,1518.0,1488.15,1503.6,1335.19,16033857
2022-06-01,1513.0,1514.75,1472.1,1478.55,1312.95,8738508
2022-06-02,1484.0,1513.85,1475.6,1508.0,1339.1,7205840
2022-06-03,1524.9,1555.0,1518.0,1521.7,1351.27,9395707
2022-06-06,1516.0,1536.6,1493.0,1530.05,1358.68,6624883
2022-06-07,1519.85,1519.85,1502.6,1506.7,1337.95,4904592
2022-06-08,1520.2,1520.2,1492.0,1500.0,1332.0,4697608
2022-06-09,1485.0,1516.95,1481.5,1515.0,1345.32,4361061
2022-06-10,1486.1,1493.95,1473.6,1476.8,1311.39,6516436
2022-06-13,1443.6,1443.6,1411.7,1424.5,1264.95,6987685
2022-06-14,1410.0,1448.9,1403.15,1440.55,1279.2,6090247
2022-06-15,1440.2,1446.4,1418.85,1422.2,1262.91,4651958
2022-06-16,1438.0,1443.75,1392.0,1397.2,1240.71,6641772
2022-06-17,1391.05,1396.95,1367.15,1387.3,1231.92,9692047
2022-06-20,1390.05,1422.35,1382.0,1414.15,1255.76,4595194
2022-06-21,1424.0,1456.0,1422.75,1449.9,1287.51,6270787
2022-06-22,1436.05,1459.6,1435.0,1437.25,1276.27,6253366
2022-06-23,1439.8,1458.0,1433.0,1452.45,1289.77,6254281
2022-06-24,1458.0,1467.5,1428.9,1441.1,1279.69,6114340
2022-06-27,1468.05,1484.0,1465.15,1474.6,1309.44,4511097
2022-06-28,1469.0,1488.25,1453.0,1480.15,1314.37,4412178
2022-06-29,1464.7,1477.0,1457.0,1463.25,1299.36,5060038
2022-06-30,1465.05,1482.0,1455.0,1461.9,1298.16,9165177
2022-07-01,1454.0,1485.0,1442.35,1479.4,1313.7,4651635
2022-07-04,1480.25,1492.25,1462.0,1488.0,1321.34,4800224
2022-07-05,1498.8,1509.95,1472.0,1475.95,1310.64,7379669
2022-07-06,1482.2,1500.0,1470.0,1491.65,1324.58,5209162
2022-07-07,1503.05,1513.95,1495.7,1498.7,1330.84,3323472
2022-07-08,1515.0,1516.95,1499.95,1514.45,1344.83,3652582
2022-07-11,1495.0,1499.9,1466.4,1473.15,1308.15,4702638
2022-07-12,1461.8,1468.6,1436.0,1438.6,1277.47,4710356
2022-07-13,1450.0,1460.0,1438.6,1444.45,1282.67,5264025
2022-07-14,1451.0,1452.95,1414.0,1428.85,1268.81,6157606
2022-07-15,1446.0,1446.0,1410.65,1430.35,1270.15,5620018
2022-07-18,1450.0,1493.6,1448.05,1489.9,1323.03,5835171
2022-07-19,1471.55,1486.85,1470.1,1484.15,1317.92,3418540
2022-07-20,1501.25,1525.8,1500.0,1515.3,1345.58,5079392
2022-07-21,1517.0,1535.45,1503.1,1532.9,1361.21,5008061
2022-07-22,1534.0,1540.0,1492.15,1506.3,1337.59,7020642
2022-07-25,1480.1,1517.15,1480.1,1503.6,1335.19,7859626
2022-07-26,1496.65,1496.65,1445.0,1451.15,1288.62,7268273
2022-07-27,1451.0,1473.0,1445.0,1471.05,1306.29,4517285
2022-07-28,1496.4,1524.45,1489.85,1517.4,1347.45,6636841
2022-07-29,1532.8,1555.7,1528.0,1549.7,1376.13,7009465
2022-08-01,1564.0,1564.0,1537.9,1551.05,1377.33,2983249
2022-08-02,1546.55,1547.0,1528.35,1543.6,1370.71,4374635
2022-08-03,1549.0,1570.0,1539.9,1566.1,1390.69,6011955
2022-08-04,1587.5,1603.85,1574.95,1599.9,1420.71,7402209
2022-08-05,1608.4,1625.7,1602.3,1616.65,1435.58,5361971
2022-08-08,1617.0,1622.0,1596.0,1619.4,1438.02,3763409
2022-08-10,1621.2,1621.2,1588.1,1602.45,1422.97,4423829
2022-08-11,1630.0,1631.35,1616.0,1619.95,1438.51,3462090
2022-08-12,1613.3,1614.0,1590.15,1594.1,1415.56,3562286
2022-08-16,1609.0,1609.0,1591.1,1596.45,1417.64,3004430
2022-08-17,1596.45,1612.0,1585.0,1606.25,1426.35,4067324
2022-08-18,1594.1,1598.2,1574.0,1582.95,1405.66,4635706
2022-08-19,1585.3,1604.9,1585.1,1597.1,1418.22,4739884
2022-08-22,1586.0,1599.0,1574.0,1575.65,1399.17,3950555
2022-08-23,1548.0,1554.5,1533.0,1542.4,1369.65,5551574
2022-08-24,1535.0,1546.0,1531.0,1537.5,1365.3,2888426
2022-08-25,1548.0,1548.7,1513.75,1518.15,1348.11,4331088
2022-08-26,1535.15,1544.95,1517.45,1521.55,1351.13,3079136
2022-08-29,1468.55,1468.55,1450.0,1461.75,1298.03,8079050
2022-08-30,1473.1,1496.1,1466.0,1492.95,1325.74,6725875
2022-09-01,1460.05,1468.1,1451.05,1464.2,1300.21,8140604
2022-09-02,1478.0,1478.0,1448.0,1453.0,1290.26,5175653
2022-09-05,1451.0,1467.0,1446.35,1461.3,1297.63,3669352
2022-09-06,1461.3,1470.0,1445.45,1455.1,1292.12,3428442
2022-09-07,1440.0,1465.75,1438.05,1457.65,1294.39,3600574
2022-09-08,1475.0,1481.1,1463.6,1475.9,1310.59,4061475
2022-09-09,1488.0,1520.0,1480.0,1511.65,1342.34,4816910
2022-09-12,1525.8,1545.9,1521.15,1536.2,1364.14,5494819
2022-09-13,1551.9,1553.0,1541.3,1544.95,1371.91,4947158
2022-09-14,1497.0,1498.95,1472.0,1475.4,1310.15,14332197
2022-09-15,1475.0,1475.2,1429.05,1432.8,1272.32,12784100
2022-09-16,1425.0,1425.0,1368.35,1377.05,1222.82,20464045
2022-09-19,1392.0,1406.0,1380.6,1390.3,1234.58,6595241
2022-09-20,1407.95,1413.55,1385.1,1388.55,1233.03,7219797
2022-09-21,1379.9,1388.8,1368.4,1377.25,1222.99,7917054
2022-09-22,1366.35,1383.95,1360.0,1367.95,1214.74,9168498
2022-09-23,1367.5,1394.8,1362.0,1365.45,1212.52,10426200
2022-09-26,1360.0,1399.45,1355.0,1380.25,1225.66,9414587
2022-09-27,1393.45,1406.5,1378.0,1393.55,1237.47,8561254
2022-09-28,1379.0,1405.85,1377.0,1394.7,1238.49,7022098
2022-09-29,1404.9,1409.85,1393.0,1398.65,1242.0,6119965
2022-09-30,1388.95,1419.3,1376.0,1413.45,1255.14,8120130
2022-10-03,1412.0,1412.0,1386.0,1393.75,1237.65,4943169
2022-10-04,1419.7,1432.25,1414.0,1429.4,1269.3,6631341
2022-10-06,1445.0,1459.8,1444.1,1455.15,1292.17,6180672
2022-10-07,1446.35,1457.85,1440.15,1451.2,1288.66,3994466
2022-10-10,1426.35,1465.0,1426.35,1462.65,1298.83,5274677
2022-10-11,1462.65,1479.65,1420.1,1423.8,1264.33,12824774
2022-10-12,1437.0,1441.1,1413.55,1428.7,1268.68,5481467
2022-10-13,1431.0,1437.95,1415.0,1419.9,1260.87,4821514
2022-10-14,1485.0,1494.0,1467.25,1474.25,1309.13,14990688
2022-10-17,1476.9,1495.0,1475.5,1489.95,1323.07,4286396
2022-10-18,1510.0,1510.95,1497.25,1503.7,1335.28,4692004
2022-10-19,1504.0,1504.95,1481.3,1485.45,1319.08,3553171
2022-10-20,1475.0,1504.0,1474.2,1500.9,1332.8,4583939
2022-10-21,1500.3,1506.0,1491.35,1500.5,1332.44,3594485
2022-10-24,1518.5,1521.8,1511.0,1517.85,1347.85,982837
2022-10-25,1528.1,1532.9,1521.05,1526.3,1355.35,3914341
2022-10-27,1530.8,1534.9,1512.5,1523.95,1368.05,6760137
2022-10-28,1526.0,1527.95,1507.0,1513.25,1358.45,3053981
2022-10-31,1530.25,1546.4,1530.25,1537.65,1380.35,4542336
2022-11-01,1553.05,1575.0,1547.1,1573.0,1412.08,4542692
2022-11-02,1572.0,1572.75,1545.0,1553.3,1394.4,2938906
2022-11-03,1538.75,1543.9,1521.65,1530.75,1374.16,3174027
2022-11-04,1520.45,1520.45,1501.15,1514.0,1359.12,4509682
2022-11-07,1521.4,1527.9,1491.1,1507.45,1353.24,4898592
2022-11-09,1529.0,1529.0,1501.1,1511.2,1356.61,3334755
2022-11-10,1485.0,1512.0,1485.0,1501.95,1348.3,3435763
2022-11-11,1546.65,1573.5,1546.65,1570.1,1409.48,7214098
2022-11-14,1575.15,1591.4,1568.45,1585.3,1423.13,4908813
2022-11-15,1577.85,1597.85,1572.75,1594.0,1430.94,3497614
2022-11-16,1597.15,1609.0,1593.5,1602.8,1438.84,4497697
2022-11-17,1597.2,1602.8,1582.95,1587.4,1425.01,3469515
2022-11-18,1591.7,1598.0,1575.5,1593.4,1430.4,3126064
2022-11-21,1582.1,1587.85,1564.05,1568.2,1407.78,3071764
2022-11-22,1569.0,1588.0,1562.0,1585.05,1422.9,3399329
2022-11-23,1588.9,1592.0,1579.3,1583.15,1421.2,3245067
2022-11-24,1589.0,1636.0,1584.75,1629.8,1463.07,5282215
2022-11-25,1631.4,1644.0,1613.8,1635.65,1468.33,4563255
2022-11-28,1628.0,1653.5,1620.0,1623.4,1457.33,3825766
2022-11-29,1621.2,1638.75,1615.05,1629.05,1462.4,3131710
2022-11-30,1619.95,1645.75,1613.15,1634.95,1467.7,11868134
2022-12-01,1656.2,1672.6,1652.3,1657.1,1487.58,5407928
2022-12-02,1656.0,1661.8,1633.95,1637.9,1470.35,4283343
2022-12-05,1638.0,1644.85,1623.3,1639.75,1472.01,3824966
2022-12-06,1625.0,1626.0,1607.55,1612.9,1447.9,4822398
2022-12-07,1608.0,1623.8,1596.7,1605.5,1441.26,4898087
2022-12-08,1605.5,1623.9,1598.5,1620.15,1454.41,4206837
2022-12-09,1628.0,1628.0,1561.1,1569.3,1408.76,8880658
2022-12-12,1550.0,1565.95,1530.05,1547.2,1388.92,8037679
2022-12-13,1547.2,1577.5,1541.15,1572.15,1411.32,6135067
2022-12-14,1582.0,1588.5,1573.0,1579.4,1417.83,4976020
2022-12-15,1569.3,1570.0,1535.25,1540.5,1382.91,6443866
2022-12-16,1525.0,1549.5,1512.05,1522.2,1366.48,9630453
2022-12-19,1507.95,1516.9,1495.05,1507.35,1353.15,6222740
2022-12-20,1501.0,1516.0,1482.45,1507.3,1353.11,7396259
2022-12-21,1515.0,1521.0,1502.35,1509.55,1355.13,6236361
2022-12-22,1521.5,1529.95,1511.75,1522.05,1366.35,6302640
2022-12-23,1508.7,1509.9,1493.0,1497.1,1343.95,6283822
2022-12-26,1500.5,1509.9,1496.35,1502.4,1348.71,4115459
2022-12-27,1509.95,1521.45,1497.5,1514.85,1359.88,4860076
2022-12-28,1505.1,1524.95,1498.5,1510.15,1355.66,5029860
2022-12-29,1504.0,1521.3,1501.0,1517.55,1362.31,4624745
2022-12-30,1528.0,1530.4,1504.05,1508.2,1353.91,5060544
2023-01-02,1514.0,1526.5,1504.05,1524.0,1368.1,3801140
2023-01-03,1519.85,1532.65,1515.1,1522.55,1366.8,4551130
2023-01-04,1521.0,1521.0,1491.1,1494.8,1341.88,7059590
2023-01-05,1505.9,1505.9,1469.25,1475.2,1324.29,9868404
2023-01-06,1470.0,1475.0,1446.5,1448.5,1300.32,6443714
2023-01-09,1448.2,1489.35,1448.2,1484.45,1332.59,11498717
2023-01-10,1482.0,1483.9,1454.05,1469.75,1319.4,7158624
2023-01-11,1470.0,1494.0,1464.0,1471.25,1320.74,6173092
2023-01-12,1481.95,1485.0,1455.0,1480.6,1329.14,6591385
2023-01-13,1483.5,1519.4,1468.0,1503.65,1349.83,11610426
2023-01-16,1510.0,1528.0,1502.3,1525.5,1369.44,6073063
2023-01-17,1527.0,1542.2,1524.0,1539.5,1382.01,5922644
2023-01-18,1544.75,1551.85,1539.6,1545.4,1387.31,5843098
2023-01-19,1539.9,1549.55,1526.15,1538.9,1381.47,6165284
2023-01-20,1538.0,1545.0,1524.0,1525.55,1369.49,6496429
2023-01-23,1535.0,1553.3,1528.1,1548.0,1389.64,4855020
2023-01-24,1560.0,1568.8,1549.75,1551.9,1393.14,5200802
2023-01-25,1547.0,1556.0,1538.75,1543.0,1385.15,4158617
2023-01-27,1546.0,1550.95,1507.4,1519.15,1363.74,6209955
2023-01-30,1528.8,1544.0,1520.0,1538.8,1381.38,6964719
2023-01-31,1548.9,1548.9,1513.0,1533.75,1376.85,9448126
2023-02-01,1542.2,1555.05,1528.05,1551.1,1392.43,6194199
2023-02-02,1552.0,1586.95,1552.0,1583.75,1421.73,6916834
2023-02-03,1597.5,1604.65,1573.0,1599.4,1435.78,7040194
2023-02-06,1598.0,1598.0,1561.6,1569.85,1409.26,4570612
2023-02-07,1569.0,1576.05,1555.1,1562.4,1402.57,4336238
2023-02-08,1565.5,1603.0,1565.5,1590.5,1427.79,7983338
2023-02-09,1596.2,1619.75,1586.05,1617.0,1451.58,6904911
2023-02-10,1612.95,1616.3,1596.45,1608.55,1444.0,4786762
2023-02-13,1597.0,1597.0,1566.0,1567.45,1407.1,4001199
2023-02-14,1584.7,1596.0,1578.15,1593.25,1430.26,5043736
2023-02-15,1584.0,1599.0,1576.0,1597.05,1433.67,3465747
2023-02-16,1600.0,1614.45,1597.85,1601.8,1437.94,4290289
2023-02-17,1594.0,1595.0,1575.5,1583.8,1421.78,2857734
2023-02-20,1584.95,1603.0,1582.5,1592.45,1429.55,2417716
2023-02-21,1598.7,1601.65,1576.0,1579.5,1417.92,2723288
2023-02-22,1563.0,1575.0,1555.3,1561.8,1402.03,3656244
2023-02-23,1569.85,1569.85,1548.15,1550.7,1392.07,4766854
2023-02-24,1560.0,1569.0,1545.0,1550.65,1392.02,2790986
2023-02-27,1540.0,1540.0,1502.0,1509.3,1354.9,4920268
2023-02-28,1515.6,1524.0,1481.3,1487.55,1335.38,9679811
2023-03-01,1492.4,1500.85,1481.5,1496.05,1343.01,5125043
2023-03-02,1485.0,1488.6,1467.3,1472.15,1321.55,4644499
2023-03-03,1486.75,1489.8,1473.0,1479.3,1327.97,4615015
2023-03-06,1494.55,1520.4,1493.15,1507.45,1353.24,6561742
2023-03-08,1490.55,1496.0,1481.1,1492.7,1340.0,4137080
2023-03-09,1495.0,1498.35,1474.6,1480.4,1328.96,5104656
2023-03-10,1460.0,1474.3,1457.65,1471.55,1321.01,3699580
2023-03-13,1464.2,1478.3,1428.0,1435.1,1288.29,8798403
2023-03-14,1441.0,1448.35,1411.0,1420.0,1274.74,7402784
2023-03-15,1438.0,1442.85,1416.85,1419.65,1274.42,7556182
2023-03-16,1417.8,1417.8,1398.7,1404.1,1260.46,7323117
2023-03-17,1430.0,1442.9,1411.4,1420.7,1275.36,9090018
2023-03-20,1419.7,1419.7,1384.85,1403.65,1260.06,8221829
2023-03-21,1399.0,1405.0,1390.0,1390.7,1248.43,8536755
2023-03-22,1403.0,1407.25,1382.15,1389.25,1247.13,8356487
2023-03-23,1383.95,1383.95,1370.0,1374.55,1233.94,7607718
2023-03-24,1388.0,1398.95,1377.5,1380.65,1239.41,7559127
2023-03-27,1386.25,1395.75,1374.1,1388.95,1246.86,4170193
2023-03-28,1392.1,1398.0,1375.85,1377.6,1236.67,6633366
2023-03-29,1379.0,1389.9,1364.55,1383.55,1242.02,8813966
2023-03-31,1404.0,1429.95,1393.9,1427.95,1281.87,8711975
2023-04-03,1435.0,1435.0,1405.15,1410.85,1266.52,5242764
2023-04-05,1400.0,1427.5,1400.0,1423.55,1277.92,7506334
2023-04-06,1416.0,1428.4,1410.35,1421.9,1276.44,6948465
2023-04-10,1423.95,1434.0,1415.0,1427.6,1281.56,4993788
2023-04-11,1428.9,1433.35,1389.0,1406.15,1262.3,6942255
2023-04-12,1413.05,1431.5,1400.0,1428.3,1282.19,5831169
2023-04-13,1409.75,1411.05,1383.0,1389.2,1247.09,11267238
2023-04-17,1250.3,1261.15,1185.3,1258.3,1129.58,53171705
2023-04-18,1269.95,1269.95,1253.1,1259.35,1130.52,12430884
2023-04-19,1254.35,1254.35,1229.4,1232.2,1106.15,11307230
2023-04-20,1230.7,1237.85,1221.4,1223.4,1098.25,8621249
2023-04-21,1228.1,1233.25,1220.0,1227.35,1101.79,8691352
2023-04-24,1228.0,1230.0,1218.0,1226.3,1100.85,8313774
2023-04-25,1225.95,1235.5,1215.0,1224.9,1099.59,6808576
2023-04-26,1228.0,1233.0,1220.55,1227.55,1101.97,5680192
2023-04-27,1230.0,1247.8,1225.4,1246.25,1118.76,8020704
2023-04-28,1255.7,1259.0,1244.95,1252.75,1124.6,10118277
2023-05-02,1254.55,1279.75,1254.55,1277.45,1146.77,8886401
2023-05-03,1266.0,1272.5,1262.1,1269.15,1139.32,5549783
2023-05-04,1268.95,1275.8,1262.5,1273.55,1143.27,4505401
2023-05-05,1279.0,1279.0,1254.25,1259.1,1130.3,5373791
2023-05-08,1262.45,1270.3,1255.2,1265.6,1136.13,5260842
2023-05-09,1266.0,1272.0,1260.7,1270.7,1140.71,4969897
2023-05-10,1276.4,1276.4,1259.15,1263.25,1134.02,6515734
2023-05-11,1270.25,1275.9,1253.05,1256.1,1127.6,6888461
2023-05-12,1253.35,1256.0,1239.05,1245.2,1117.82,8292212
2023-05-15,1249.9,1268.9,1245.65,1258.35,1129.62,5534710
2023-05-16,1265.0,1273.95,1262.75,1264.3,1134.96,5236469
2023-05-17,1260.6,1260.95,1242.45,1246.9,1119.34,10465667
2023-05-18,1258.6,1259.65,1242.45,1246.0,1118.54,6948732
2023-05-19,1256.05,1273.3,1252.8,1268.9,1139.09,11094136
2023-05-22,1272.95,1295.6,1270.25,1292.8,1160.55,7625947
2023-05-23,1299.2,1314.15,1297.05,1300.05,1167.06,7436031
2023-05-24,1296.3,1305.0,1291.3,1298.65,1165.8,4824077
2023-05-25,1294.5,1307.0,1289.25,1304.35,1170.92,4334121
2023-05-26,1306.0,1323.45,1306.0,1317.45,1182.68,5521606
2023-05-29,1332.7,1332.7,1309.85,1314.4,1179.94,4419365
2023-05-30,1315.0,1326.4,1309.15,1323.85,1188.42,6274719
2023-05-31,1319.85,1331.1,1314.15,1318.3,1183.44,17800782
2023-06-01,1322.55,1329.5,1318.1,1319.5,1184.52,4277841
2023-06-02,1309.0,1312.9,1296.05,1299.0,1181.79,10909311
2023-06-05,1304.0,1309.45,1297.3,1304.5,1186.79,5002553
2023-06-06,1288.6,1288.6,1273.0,1279.0,1163.59,10008100
2023-06-07,1290.5,1294.0,1282.5,1288.95,1172.64,5397578
2023-06-08,1286.2,1292.0,1281.1,1282.8,1167.05,5034942
2023-06-09,1282.5,1282.5,1264.0,1265.95,1151.72,5339073
2023-06-12,1273.5,1295.7,1273.0,1291.95,1175.37,4785588
2023-06-13,1299.9,1306.5,1297.05,1304.85,1187.11,4846587
2023-06-14,1306.35,1306.7,1293.2,1300.4,1183.06,3457981
2023-06-15,1293.95,1293.95,1282.65,1286.8,1170.69,6161155
2023-06-16,1287.0,1301.5,1281.05,1291.65,1175.1,8536287
2023-06-19,1294.0,1299.5,1287.05,1294.0,1177.24,4451787
2023-06-20,1294.0,1305.0,1291.1,1303.4,1185.79,4009180
2023-06-21,1299.95,1303.8,1295.0,1299.35,1182.11,4041529
2023-06-22,1289.4,1289.4,1273.5,1281.55,1165.91,6676607
2023-06-23,1276.45,1279.35,1263.35,1265.0,1150.86,7239467
2023-06-26,1270.25,1274.0,1262.25,1270.35,1155.72,3403244
2023-06-27,1280.0,1282.0,1274.2,1279.15,1163.73,3240024
2023-06-28,1290.0,1296.7,1281.4,1293.35,1176.65,5662358
2023-06-30,1308.2,1338.9,1304.45,1335.5,1214.99,12821692
2023-07-03,1330.0,1346.0,1328.45,1333.7,1213.36,7732412
2023-07-04,1344.3,1346.0,1331.4,1345.15,1223.77,5797775
2023-07-05,1357.85,1357.95,1341.0,1347.3,1225.73,5414936
2023-07-06,1342.55,1347.45,1337.15,1343.9,1222.64,5963897
2023-07-07,1334.0,1345.8,1325.35,1330.2,1210.17,6295647
2023-07-10,1336.55,1341.9,1319.3,1329.15,1209.22,3940315
2023-07-11,1333.45,1350.9,1327.0,1348.6,1226.91,6126128
2023-07-12,1351.0,1351.9,1327.0,1333.3,1212.99,8102770
2023-07-13,1334.9,1376.8,1330.85,1365.1,1241.92,9977644
2023-07-14,1380.65,1430.0,1380.65,1425.95,1297.28,12833381
2023-07-17,1425.95,1458.95,1414.3,1422.95,1294.55,11569884
2023-07-18,1434.0,1477.95,1429.0,1475.2,1342.09,16743977
2023-07-19,1486.0,1498.8,1460.7,1474.95,1341.86,13687062
2023-07-20,1471.0,1471.0,1440.7,1449.5,1318.71,8347221
2023-07-21,1320.2,1350.0,1305.0,1331.6,1211.45,45548305
2023-07-24,1341.0,1349.9,1334.25,1336.6,1216.0,8859789
2023-07-25,1337.0,1342.85,1324.25,1334.6,1214.18,6801982
2023-07-26,1343.0,1350.0,1339.4,1348.85,1227.14,5528885
2023-07-27,1358.6,1363.8,1347.05,1353.15,1231.05,9191861
2023-07-28,1353.85,1363.85,1336.0,1340.5,1219.54,6122735
2023-07-31,1348.75,1357.5,1333.25,1355.7,1233.37,7902180
2023-08-01,1362.0,1369.0,1357.0,1365.2,1242.01,6064652
2023-08-02,1369.3,1371.95,1348.45,1356.85,1234.42,7419145
2023-08-03,1350.0,1366.55,1349.0,1364.3,1241.2,6503741
2023-08-04,1368.9,1385.9,1362.0,1378.35,1253.98,5712345
2023-08-07,1387.9,1395.0,1377.0,1393.0,1267.31,3729093
2023-08-08,1392.85,1393.55,1384.4,1390.2,1264.76,4161877
2023-08-09,1384.0,1396.0,1382.5,1394.4,1268.58,4090828
2023-08-10,1391.6,1395.8,1385.6,1389.1,1263.76,3873025
2023-08-11,1392.0,1396.85,1367.05,1371.85,1248.06,5783517
2023-08-14,1371.85,1395.0,1365.6,1393.55,1267.81,4304135
2023-08-16,1410.8,1419.95,1405.4,1418.5,1290.51,7735313
2023-08-17,1420.0,1420.0,1406.0,1411.55,1284.18,5618346
2023-08-18,1403.7,1408.7,1386.15,1388.8,1263.49,5134103
2023-08-21,1389.75,1407.0,1387.15,1405.4,1278.59,3032722
2023-08-22,1404.7,1406.05,1396.65,1403.75,1277.09,2890714
2023-08-23,1416.0,1416.6,1405.65,1407.95,1280.91,2559125
2023-08-24,1421.5,1425.05,1414.45,1423.6,1295.15,5171963
2023-08-25,1413.0,1422.5,1411.4,1420.1,1291.96,4307172
2023-08-28,1420.1,1424.8,1411.4,1415.65,1287.91,3133464
2023-08-29,1424.0,1424.4,1415.3,1417.65,1289.73,3074444
2023-08-30,1427.0,1436.65,1424.0,1435.15,1305.65,3070887
2023-08-31,1435.15,1444.9,1428.65,1435.45,1305.93,9792735
2023-09-01,1430.95,1446.0,1428.2,1443.85,1313.57,3582133
2023-09-04,1443.0,1470.0,1434.7,1465.1,1332.9,4609014
2023-09-05,1465.0,1480.05,1456.5,1478.9,1345.46,5496840
2023-09-06,1481.9,1482.9,1463.3,1477.45,1344.14,5075786
2023-09-07,1470.6,1473.4,1462.05,1466.2,1333.9,4411743
2023-09-08,1463.5,1474.75,1460.2,1469.6,1336.99,3125838
2023-09-11,1469.6,1478.05,1464.5,1476.45,1343.23,4182226
2023-09-12,1482.5,1504.0,1477.1,1501.1,1365.65,6793161
2023-09-13,1505.0,1505.0,1488.65,1498.35,1363.15,4804686
2023-09-14,1505.0,1512.55,1499.15,1506.95,1370.97,6444213
2023-09-15,1518.0,1518.4,1509.0,1511.6,1375.2,8657816
2023-09-18,1504.9,1504.9,1488.0,1491.8,1357.19,3991916
2023-09-20,1476.2,1495.1,1476.2,1490.25,1355.78,4169337
2023-09-21,1486.55,1504.55,1476.0,1501.75,1366.24,6779195
2023-09-22,1491.9,1506.95,1485.2,1496.15,1361.15,5455613
2023-09-25,1489.85,1489.85,1471.55,1474.15,1341.13,4217863
2023-09-26,1479.15,1479.9,1459.0,1460.65,1328.85,3996528
2023-09-27,1456.0,1469.6,1450.05,1467.0,1334.63,3863586
2023-09-28,1467.9,1472.6,1435.0,1439.45,1309.56,5814602
2023-09-29,1432.1,1446.8,1416.0,1435.45,1305.93,6068968
2023-10-03,1436.05,1437.0,1420.3,1434.0,1304.61,4181867
2023-10-04,1425.0,1449.95,1418.2,1444.35,1314.02,4510406
2023-10-05,1452.0,1475.65,1450.2,1463.45,1331.4,7384621
2023-10-06,1469.5,1484.5,1463.3,1478.7,1345.27,3598672
2023-10-09,1464.9,1491.0,1462.2,1475.45,1342.32,3567552
2023-10-10,1483.9,1497.0,1469.1,1495.15,1360.24,5688951
2023-10-11,1497.0,1518.25,1481.45,1494.4,1359.56,7220129
2023-10-12,1491.9,1504.4,1452.0,1465.5,1333.26,11081662
2023-10-13,1405.0,1438.0,1400.0,1431.15,1302.01,17973439
2023-10-16,1432.1,1443.6,1430.0,1434.15,1304.74,4850745
2023-10-17,1440.25,1453.35,1438.05,1442.45,1312.29,3923764
2023-10-18,1442.0,1454.0,1438.35,1440.55,1310.57,4264837
2023-10-19,1426.1,1439.65,1426.1,1433.65,1304.29,6795691
2023-10-20,1430.0,1438.5,1425.25,1427.25,1298.47,3928622
2023-10-23,1425.6,1432.35,1405.25,1408.65,1281.54,2636516
2023-10-25,1399.0,1402.55,1361.3,1370.05,1262.56,6940777
2023-10-26,1355.05,1374.0,1353.1,1359.45,1252.79,6357656
2023-10-27,1363.65,1385.0,1363.65,1380.35,1272.05,4634358
2023-10-30,1380.35,1380.35,1363.1,1377.05,1269.01,2667696
2023-10-31,1379.95,1381.15,1363.0,1368.4,1261.04,3451595
2023-11-01,1373.05,1377.45,1351.65,1354.15,1247.91,3090672
2023-11-02,1370.0,1376.3,1361.65,1370.15,1262.65,3758060
2023-11-03,1380.05,1392.0,1377.75,1389.05,1280.07,3349045
2023-11-06,1393.9,1407.25,1390.8,1403.3,1293.2,2736381
2023-11-07,1400.0,1405.9,1394.85,1404.3,1294.12,2272209
2023-11-08,1405.0,1405.0,1386.45,1391.0,1281.87,3550635
2023-11-09,1395.9,1397.5,1370.05,1374.8,1266.94,5498051
2023-11-10,1369.95,1373.15,1361.0,1368.85,1261.45,2943649
2023-11-13,1379.85,1382.45,1370.85,1373.55,1265.79,3462092
2023-11-15,1399.0,1414.0,1393.0,1410.5,1299.84,8551860
2023-11-16,1416.1,1453.4,1410.6,1444.9,1331.54,6673907
2023-11-17,1441.05,1451.0,1435.05,1437.55,1324.76,4901251
2023-11-20,1442.0,1452.0,1433.65,1436.6,1323.89,3584210
2023-11-21,1442.0,1450.0,1436.75,1439.0,1326.1,3793135
2023-11-22,1436.2,1458.95,1436.2,1457.8,1343.43,3108786
2023-11-23,1467.9,1467.9,1447.7,1449.25,1335.55,3186928
2023-11-24,1445.55,1452.65,1433.85,1437.4,1324.63,2973195
2023-11-28,1444.0,1445.0,1427.05,1442.7,1329.51,3755373
2023-11-29,1451.1,1460.7,1449.8,1459.6,1345.08,3875778
2023-11-30,1453.25,1460.65,1449.55,1455.15,1340.98,10120867
2023-12-01,1459.9,1459.9,1446.15,1452.3,1338.36,3489187
2023-12-04,1460.45,1471.9,1449.3,1464.35,1349.46,5511948
2023-12-05,1465.8,1466.9,1442.0,1453.95,1339.88,5123039
2023-12-06,1456.75,1477.0,1451.05,1474.3,1358.63,5269178
2023-12-07,1472.85,1472.85,1461.8,1465.9,1350.89,4424453
2023-12-08,1470.4,1494.7,1466.25,1491.15,1374.16,6323433
2023-12-11,1490.0,1498.0,1482.0,1488.5,1371.72,3862018
2023-12-12,1477.5,1490.0,1467.65,1476.05,1360.24,6103494
2023-12-13,1476.0,1476.05,1433.15,1449.0,1335.32,8549258
2023-12-14,1463.4,1511.0,1461.35,1501.45,1383.65,12489858
2023-12-15,1523.05,1588.55,1521.0,1578.4,1454.56,18395389
2023-12-18,1567.95,1593.0,1560.3,1564.35,1441.62,6467243
2023-12-19,1570.1,1573.95,1543.25,1558.3,1436.04,4221721
2023-12-20,1565.05,1583.5,1530.0,1536.4,1415.86,6592367
2023-12-21,1521.25,1546.65,1521.25,1536.0,1415.49,5319038
2023-12-22,1534.95,1566.0,1523.0,1562.9,1440.28,6741060
2023-12-26,1535.0,1548.0,1523.0,1543.95,1422.82,6878067
2023-12-27,1544.0,1570.0,1544.0,1567.1,1444.15,4225849
2023-12-28,1568.95,1568.95,1555.0,1562.65,1440.05,5702253
2023-12-29,1541.05,1559.45,1540.0,1542.9,1421.85,4388990
2024-01-01,1539.0,1557.0,1535.25,1551.35,1429.64,2808451
2024-01-02,1546.0,1549.15,1523.0,1534.4,1414.02,5396313
2024-01-03,1519.95,1519.95,1488.0,1490.0,1373.1,7550363
2024-01-04,1504.95,1519.75,1492.9,1512.7,1394.02,7056038
2024-01-05,1506.75,1539.7,1506.25,1532.55,1412.31,8895403
2024-01-08,1528.95,1536.0,1513.25,1522.8,1403.33,4440136
2024-01-09,1541.9,1553.0,1525.85,1529.3,1409.32,4412074
2024-01-10,1524.95,1535.45,1505.0,1519.9,1400.65,4096845
2024-01-11,1524.9,1525.0,1486.6,1494.2,1376.97,11296088
2024-01-12,1562.0,1618.0,1555.4,1612.75,1486.22,26754401
2024-01-15,1644.95,1664.95,1636.0,1652.1,1522.48,13228305
2024-01-16,1644.8,1648.5,1625.0,1631.55,1503.54,6500917
2024-01-17,1620.25,1647.5,1620.25,1640.2,1511.52,9209876
2024-01-18,1642.65,1649.0,1628.25,1642.6,1513.73,6375464
2024-01-19,1651.6,1665.5,1644.15,1659.2,1529.02,4522736
2024-01-23,1650.1,1674.7,1637.7,1642.15,1513.31,9401255
2024-01-24,1659.9,1680.0,1645.0,1675.4,1543.95,8999681
2024-01-25,1672.95,1680.55,1658.0,1669.1,1538.15,8865304
2024-01-29,1665.15,1679.35,1647.6,1656.6,1526.63,4253785
2024-01-30,1662.45,1690.0,1648.25,1651.45,1521.88,4995943
2024-01-31,1648.25,1667.25,1638.1,1660.9,1530.59,6763779
2024-02-01,1659.55,1677.0,1650.35,1657.05,1527.04,5760011
2024-02-02,1666.05,1718.5,1665.0,1693.35,1560.5,7858483
2024-02-05,1694.75,1700.75,1681.85,1687.2,1554.83,3634135
2024-02-06,1686.75,1733.0,1673.95,1729.45,1593.76,7694265
2024-02-07,1729.0,1729.0,1686.85,1693.75,1560.86,4613877
2024-02-08,1698.0,1706.35,1682.8,1692.1,1559.34,5919715
2024-02-09,1684.7,1692.9,1659.8,1669.35,1538.38,4600004
2024-02-12,1670.35,1692.95,1670.35,1680.1,1548.28,3555808
2024-02-13,1683.0,1689.1,1663.5,1684.55,1552.39,2696481
2024-02-14,1660.2,1669.45,1635.5,1666.2,1535.48,3768579
2024-02-15,1677.0,1687.75,1661.6,1676.35,1544.83,4834391
2024-02-16,1689.0,1709.0,1687.95,1701.65,1568.14,4880654
2024-02-19,1705.0,1711.5,1687.7,1699.75,1566.39,3690993
2024-02-20,1685.0,1694.25,1668.75,1685.25,1553.03,3706389
2024-02-21,1674.0,1674.0,1645.3,1655.55,1525.66,4300508
2024-02-22,1665.0,1684.6,1644.4,1681.35,1549.44,5841277
2024-02-23,1697.0,1698.45,1671.9,1676.85,1545.29,5373072
2024-02-26,1674.95,1674.95,1645.0,1660.15,1529.9,2782438
2024-02-27,1661.0,1671.1,1652.8,1663.6,1533.08,5159088
2024-02-28,1670.0,1687.8,1662.05,1671.25,1540.13,3188916
2024-02-29,1665.0,1682.25,1653.3,1673.9,1542.57,7814722
2024-03-01,1669.0,1671.95,1651.0,1654.7,1524.88,6387291
2024-03-04,1657.85,1664.45,1633.65,1637.2,1508.75,4445156
2024-03-05,1634.0,1637.35,1602.0,1606.5,1480.46,4596579
2024-03-06,1602.8,1620.15,1576.0,1617.55,1490.64,6420684
2024-03-07,1616.6,1628.45,1604.2,1616.45,1489.63,6348359
2024-03-11,1608.15,1613.8,1588.0,1600.6,1475.02,6752895
2024-03-12,1600.0,1625.0,1597.65,1612.95,1486.4,4614222
2024-03-13,1612.9,1624.5,1598.55,1611.4,1484.97,5688997
2024-03-14,1614.4,1657.75,1608.0,1653.3,1523.59,8803799
2024-03-15,1641.1,1645.8,1618.35,1634.0,1505.8,11809997
2024-03-18,1630.0,1632.65,1598.85,1602.65,1476.91,4958904
2024-03-19,1592.35,1599.0,1558.0,1561.45,1438.94,6870411
2024-03-20,1563.0,1574.95,1552.35,1554.95,1432.95,4759059
2024-03-21,1564.0,1576.95,1543.4,1554.7,1432.72,11062497
2024-03-22,1521.0,1528.9,1498.2,1508.85,1390.47,14673890
2024-03-26,1492.0,1507.45,1487.9,1492.65,1375.54,8351081
2024-03-27,1496.0,1499.0,1481.55,1483.85,1367.43,6857402
2024-03-28,1487.15,1511.8,1487.15,1498.05,1380.52,12499530
2024-04-01,1525.0,1529.95,1492.8,1495.45,1378.12,6580002
2024-04-02,1484.85,1493.15,1480.85,1482.85,1366.51,7279400
2024-04-03,1479.0,1495.1,1475.0,1480.65,1364.48,8736248
2024-04-04,1490.55,1495.65,1468.0,1486.7,1370.06,11186915
2024-04-05,1480.05,1486.7,1476.05,1479.1,1363.05,5072482
2024-04-08,1483.0,1490.95,1474.1,1476.7,1360.84,6610887
2024-04-09,1490.0,1513.8,1487.3,1494.85,1377.57,9423230
2024-04-10,1500.35,1509.85,1484.55,1506.8,1388.58,6744595
2024-04-12,1504.0,1506.8,1479.5,1484.75,1368.26,12275616
2024-04-15,1480.0,1491.95,1461.05,1468.15,1352.96,8531224
2024-04-16,1451.0,1455.15,1413.05,1414.45,1303.48,16173541
2024-04-18,1421.1,1444.7,1407.5,1419.25,1307.9,22107945
2024-04-19,1385.0,1426.85,1378.75,1411.25,1300.53,20603621
2024-04-22,1419.9,1436.85,1413.05,1432.75,1320.34,5859087
2024-04-23,1443.0,1446.85,1433.0,1442.4,1329.23,4856174
2024-04-24,1444.3,1444.3,1427.05,1430.75,1318.5,4268213
2024-04-25,1420.0,1444.9,1420.0,1438.45,1325.59,9089398
2024-04-26,1439.7,1445.4,1427.0,1430.25,1318.04,8062444
2024-04-29,1429.95,1439.8,1428.25,1434.75,1322.18,5055957
2024-04-30,1434.7,1436.55,1417.55,1420.55,1309.1,6936588
2024-05-02,1413.0,1424.0,1411.85,1414.45,1303.48,10076354
2024-05-03,1422.1,1424.8,1403.2,1416.3,1305.18,8842345
2024-05-06,1420.0,1445.7,1417.1,1425.9,1314.03,6445422
2024-05-07,1424.95,1443.35,1415.6,1440.95,1327.9,6080661
2024-05-08,1435.25,1439.75,1425.6,1427.3,1315.32,6234983
2024-05-09,1427.55,1449.95,1424.85,1439.55,1326.61,6088406
2024-05-10,1435.05,1435.95,1413.0,1424.9,1313.11,8777481
2024-05-13,1425.0,1425.0,1411.2,1423.45,1311.77,3735954
2024-05-14,1426.4,1433.75,1418.05,1424.7,1312.92,3463230
2024-05-15,1426.0,1431.8,1418.55,1419.95,1308.55,4327544
2024-05-16,1433.95,1455.75,1427.0,1453.35,1339.32,9249145
2024-05-17,1457.0,1457.0,1439.25,1444.3,1330.98,7542860
2024-05-21,1430.0,1444.7,1428.4,1434.15,1321.63,6752663
2024-05-22,1428.75,1459.95,1428.0,1454.8,1340.66,7173285
2024-05-23,1454.7,1478.15,1450.0,1472.4,1356.88,8641428
2024-05-24,1468.25,1475.5,1460.0,1465.1,1350.15,5277938
2024-05-27,1471.85,1479.6,1460.25,1471.35,1355.91,5821844
2024-05-28,1475.5,1476.0,1460.3,1467.05,1351.95,6186922
2024-05-29,1465.4,1465.5,1450.0,1450.95,1337.11,7401634
2024-05-30,1442.8,1449.85,1421.55,1427.45,1315.46,9663150
2024-05-31,1409.8,1436.75,1400.0,1406.9,1322.46,37113815
2024-06-03,1440.0,1440.0,1404.0,1405.9,1321.52,10589244
2024-06-04,1409.0,1415.0,1358.35,1393.65,1310.01,13736134
2024-06-05,1400.15,1438.0,1400.15,1430.1,1344.27,9233424
2024-06-06,1444.95,1474.3,1437.5,1472.25,1383.89,12660930
2024-06-07,1481.0,1539.7,1477.25,1533.6,1441.56,24075302
2024-06-10,1525.3,1529.8,1497.3,1499.75,1409.74,6810606
2024-06-11,1500.05,1506.45,1493.95,1495.75,1405.98,4853054
2024-06-12,1507.0,1508.75,1482.75,1485.2,1396.06,9564320
2024-06-13,1495.0,1505.0,1489.35,1493.95,1404.29,7307565
2024-06-14,1503.7,1503.7,1486.05,1488.9,1399.54,4237727
2024-06-18,1497.0,1507.0,1495.4,1498.2,1408.28,5420939
2024-06-19,1505.0,1515.65,1496.7,1511.35,1420.64,5493456
2024-06-20,1516.3,1517.5,1499.1,1515.4,1424.45,7927010
2024-06-21,1545.0,1557.75,1523.7,1532.7,1440.71,17301941
2024-06-24,1524.55,1529.1,1515.4,1527.15,1435.49,5564989
2024-06-25,1526.0,1543.9,1520.35,1541.95,1449.4,4551525
2024-06-26,1541.0,1548.85,1535.0,1540.7,1448.23,4851004
2024-06-27,1538.45,1578.4,1532.05,1573.35,1478.92,14757754
2024-06-28,1572.55,1588.5,1564.25,1566.75,1472.72,8197544
2024-07-01,1559.5,1599.9,1559.5,1590.8,1495.32,6801771
2024-07-02,1596.2,1633.8,1586.5,1621.05,1523.76,10493173
2024-07-03,1625.0,1636.0,1606.0,1627.4,1529.73,7269965
2024-07-04,1628.2,1660.0,1628.0,1650.65,1551.58,8008311
2024-07-05,1651.45,1665.85,1633.35,1647.45,1548.57,7065022
2024-07-08,1643.1,1666.0,1640.0,1661.65,1561.92,5880533
2024-07-09,1659.9,1666.75,1651.0,1657.15,1557.69,5191182
2024-07-10,1657.0,1674.0,1637.55,1648.25,1549.32,9852770
2024-07-11,1656.0,1665.0,1642.05,1652.7,1553.51,8857679
2024-07-12,1680.0,1719.75,1666.65,1711.75,1609.01,17078316
2024-07-15,1726.2,1728.0,1702.65,1707.05,1604.6,6942230
2024-07-16,1718.6,1737.9,1700.0,1726.05,1622.45,6886281
2024-07-18,1719.0,1765.4,1719.0,1758.05,1652.53,11248896
2024-07-19,1844.0,1844.0,1786.45,1792.95,1685.34,29819116
2024-07-22,1800.15,1823.0,1792.95,1810.85,1702.17,8462126
2024-07-23,1810.0,1839.95,1783.25,1836.9,1726.65,7113056
2024-07-24,1837.5,1842.35,1819.6,1833.95,1723.88,6002845
2024-07-25,1820.0,1830.9,1812.0,1824.85,1715.32,5815599
2024-07-26,1825.35,1883.0,1825.35,1878.9,1766.13,11369047
2024-07-29,1893.6,1903.0,1864.0,1871.1,1758.8,4635931
2024-07-30,1871.1,1879.95,1860.0,1877.15,1764.49,2721265
2024-07-31,1877.0,1885.15,1865.05,1868.25,1756.12,5004209
2024-08-01,1856.1,1867.9,1845.1,1852.6,1741.41,7475014
2024-08-02,1843.0,1859.5,1816.15,1821.2,1711.89,7400938
2024-08-05,1784.95,1797.5,1718.55,1751.9,1646.75,10736703
2024-08-06,1760.2,1796.95,1744.85,1751.1,1646.0,7690163
2024-08-07,1796.0,1797.9,1762.1,1791.65,1684.12,5094329
2024-08-08,1779.95,1779.95,1727.1,1743.15,1638.53,6227910
2024-08-09,1771.25,1780.75,1756.0,1770.75,1664.47,4258524
2024-08-12,1773.05,1803.5,1768.1,1797.4,1689.52,4315329
2024-08-13,1810.0,1810.0,1789.05,1797.45,1689.57,4176918
2024-08-14,1802.0,1825.0,1797.45,1823.25,1713.82,7450718
2024-08-16,1850.0,1861.85,1829.5,1858.95,1747.38,7335657
2024-08-19,1860.0,1867.55,1849.2,1864.8,1752.88,2585989
2024-08-20,1880.0,1885.7,1868.2,1872.2,1759.83,3870333
2024-08-21,1875.1,1879.0,1867.1,1872.7,1760.3,1966902
2024-08-22,1884.0,1893.65,1869.7,1880.25,1767.4,4300287
2024-08-23,1878.2,1882.6,1857.0,1862.1,1750.34,5015935
2024-08-26,1870.0,1888.75,1864.0,1876.15,1763.55,3728589
2024-08-27,1876.15,1902.75,1873.9,1900.1,1786.06,3830679
2024-08-28,1906.9,1951.0,1897.4,1939.1,1822.72,6514531
2024-08-29,1933.0,1950.5,1920.9,1933.35,1817.31,7228284
2024-08-30,1938.0,1950.0,1928.0,1943.7,1827.04,13466759
2024-09-02,1943.35,1975.75,1942.8,1964.5,1846.59,5573739
2024-09-03,1967.0,1967.0,1936.45,1941.25,1824.74,4694322
2024-09-04,1921.1,1927.2,1900.05,1922.45,1807.07,4778310
2024-09-05,1926.25,1940.0,1909.6,1933.15,1817.12,4081810
2024-09-06,1922.0,1936.5,1896.85,1901.85,1787.7,5848106
2024-09-09,1890.0,1920.85,1889.0,1894.65,1780.94,4772612
2024-09-10,1904.9,1935.0,1896.0,1912.3,1797.53,6909600
2024-09-11,1914.7,1926.0,1905.0,1910.15,1795.51,5312946
2024-09-12,1925.0,1956.4,1910.8,1950.45,1833.39,8555092
2024-09-13,1950.45,1958.6,1935.65,1944.1,1827.42,3843127
2024-09-16,1945.75,1952.0,1933.05,1950.25,1833.2,1570181
2024-09-17,1947.75,1958.45,1942.15,1952.55,1835.36,2793127
2024-09-18,1938.75,1938.75,1881.3,1892.15,1778.59,6385468
2024-09-19,1910.6,1924.9,1878.8,1894.2,1780.51,7976570
2024-09-20,1905.0,1915.0,1867.4,1905.75,1791.37,15242974
2024-09-23,1909.0,1918.9,1878.45,1896.45,1782.63,3636672
2024-09-24,1888.0,1910.9,1871.4,1898.6,1784.65,7277616
2024-09-25,1886.35,1901.6,1876.8,1895.3,1781.55,4268341
2024-09-26,1897.8,1917.95,1893.0,1900.25,1786.2,8952803
2024-09-27,1932.1,1974.6,1903.3,1906.75,1792.31,14908931
2024-09-30,1880.0,1901.25,1870.5,1875.6,1763.03,6986955
2024-10-01,1875.0,1908.95,1875.0,1904.35,1790.05,4029072
2024-10-03,1889.5,1911.85,1881.0,1893.4,1779.76,7503887
2024-10-04,1889.55,1954.1,1886.0,1918.15,1803.03,10001483
2024-10-07,1923.2,1942.0,1916.05,1934.3,1818.21,6112575
2024-10-08,1937.9,1957.95,1906.35,1948.55,1831.6,5637391
2024-10-09,1952.55,1977.0,1945.1,1952.75,1835.55,4857163
2024-10-10,1957.9,1964.0,1914.1,1919.0,1803.82,4782119
2024-10-11,1918.0,1947.0,1910.1,1935.1,1818.96,4709431
2024-10-14,1932.15,1969.5,1931.1,1958.9,1841.33,3751378
2024-10-15,1960.0,1991.45,1951.75,1959.3,1841.71,5353705
2024-10-16,1955.0,1959.55,1916.35,1920.1,1804.86,3111512
2024-10-17,1935.2,1978.0,1930.15,1968.1,1849.98,8162822
2024-10-18,1893.8,1936.85,1869.25,1879.6,1766.79,10526196
2024-10-21,1891.1,1898.8,1838.0,1852.75,1741.55,4654601
2024-10-22,1858.2,1877.8,1846.95,1851.6,1740.47,4125240
2024-10-23,1845.25,1886.0,1844.0,1873.4,1760.96,4311910
2024-10-24,1861.4,1884.0,1860.0,1863.35,1751.51,2906475
2024-10-25,1863.45,1876.35,1846.4,1862.05,1750.29,4689120
2024-10-28,1859.7,1881.9,1857.0,1865.35,1753.39,7018940
2024-10-29,1846.0,1851.6,1829.0,1839.3,1748.59,4621252
2024-10-30,1832.0,1839.0,1796.35,1802.1,1713.23,5919715
2024-10-31,1787.9,1787.9,1746.5,1757.25,1670.59,7395236
2024-11-01,1764.5,1766.0,1752.05,1760.85,1674.01,371966
2024-11-04,1724.5,1767.0,1718.0,1763.65,1676.67,7336722
2024-11-05,1760.0,1768.45,1745.0,1754.2,1667.69,3160880
2024-11-06,1764.0,1827.2,1762.65,1823.7,1733.76,10421494
2024-11-07,1812.95,1825.7,1787.0,1803.05,1714.13,4550965
2024-11-08,1818.0,1840.6,1813.15,1829.95,1739.7,4210960
2024-11-11,1829.0,1868.0,1822.55,1860.1,1768.37,3804234
2024-11-12,1871.1,1881.0,1861.0,1868.8,1776.64,5012450
2024-11-13,1861.1,1873.2,1856.3,1868.4,1776.26,4257495
2024-11-14,1865.6,1876.0,1856.0,1864.55,1772.6,4311431
2024-11-18,1849.2,1849.2,1795.0,1811.45,1722.12,4839244
2024-11-19,1825.5,1859.7,1820.55,1824.75,1734.76,4669769
2024-11-21,1842.0,1867.0,1820.6,1834.05,1743.6,5436504
2024-11-22,1854.1,1914.05,1834.0,1902.25,1808.44,6301486
2024-11-25,1916.0,1919.3,1882.0,1889.7,1796.51,12764638
2024-11-26,1904.95,1938.6,1897.3,1924.15,1829.26,6850495
2024-11-27,1930.1,1941.4,1911.75,1924.5,1829.59,4447143
2024-11-28,1914.9,1914.9,1851.65,1856.65,1765.09,8468790
2024-11-29,1851.1,1877.0,1845.0,1857.85,1766.23,5244346
2024-12-02,1859.0,1882.8,1835.2,1879.8,1787.1,2868263
2024-12-03,1887.0,1899.75,1871.15,1892.1,1798.79,4715792
2024-12-04,1884.0,1913.95,1875.0,1889.25,1796.08,4705573
2024-12-05,1900.0,1949.9,1888.95,1934.85,1839.43,9050038
2024-12-06,1932.8,1937.95,1912.4,1922.4,1827.6,3573331
2024-12-09,1924.2,1930.2,1897.2,1923.65,1828.78,4274645
2024-12-10,1939.0,1965.6,1932.0,1948.55,1852.46,6174921
2024-12-11,1955.0,1978.0,1952.0,1974.15,1876.79,5025612
2024-12-12,1975.2,1998.8,1970.55,1987.0,1889.01,6462130
2024-12-13,1969.75,2006.45,1953.8,1999.7,1901.08,5362693
2024-12-16,1995.45,1999.6,1977.6,1980.05,1882.4,3119221
2024-12-17,1968.0,1982.0,1958.0,1976.6,1879.12,5811050
2024-12-18,1966.8,1984.95,1961.6,1979.15,1881.55,3064095
2024-12-19,1934.0,1959.75,1920.0,1946.2,1850.22,5323592
2024-12-20,1975.15,1979.95,1911.25,1922.15,1827.36,11056720
2024-12-23,1930.05,1940.0,1909.0,1924.3,1829.4,2781793
2024-12-24,1927.05,1942.0,1840.0,1909.05,1814.9,2360544
2024-12-26,1909.05,1919.75,1902.3,1907.4,1813.33,3623321
2024-12-27,1909.4,1924.15,1903.9,1916.75,1822.22,3937500
2024-12-30,1915.7,1916.0,1886.5,1906.0,1812.0,7789055
2024-12-31,1892.3,1897.0,1845.05,1880.0,1787.29,3613063
2025-01-01,1874.0,1892.95,1874.0,1882.5,1789.66,1838368
2025-01-02,1887.0,1962.65,1885.3,1957.85,1861.3,7083645
2025-01-03,1952.95,1952.95,1922.0,1938.75,1843.14,6218003
2025-01-06,1952.0,1973.0,1928.0,1937.85,1842.28,7164403
2025-01-07,1945.0,1958.55,1923.65,1930.85,1835.63,4294832
2025-01-08,1930.0,1938.6,1888.75,1933.15,1837.81,5482050
2025-01-09,1934.05,1951.85,1910.55,1917.3,1822.75,6833503
2025-01-10,1937.0,1977.8,1932.25,1966.95,1869.95,8036913
2025-01-13,1956.0,1982.8,1949.0,1962.2,1865.43,5804152
2025-01-14,1968.85,1971.8,1931.1,1940.05,1844.37,5792162
2025-01-15,1947.0,1958.05,1937.1,1949.65,1853.5,2985439
2025-01-16,1965.95,1966.95,1916.85,1928.45,1833.35,7533579
2025-01-17,1851.0,1858.0,1812.0,1815.45,1725.92,16409953
2025-01-20,1822.95,1827.95,1793.15,1813.3,1723.88,4333011
2025-01-21,1819.05,1831.65,1793.05,1800.7,1711.9,7169109
2025-01-22,1807.4,1865.8,1805.15,1856.45,1764.9,8373913
2025-01-23,1858.0,1879.55,1852.7,1865.45,1773.45,5907471
2025-01-24,1865.5,1894.9,1864.25,1875.45,1782.96,4887027
2025-01-27,1848.75,1863.0,1812.0,1822.0,1732.15,7652371
2025-01-28,1830.0,1863.5,1824.9,1829.75,1739.51,6999495
2025-01-29,1845.0,1888.65,1840.5,1881.25,1788.47,5145155
2025-01-30,1873.15,1887.2,1844.0,1859.95,1768.22,7336056
2025-01-31,1871.0,1897.45,1871.0,1879.8,1787.1,5820470
2025-02-01,1880.3,1890.6,1846.0,1851.35,1760.05,1701402
2025-02-03,1836.0,1876.55,1832.4,1863.3,1771.41,4823228
2025-02-04,1889.0,1911.2,1875.0,1898.8,1805.16,7334787
2025-02-05,1906.0,1919.7,1894.3,1897.05,1803.5,4996744
2025-02-06,1917.0,1924.0,1900.0,1915.65,1821.18,4765255
2025-02-07,1919.3,1923.7,1889.45,1903.65,1809.77,4126260
2025-02-10,1905.0,1905.0,1878.6,1880.3,1787.57,3828734
2025-02-11,1883.1,1903.0,1870.0,1875.65,1783.15,4411601
2025-02-12,1885.0,1894.6,1847.0,1863.15,1771.27,5633947
2025-02-13,1868.5,1873.5,1835.65,1843.25,1752.35,5237744
2025-02-14,1854.0,1859.3,1828.35,1856.4,1764.85,5292961
2025-02-17,1838.55,1852.75,1822.15,1842.3,1751.45,4428956
2025-02-18,1842.3,1861.65,1837.6,1851.95,1760.62,4365260
2025-02-19,1847.4,1849.2,1805.9,1810.8,1721.5,4611411
2025-02-20,1805.55,1831.0,1805.55,1825.15,1735.14,2218020
2025-02-21,1821.8,1829.85,1806.2,1815.0,1725.49,3379879
2025-02-24,1800.05,1808.0,1750.25,1764.1,1677.1,7594720
2025-02-25,1745.15,1778.45,1745.15,1767.7,1680.52,5092963
2025-02-27,1755.2,1775.85,1751.1,1764.3,1677.29,5757079
2025-02-28,1755.05,1755.1,1682.45,1687.7,1604.47,12182167
2025-03-03,1692.3,1728.6,1692.3,1708.6,1624.34,7504969
2025-03-04,1695.0,1699.0,1670.0,1688.3,1605.04,6759673
2025-03-05,1692.45,1732.95,1692.45,1711.5,1627.1,8180782
2025-03-06,1715.0,1722.3,1691.1,1715.85,1631.23,10610547
2025-03-07,1703.1,1705.0,1675.5,1686.0,1602.85,8019331
2025-03-10,1686.0,1719.0,1676.2,1701.45,1617.54,7558981
2025-03-11,1680.0,1680.0,1637.05,1661.6,1579.66,12671234
2025-03-12,1636.9,1636.9,1563.8,1590.85,1512.4,14870008
2025-03-13,1599.25,1606.05,1570.3,1579.85,1501.94,7822888
2025-03-17,1545.15,1594.0,1545.15,1590.05,1511.64,7526032
2025-03-18,1590.05,1590.05,1590.05,1590.05,1511.64,0
2025-03-19,1603.0,1603.0,1572.8,1586.55,1508.31,7387068
2025-03-20,1592.0,1631.9,1592.0,1615.55,1535.88,7186750
2025-03-21,1577.95,1603.9,1563.65,1592.55,1514.01,10074677
2025-03-24,1597.95,1607.1,1572.7,1592.75,1514.2,8857726
2025-03-25,1605.0,1636.15,1605.0,1628.45,1548.14,9890140
2025-03-26,1626.0,1637.75,1595.0,1599.45,1520.57,6651302
2025-03-27,1595.55,1619.95,1586.0,1603.55,1524.47,9426573
2025-03-28,1590.0,1598.45,1560.0,1570.65,1493.19,6799047
2025-04-01,1539.25,1547.4,1517.85,1526.5,1451.22,12680733
2025-04-02,1535.2,1555.65,1535.2,1550.15,1473.7,6193478
2025-04-03,1534.65,1534.65,1485.05,1496.5,1422.7,10459504
2025-04-04,1460.5,1472.0,1448.0,1451.65,1380.06,9590254
2025-04-07,1352.0,1405.9,1307.0,1396.75,1327.87,21715252
2025-04-08,1431.0,1456.5,1415.0,1428.8,1358.34,12805001
2025-04-09,1405.05,1409.45,1381.9,1403.7,1334.48,8546854
2025-04-11,1411.25,1438.8,1397.05,1409.45,1339.94,12567440
2025-04-15,1445.6,1447.7,1409.0,1426.0,1355.68,10178530
2025-04-16,1425.0,1427.5,1396.8,1413.1,1343.41,12022740
2025-04-17,1398.0,1429.8,1378.3,1419.5,1349.5,14264227
2025-04-21,1410.0,1471.8,1410.0,1451.0,1379.44,15648970
2025-04-22,1440.0,1440.0,1419.3,1422.8,1352.63,9399738
2025-04-23,1446.0,1487.8,1439.6,1474.9,1402.16,11136642
2025-04-24,1469.9,1482.9,1461.5,1471.4,1398.84,7114292
2025-04-25,1475.5,1501.7,1463.5,1480.2,1407.2,8329979
2025-04-28,1480.2,1489.6,1465.3,1482.1,1409.01,5886253
2025-04-29,1482.0,1509.8,1474.1,1497.5,1423.65,8056743
2025-04-30,1496.8,1508.8,1482.6,1500.1,1426.12,7704183
2025-05-02,1499.7,1523.2,1496.2,1506.9,1432.59,7402310
2025-05-05,1515.0,1523.0,1502.8,1508.6,1434.2,4282493
2025-05-06,1506.0,1515.6,1499.1,1511.5,1436.96,4270530
2025-05-07,1500.0,1518.8,1496.6,1508.3,1433.92,5691799
2025-05-08,1508.0,1516.5,1501.2,1511.4,1436.86,8424409
2025-05-09,1500.7,1511.4,1494.1,1507.6,1433.25,4478653
2025-05-12,1537.0,1632.0,1532.0,1626.9,1546.67,11372857
2025-05-13,1609.0,1612.2,1564.6,1568.6,1491.24,12846210
2025-05-14,1574.0,1595.0,1569.5,1592.4,1513.87,4870057
2025-05-15,1589.8,1618.6,1571.0,1613.0,1533.45,11151167
2025-05-16,1612.6,1612.6,1581.5,1589.9,1511.49,4576751
2025-05-19,1576.5,1585.0,1555.7,1559.8,1482.88,8855798
2025-05-20,1570.0,1583.5,1558.0,1560.6,1483.64,7143998
2025-05-21,1567.9,1571.0,1552.1,1568.5,1491.15,4157309
2025-05-22,1555.5,1560.8,1540.0,1547.5,1471.18,6158990
2025-05-23,1550.0,1587.2,1550.0,1564.8,1487.63,5038421
2025-05-26,1566.6,1583.8,1562.7,1580.5,1502.56,3170102
2025-05-27,1579.9,1582.9,1556.4,1570.1,1492.67,7775714
2025-05-28,1581.0,1587.7,1570.0,1571.8,1494.29,3623370
2025-05-29,1589.0,1608.9,1576.6,1585.6,1507.4,8609500
2025-05-30,1571.0,1572.0,1555.1,1562.7,1506.54,13148092
2025-06-02,1560.0,1560.0,1539.0,1553.8,1497.96,4374509
2025-06-03,1559.0,1567.3,1535.6,1543.0,1487.55,6853403
2025-06-04,1543.0,1557.3,1541.4,1551.2,1495.45,4548307
2025-06-05,1547.9,1567.7,1541.6,1554.3,1498.44,6948539
2025-06-06,1554.7,1568.9,1543.1,1563.8,1507.6,3960020
2025-06-09,1578.0,1588.0,1571.0,1572.9,1516.37,2903202
2025-06-10,1584.0,1607.5,1577.5,1596.0,1538.64,8591925
2025-06-11,1590.1,1634.6,1590.1,1631.1,1572.48,10597410
2025-06-12,1617.0,1628.0,1598.1,1608.6,1550.79,10483574
2025-06-13,1576.0,1609.0,1570.2,1602.0,1544.42,6968315
2025-06-16,1600.0,1634.8,1597.1,1623.8,1565.44,5591842
2025-06-17,1620.7,1647.4,1615.6,1639.9,1580.96,7622083
2025-06-18,1621.0,1644.7,1621.0,1632.9,1574.21,5629707
2025-06-19,1623.9,1630.0,1611.5,1618.4,1560.24,5147760
2025-06-20,1619.0,1630.7,1608.9,1622.9,1564.57,9202821
2025-06-23,1601.0,1601.0,1575.4,1584.0,1527.07,7943676
2025-06-24,1601.0,1609.0,1576.6,1581.6,1524.76,8083992
2025-06-25,1590.0,1619.9,1585.1,1614.9,1556.86,7813533
2025-06-26,1608.8,1624.0,1606.6,1616.0,1557.92,6519233
2025-06-27,1619.0,1629.6,1602.4,1608.0,1550.21,8912268
2025-06-30,1615.0,1615.0,1594.1,1601.8,1544.23,6294505
2025-07-01,1609.0,1617.7,1600.5,1606.8,1549.05,4178937
2025-07-02,1618.0,1649.0,1603.4,1610.5,1552.62,8653641
2025-07-03,1618.5,1632.4,1615.0,1618.7,1560.52,5259695
2025-07-04,1625.0,1643.4,1612.3,1640.7,1581.73,4411273
2025-07-07,1640.0,1644.0,1623.0,1627.0,1568.53,3294523
2025-07-08,1628.0,1646.2,1621.5,1638.7,1579.81,4590681
2025-07-09,1637.8,1638.0,1623.6,1633.7,1574.99,4580828
2025-07-10,1638.9,1638.9,1607.1,1615.8,1557.73,5330179
2025-07-11,1579.1,1607.1,1563.0,1594.9,1537.58,11391755
2025-07-14,1591.8,1591.8,1559.8,1570.3,1513.86,9173426
2025-07-15,1565.1,1603.6,1564.0,1585.6,1528.61,7614807
2025-07-16,1579.0,1612.0,1578.5,1607.9,1550.11,6223491
2025-07-17,1598.0,1610.0,1580.1,1583.5,1526.59,7374814
2025-07-18,1592.1,1599.3,1580.0,1586.1,1529.1,5161833
2025-07-21,1580.0,1589.0,1566.8,1584.3,1527.36,3682661
2025-07-22,1565.0,1585.8,1565.0,1570.9,1514.44,8473741
2025-07-23,1576.3,1591.9,1550.0,1574.5,1517.91,8035026
2025-07-24,1580.0,1582.0,1548.2,1552.5,1496.7,14169664
2025-07-25,1543.4,1549.5,1511.3,1515.7,1461.23,10851259
2025-07-28,1513.9,1519.3,1482.5,1516.0,1461.52,6439855
2025-07-29,1512.9,1517.2,1496.1,1513.7,1459.3,7070448
2025-07-30,1519.9,1521.7,1506.0,1519.0,1464.41,5719051
2025-07-31,1509.7,1527.1,1497.0,1509.0,1454.77,6851407
2025-08-01,1493.9,1498.7,1465.5,1469.6,1416.78,8702978
2025-08-04,1461.5,1482.8,1451.0,1480.5,1427.29,8610216
2025-08-05,1478.7,1478.7,1455.0,1460.3,1407.82,10213323
2025-08-06,1452.0,1456.1,1430.3,1436.7,1385.07,10566934
2025-08-07,1430.0,1442.0,1414.2,1436.9,1385.26,9892020
2025-08-08,1425.0,1433.2,1417.1,1423.1,1371.95,10048009
2025-08-11,1419.9,1433.4,1414.0,1428.2,1376.87,6625368
2025-08-12,1428.2,1441.0,1421.0,1424.1,1372.92,9899184
2025-08-13,1425.0,1434.0,1422.4,1426.6,1375.33,10318063
2025-08-14,1426.2,1470.0,1426.2,1447.7,1395.67,12902347
2025-08-18,1464.7,1464.7,1429.6,1435.8,1384.2,7254561
2025-08-19,1432.7,1449.4,1432.7,1440.0,1388.25,3986094
2025-08-20,1440.7,1499.0,1440.7,1496.2,1442.43,10413061
2025-08-21,1508.0,1508.0,1484.3,1496.4,1442.62,6565539
2025-08-22,1498.1,1504.3,1486.1,1487.5,1434.04,5543397
2025-08-25,1506.7,1539.0,1506.7,1532.1,1477.04,10694531
2025-08-26,1523.0,1538.4,1518.6,1529.6,1474.63,15994798
2025-08-28,1529.6,1529.6,1498.0,1500.1,1446.19,5443364
2025-08-29,1501.9,1501.9,1467.7,1469.6,1416.78,8169075
2025-09-01,1476.7,1503.4,1476.2,1499.4,1445.51,4546057
2025-09-02,1499.4,1512.8,1486.3,1498.7,1444.84,5218763
2025-09-03,1500.0,1501.9,1473.0,1479.1,1425.94,4623483
2025-09-04,1484.0,1484.0,1460.1,1463.0,1410.42,5787724
2025-09-05,1470.0,1472.7,1433.0,1444.6,1392.68,5466487
2025-09-08,1451.0,1458.0,1428.3,1432.9,1381.4,3811567
2025-09-09,1481.0,1507.2,1472.5,1504.3,1450.24,13072640
2025-09-10,1510.1,1534.9,1509.3,1532.6,1477.52,7281071
2025-09-11,1523.9,1527.5,1506.5,1509.7,1455.44,8003662
2025-09-12,1537.0,1542.9,1521.1,1525.6,1470.77,12856963
2025-09-15,1525.6,1527.5,1501.2,1508.4,1454.19,6167414
2025-09-16,1508.4,1514.0,1503.5,1511.3,1456.98,8923112
2025-09-17,1516.9,1526.7,1514.0,1522.4,1467.69,4795698
2025-09-18,1550.0,1555.0,1538.5,1540.6,1485.23,9331945
2025-09-19,1544.6,1551.3,1520.1,1540.2,1484.85,12988129
2025-09-22,1482.7,1514.7,1482.0,1499.5,1445.61,15655204
2025-09-23,1493.0,1513.0,1493.0,1497.5,1443.68,9832164
2025-09-24,1487.2,1496.7,1482.7,1494.6,1440.88,4937004
2025-09-25,1489.0,1502.7,1476.5,1484.8,1431.44,9491867
2025-09-26,1475.0,1478.7,1441.2,1448.9,1396.83,8597058
2025-09-29,1460.0,1465.0,1436.5,1441.8,1389.98,10513117
2025-09-30,1443.0,1452.2,1438.1,1441.8,1389.98,7556305
2025-10-01,1446.0,1449.5,1427.4,1445.8,1393.84,6250692
2025-10-03,1439.0,1448.3,1433.2,1446.6,1394.61,6877533
2025-10-06,1446.6,1478.8,1442.3,1476.0,1422.95,4630590
2025-10-07,1477.7,1482.9,1454.0,1458.5,1406.08,5570320
2025-10-08,1457.0,1498.0,1455.0,1495.0,1441.27,4657192
2025-10-09,1502.0,1514.0,1487.0,1509.3,1455.06,7028753
2025-10-10,1510.0,1521.7,1498.8,1514.9,1460.45,3738353
2025-10-13,1497.0,1504.7,1483.4,1493.2,1439.53,5859355
2025-10-14,1499.0,1514.4,1486.5,1489.9,1436.35,5600789
2025-10-15,1483.9,1488.6,1467.5,1474.4,1421.41,6986098
2025-10-16,1473.9,1474.5,1460.5,1471.5,1418.61,8005748
2025-10-17,1454.9,1458.4,1434.0,1441.1,1389.31,16959378
2025-10-20,1453.7,1467.0,1450.0,1460.9,1408.4,6994246
2025-10-21,1478.0,1486.0,1470.0,1472.4,1419.48,1698704
2025-10-23,1510.0,1546.0,1506.0,1528.5,1473.57,20358624
2025-10-24,1539.5,1543.0,1518.0,1525.4,1470.58,8652257
2025-10-27,1510.0,1515.3,1498.1,1504.5,1472.63,7273211
2025-10-28,1499.7,1506.5,1490.5,1500.2,1468.42,8211019
2025-10-29,1500.2,1520.2,1496.9,1510.4,1478.41,4884976
2025-10-30,1507.0,1508.2,1489.1,1493.8,1462.16,5608867
2025-10-31,1490.0,1497.1,1480.7,1482.3,1450.9,4819814
2025-11-03,1482.3,1491.4,1474.2,1485.5,1454.04,5470600
2025-11-04,1479.7,1481.9,1462.9,1467.9,1436.81,8691330
2025-11-06,1478.6,1483.0,1461.9,1466.7,1435.63,7944752
2025-11-07,1470.0,1480.9,1449.1,1476.8,1445.52,8765759
2025-11-10,1490.1,1520.0,1490.0,1513.5,1481.44,9787975
2025-11-11,1525.0,1533.4,1511.1,1530.3,1497.89,13692989
2025-11-12,1540.0,1559.2,1538.1,1551.7,1518.83,14635417
2025-11-13,1557.1,1557.5,1530.3,1541.8,1509.14,19655689
2025-11-14,1520.0,1530.0,1488.8,1502.8,1470.97,9739549
2025-11-17,1496.0,1510.2,1492.5,1507.6,1475.67,7910354
2025-11-18,1506.0,1506.0,1483.2,1486.4,1454.92,7525119
2025-11-19,1490.5,1543.0,1490.5,1541.1,1508.46,10981126
2025-11-20,1555.0,1555.0,1534.0,1536.5,1503.96,7387584
2025-11-21,1531.0,1551.5,1526.3,1545.0,1512.28,9186302
2025-11-24,1563.6,1585.0,1541.0,1548.0,1515.21,19270381
2025-11-25,1549.0,1550.6,1525.9,1530.6,1498.18,8107952
2025-11-26,1532.1,1560.3,1532.1,1557.9,1524.9,7575038
2025-11-27,1564.0,1574.3,1552.2,1566.4,1533.22,7552252
2025-11-28,1565.0,1568.4,1557.0,1560.1,1527.06,4453221
2025-12-01,1562.5,1574.0,1556.0,1564.0,1530.87,5341800
2025-12-02,1567.0,1579.9,1556.1,1561.0,1527.94,6335969
2025-12-03,1555.1,1586.0,1554.1,1578.7,1545.26,12895312
2025-12-04,1568.0,1599.0,1568.0,1597.6,1563.76,12609619
2025-12-05,1610.0,1631.8,1600.0,1616.2,1581.97,10344725
2025-12-08,1617.1,1630.0,1600.2,1610.8,1576.68,7550413
2025-12-09,1601.2,1606.9,1582.4,1599.0,1565.13,6957599
2025-12-10,1608.0,1608.0,1582.8,1584.8,1551.23,5116140
2025-12-11,1598.0,1607.4,1580.5,1598.0,1564.15,5159319
2025-12-12,1601.4,1601.8,1582.6,1598.2,1564.35,4633912
2025-12-15,1585.0,1610.8,1585.0,1606.8,1572.77,4190558
2025-12-16,1600.0,1603.0,1585.6,1592.9,1559.16,5499258
2025-12-17,1587.2,1606.9,1586.0,1602.0,1568.07,4817628
2025-12-18,1610.5,1630.0,1606.7,1626.8,1592.34,6577293
2025-12-19,1650.0,1654.9,1629.8,1638.7,1603.99,13149023
2025-12-22,1664.0,1693.2,1664.0,1689.6,1653.81,23098923
2025-12-23,1679.0,1679.0,1656.4,1668.3,1632.96,6593060
2025-12-24,1661.0,1667.6,1652.5,1663.4,1628.17,4271167
2025-12-26,1663.4,1668.8,1651.7,1656.1,1621.02,2006491
2025-12-29,1658.0,1673.1,1637.1,1644.7,1609.86,4062817
2025-12-30,1647.0,1647.9,1616.8,1621.6,1587.25,9395937
2025-12-31,1621.0,1628.6,1609.2,1615.4,1581.18,6538656
2026-01-01,1615.4,1639.6,1614.1,1629.8,1595.28,3658165
2026-01-02,1635.9,1643.5,1627.5,1640.4,1605.65,2524526
2026-01-05,1637.0,1637.0,1583.1,1606.4,1572.37,5917885
2026-01-06,1600.1,1619.9,1599.0,1612.2,1578.05,4466729
2026-01-07,1615.0,1642.0,1615.0,1639.0,1604.28,4508079
2026-01-08,1638.9,1644.3,1608.6,1613.3,1579.13,3942131
2026-01-09,1610.0,1631.3,1607.0,1614.1,1579.91,6816681
2026-01-12,1610.1,1613.3,1592.6,1595.9,1562.1,6985362
2026-01-13,1618.0,1618.0,1586.4,1599.0,1565.13,8080618
2026-01-14,1588.0,1617.0,1583.1,1599.8,1565.91,7557157
2026-01-15,1599.8,1599.8,1599.8,1599.8,1565.91,0
2026-01-16,1663.7,1694.0,1653.4,1689.8,1654.01,19335957
2026-01-19,1685.0,1685.0,1666.5,1681.2,1645.59,5104958
2026-01-20,1673.0,1680.2,1652.9,1658.9,1623.76,6406503
2026-01-21,1651.0,1657.0,1631.2,1654.4,1619.36,6224582
2026-01-22,1666.0,1671.2,1653.8,1663.5,1628.27,6228892
2026-01-23,1667.2,1675.7,1662.2,1670.8,1635.41,5869137
2026-01-27,1685.8,1689.4,1661.1,1682.7,1647.06,10673087
2026-01-28,1680.0,1688.8,1650.0,1666.5,1631.2,8588664
2026-01-29,1658.0,1666.5,1642.1,1659.5,1624.35,4749582
2026-01-30,1655.0,1655.0,1618.1,1641.0,1606.24,9207926
2026-02-02,1662.0,1662.0,1618.0,1629.4,1594.89,6784887
2026-02-03,1727.2,1728.0,1653.0,1656.0,1620.92,8805868
2026-02-04,1574.0,1584.9,1510.1,1535.8,1503.27,28828622
2026-02-05,1534.0,1551.0,1515.7,1520.2,1488.0,10628127
2026-02-06,1522.1,1525.0,1480.0,1507.1,1475.18,13900866
2026-02-09,1522.1,1528.0,1493.0,1497.2,1465.49,8294615
2026-02-10,1500.0,1515.9,1491.0,1497.8,1466.08,8657000
2026-02-11,1501.2,1505.9,1469.0,1471.9,1440.72,7934411
2026-02-12,1428.9,1435.7,1380.5,1386.0,1356.64,26048896
2026-02-13,1293.9,1377.3,1281.5,1369.1,1340.1,45785709
2026-02-16,1373.7,1376.0,1338.3,1365.6,1336.68,14621891
2026-02-17,1370.0,1431.0,1367.0,1391.2,1361.73,25347684
2026-02-18,1390.9,1401.0,1345.3,1373.7,1344.6,20241373
2026-02-19,1385.0,1402.0,1363.2,1370.5,1341.47,14574228
2026-02-20,1359.2,1365.0,1338.2,1353.2,1324.54,12633552
2026-02-23,1352.0,1352.0,1318.0,1327.5,1299.38,12887826
2026-02-24,1301.0,1303.6,1264.1,1275.5,1248.48,27839061
2026-02-25,1286.2,1323.6,1286.2,1290.1,1262.77,16669618
2026-02-26,1305.5,1314.0,1286.3,1289.1,1261.8,11493914
2026-02-27,1326.3,1335.0,1294.2,1300.1,1272.56,23141724
2026-03-02,1291.0,1298.8,1273.0,1288.9,1261.6,9700361
2026-03-04,1292.0,1317.0,1292.0,1307.4,1279.71,15154950
2026-03-05,1320.0,1320.0,1290.1,1305.8,1278.14,10362147
2026-03-06,1303.0,1327.2,1303.0,1308.4,1280.69,8724291
2026-03-09,1290.0,1318.0,1282.5,1315.0,1287.15,10068514
2026-03-10,1320.0,1321.0,1284.1,1295.6,1268.16,9600171
2026-03-11,1288.0,1299.5,1271.3,1276.3,1249.27,7868891
2026-03-12,1272.5,1278.6,1258.0,1265.8,1238.99,7599940
2026-03-13,1251.0,1269.6,1242.6,1248.3,1221.86,7366098
2026-03-16,1240.2,1254.3,1224.2,1249.8,1223.33,12314450
2026-03-17,1245.0,1245.0,1215.1,1232.9,1206.79,11223276
2026-03-18,1238.0,1290.8,1234.9,1267.1,1240.26,12365381
2026-03-19,1244.2,1255.0,1215.1,1220.8,1194.94,9156461
2026-03-20,1242.0,1264.8,1229.2,1255.9,1229.3,27299975
2026-03-23,1238.2,1261.1,1227.4,1256.8,1230.18,12420293
2026-03-24,1269.0,1297.0,1251.0,1278.3,1251.22,13613495
2026-03-25,1270.0,1290.6,1257.1,1279.1,1252.01,10824030
2026-03-27,1285.2,1294.8,1263.2,1269.7,1242.81,13092541
2026-03-30,1250.0,1265.5,1243.0,1250.6,1224.11,14108486
2026-04-01,1290.0,1303.0,1269.5,1275.7,1248.68,8137156
2026-04-02,1260.0,1305.4,1259.8,1300.8,1273.25,12873492
2026-04-06,1301.4,1320.0,1299.0,1306.2,1278.53,10208682
2026-04-07,1302.0,1345.1,1293.5,1339.4,1311.03,15355792
2026-04-08,1349.0,1376.9,1331.0,1346.2,1317.69,16030133
2026-04-09,1329.9,1337.5,1314.0,1331.6,1303.4,14894607
2026-04-10,1318.0,1318.9,1283.3,1292.5,1265.12,19233369
2026-04-13,1272.0,1289.0,1265.7,1276.8,1249.76,10366082
2026-04-15,1306.3,1322.5,1300.5,1305.3,1277.65,12098912
2026-04-16,1322.1,1331.0,1309.0,1319.2,1291.26,18527029
2026-04-17,1313.0,1328.3,1306.1,1318.7,1290.77,12064048
2026-04-20,1320.0,1324.9,1308.1,1312.6,1284.8,7172300
2026-04-21,1310.0,1325.0,1299.3,1313.2,1285.39,10057440
2026-04-22,1295.0,1297.7,1255.9,1268.6,1241.73,20088378
2026-04-23,1254.0,1265.7,1226.0,1240.6,1214.32,14792854
2026-04-24,1200.0,1223.9,1152.2,1154.6,1130.14,42078914
2026-04-27,1154.6,1179.9,1154.5,1170.3,1145.51,19579883
2026-04-28,1162.7,1169.4,1149.8,1152.1,1127.7,12720276
2026-04-29,1158.5,1178.2,1156.8,1167.5,1142.77,8303109
2026-04-30,1167.5,1189.8,1159.6,1181.8,1156.77,12205669
2026-05-01,1181.8,1181.8,1181.8,1181.8,1156.77,0
2026-05-04,1195.0,1195.0,1165.2,1168.4,1143.65,7735811
2026-05-05,1169.5,1185.2,1160.1,1178.1,1153.15,8164108
2026-05-06,1187.0,1191.5,1164.1,1167.2,1142.48,9856963
2026-05-07,1173.0,1175.4,1159.2,1162.7,1138.07,12013987
2026-05-08,1161.0,1183.5,1158.8,1179.2,1154.22,7582770
2026-05-11,1176.0,1187.0,1172.1,1177.0,1152.07,7336288
2026-05-12,1162.0,1162.0,1123.0,1140.3,1116.15,16891948
2026-05-13,1136.6,1142.6,1121.0,1123.1,1099.31,6664111
2026-05-14,1119.8,1121.9,1089.0,1095.0,1071.81,16914842
2026-05-15,1102.0,1133.2,1101.6,1119.0,1095.3,17482450
2026-05-18,1119.0,1146.1,1118.0,1142.5,1118.3,12096377
2026-05-19,1162.0,1198.4,1162.0,1196.9,1171.55,32175705
2026-05-20,1187.0,1206.9,1184.9,1193.7,1168.42,15121010
2026-05-21,1196.1,1201.8,1177.0,1181.2,1156.18,10021033
2026-05-22,1182.5,1191.8,1172.5,1174.5,1149.62,8803066
2026-05-25,1183.0,1185.0,1166.1,1168.5,1143.75,5856136
2026-05-26,1166.3,1180.7,1162.9,1167.7,1142.97,8005767
2026-05-27,1161.0,1167.3,1155.0,1159.9,1135.33,6371871
2026-05-28,1159.9,1159.9,1159.9,1159.9,1135.33,0
2026-05-29,1182.0,1210.0,1153.6,1160.9,1136.31,69085430
2026-06-01,1175.0,1217.0,1173.7,1202.5,1177.03,19439331
2026-06-02,1232.5,1278.9,1232.5,1270.8,1243.88,36032600
2026-06-03,1242.1,1249.9,1216.0,1222.6,1196.7,18534303
2026-06-04,1208.0,1215.2,1196.2,1201.3,1175.86,12755957
2026-06-05,1220.0,1223.8,1194.3,1197.5,1172.14,8692290
2026-06-08,1177.5,1200.7,1176.5,1187.6,1162.45,8631711
2026-06-09,1193.6,1193.6,1167.3,1180.3,1155.3,10984054
2026-06-10,1160.1,1171.4,1143.3,1145.3,1145.3,8887626
2026-06-11,1129.7,1133.7,1109.0,1114.6,1114.6,9372176
2026-06-12,1120.0,1123.3,1111.5,1116.4,1116.4,8075333
2026-06-15,1130.0,1151.0,1123.0,1134.9,1134.9,7856192
2026-06-16,1136.9,1153.8,1123.2,1143.6,1143.6,10456090
2026-06-17,1149.0,1162.5,1148.0,1157.7,1157.7,5995119
2026-06-18,1142.9,1142.9,1125.3,1127.5,1127.5,16781447
2026-06-19,1062.3,1066.0,1030.0,1051.4,1051.4,45665442
2026-06-22,1055.0,1080.3,1055.0,1065.4,1065.4,10178505
2026-06-23,1053.8,1055.3,1026.0,1029.3,1029.3,19323064
2026-06-24,1040.9,1065.5,1037.7,1056.6,1056.6,12346266
2026-06-25,1065.0,1068.0,1039.1,1041.2,1041.2,15866779
2026-06-26,1041.2,1041.2,1041.2,1041.2,1041.2,0
2026-06-29,1037.1,1046.6,1029.1,1036.7,1036.7,15080892
2026-06-30,1030.0,1030.4,996.0,1000.4,1000.4,24128263
2026-07-01,1006.0,1014.0,982.4,985.3,985.3,13037982
2026-07-02,1006.4,1045.0,1006.0,1040.9,1040.9,18741111
2026-07-03,1063.0,1068.7,1042.0,1047.2,1047.2,11653534
2026-07-06,1050.1,1053.0,1033.0,1042.2,1042.2,5559747
2026-07-07,1040.6,1087.5,1040.6,1071.8,1071.8,18866296
2026-07-08,1071.9,1079.7,1064.4,1069.3,1069.3,13022221
2026-07-09,1062.7,1062.7,1040.4,1050.8,1050.8,9003333
2026-07-10,1075.0,1091.3,1064.7,1068.0,1068.0,9747266
2026-07-13,1057.1,1114.9,1057.1,1102.6,1102.6,20994760
2026-07-14,1107.8,1113.5,1090.0,1092.9,1092.9,14819413
2026-07-15,1079.0,1088.1,1073.0,1076.3,1076.3,8501933
2026-07-16,1082.5,1097.3,1077.9,1082.4,1082.4,8592146
2026-07-17,1105.0,1116.8,1092.0,1096.5,1096.5,12547728
2026-07-20,1102.0,1103.8,1083.2,1087.1,1087.1,6372645
2026-07-21,1080.0,1094.5,1067.2,1073.5,1073.5,9485229
2026-07-22,1064.0,1069.3,1046.2,1052.1,1052.1,7517203
2026-07-23,1046.9,1058.5,1032.0,1047.4,1047.4,13794578
2026-07-24,1028.0,1043.4,1013.9,1040.9,1040.9,29036900
2026-07-27,1065.0,1082.0,1057.4,1079.2,1079.2,15956349
2026-07-28,1097.0,1118.5,1097.0,1105.7,1105.7,28100895
2026-07-29,1147.0,1164.5,1128.4,1155.6,1155.6,34400369
2026-07-30,1168.0,1187.7,1151.3,1155.1,1155.1,22630218
2026-07-31,1118.9,1139.3,1107.2,1130.1,1130.1,14367075
2026-08-03,1145.1,1180.0,1138.1,1180.0,1180.0,8582270
2026-08-04,1168.0,1175.7,1153.3,1167.5,1167.5,9243589
2026-08-05,1174.7,1177.5,1162.3,1174.0,1174.0,9964155
2026-08-06,1174.1,1185.8,1163.0,1165.0,1165.0,8521064
2026-08-07,1160.0,1183.0,1155.6,1175.1,1175.1,7581410
2026-08-10,1178.1,1195.0,1175.2,1183.0,1183.0,9377001
2026-08-11,1188.0,1193.5,1182.0,1190.7,1190.7,10160091
2026-08-12,1185.6,1190.4,1163.3,1176.1,1176.1,7529777
2026-08-13,1170.0,1175.0,1157.0,1175.0,1175.0,6234215
2026-08-14,1170.4,1174.1,1158.9,1169.2,1169.2,5844763
2026-08-17,1163.9,1166.5,1129.7,1139.9,1139.9,5817153
2026-08-18,1124.5,1131.9,1112.5,1115.0,1115.0,8851110
2026-08-19,1125.6,1134.7,1113.8,1119.8,1119.8,8408573
2026-08-20,1143.0,1144.7,1125.7,1130.0,1130.0,8559841
2026-08-21,1133.0,1133.5,1118.0,1121.0,1121.0,6094967
2026-08-24,1126.5,1144.5,1122.0,1130.0,1130.0,8565354
2026-08-25,1132.0,1144.0,1119.9,1144.0,1144.0,8121237
2026-08-26,1142.0,1142.0,1118.3,1120.0,1120.0,6323984
2026-08-27,1120.0,1130.7,1107.2,1110.8,1110.8,6933998
2026-08-28,1123.6,1145.0,1123.3,1144.0,1144.0,9621969
2026-08-31,1138.6,1143.9,1111.1,1133.8,1133.8,8808120
2026-09-01,1128.0,1156.0,1125.6,1156.0,1156.0,13516123
2026-09-02,1137.7,1147.8,1118.6,1140.0,1140.0,8564358
2026-09-03,1144.0,1144.0,1122.5,1130.3,1130.3,5786250
2026-09-04,1133.0,1146.7,1125.4,1130.0,1130.0,5881388
2026-09-07,1109.5,1109.9,1085.0,1087.5,1087.5,7668346
2026-09-08,1095.0,1095.0,1078.9,1082.0,1082.0,6269037
2026-09-09,1059.0,1059.0,1026.5,1035.0,1035.0,13530457
2026-09-10,1039.6,1046.6,1027.3,1036.5,1036.5,8998529
2026-09-11,1032.0,1047.3,1029.7,1037.7,1037.7,6168088
2026-09-14,1037.7,1037.7,1037.7,1037.7,1037.7,0
2026-09-15,1085.0,1097.7,1071.7,1077.0,1077.0,14816117
2026-09-16,1082.5,1085.1,1053.5,1060.0,1060.0,6230590
2026-09-17,1054.9,1063.6,1048.6,1058.6,1058.6,5469865
2026-09-18,1061.9,1061.9,1038.0,1051.4,1051.4,22124953
2026-09-21,1041.5,1044.5,1030.3,1038.5,1038.5,6074358
2026-09-22,1037.7,1041.0,1019.2,1029.4,1029.4,9341109
2026-09-23,1021.8,1029.4,1015.1,1020.5,1020.5,5108734
2026-09-24,1015.0,1022.8,1005.2,1014.5,1014.5,6891893
2026-09-25,999.5,1004.2,991.6,1000.2,1000.2,10240700
2026-09-28,1002.0,1009.5,986.6,1003.2,1003.2,8567672
2026-09-29,1002.6,1015.4,980.4,1015.4,1015.4,12992711
2026-09-30,1004.0,1024.0,992.2,994.1,994.1,13508984
2026-10-01,1010.0,1035.0,999.15,1035.0,1035.0,15166446
