date,open,high,low,close,adj_close,volume
2011-01-03,1430.0,1450.0,1418.5,1426.05,1252.27,300162
2011-01-04,1427.0,1453.4,1404.05,1428.75,1254.64,540328
2011-01-05,1428.0,1435.0,1406.35,1412.45,1240.33,275096
2011-01-06,1415.05,1425.0,1366.3,1373.9,1206.47,353272
2011-01-07,1365.0,1367.7,1337.55,1340.55,1177.19,493731
2011-01-10,1349.0,1350.0,1318.2,1326.0,1164.41,254474
2011-01-11,1325.0,1330.7,1305.95,1318.45,1157.78,394195
2011-01-12,1324.0,1328.9,1294.9,1317.65,1157.08,316610
2011-01-13,1320.0,1325.0,1301.6,1315.55,1155.23,263445
2011-01-14,1316.0,1319.0,1263.3,1269.7,1114.97,468849
2011-01-17,1270.0,1280.0,1255.0,1269.6,1114.88,206244
2011-01-18,1276.0,1285.05,1268.05,1277.6,1121.91,210065
2011-01-19,1284.0,1284.0,1266.5,1272.7,1117.61,233334
2011-01-20,1267.55,1268.0,1245.1,1259.25,1105.8,186731
2011-01-21,1264.0,1267.7,1238.2,1248.65,1096.49,361853
2011-01-24,1269.0,1299.95,1255.0,1292.5,1134.99,285343
2011-01-25,1305.0,1305.0,1276.05,1288.15,1131.17,237024
2011-01-27,1299.8,1299.8,1263.1,1269.7,1114.97,188751
2011-01-28,1272.0,1272.0,1220.0,1229.35,1079.54,609439
2011-01-31,1199.0,1264.45,1150.3,1252.85,1100.18,1056178
2011-02-01,1266.0,1275.0,1233.6,1242.4,1091.0,331423
2011-02-02,1248.45,1248.45,1211.0,1217.05,1068.74,446214
2011-02-03,1210.0,1229.9,1205.3,1218.2,1069.75,355406
2011-02-04,1230.0,1236.4,1176.0,1182.95,1038.79,309323
2011-02-07,1201.0,1201.0,1180.0,1189.75,1044.76,155137
2011-02-08,1194.0,1194.0,1170.1,1176.8,1033.39,214476
2011-02-09,1174.0,1189.0,1145.0,1154.0,1013.37,178835
2011-02-10,1157.5,1174.85,1148.1,1160.0,1018.64,268346
2011-02-11,1145.0,1186.8,1145.0,1181.35,1037.39,306097
2011-02-14,1200.0,1228.0,1193.0,1224.1,1074.93,258845
2011-02-15,1225.0,1242.0,1212.0,1236.7,1085.99,215206
2011-02-16,1240.0,1240.0,1221.0,1227.95,1078.31,94606
2011-02-17,1218.9,1239.95,1215.0,1228.05,1078.4,128256
2011-02-18,1227.0,1256.0,1225.0,1228.7,1078.97,355711
2011-02-21,1229.0,1230.0,1181.0,1207.35,1060.22,203836
2011-02-22,1205.0,1205.0,1170.1,1181.1,1037.17,189502
2011-02-23,1178.0,1202.6,1178.0,1192.5,1047.18,339470
2011-02-24,1178.0,1199.0,1154.7,1174.55,1031.42,656061
2011-02-25,1183.0,1183.0,1144.6,1168.65,1026.24,347521
2011-02-28,1171.0,1228.0,1158.5,1208.2,1060.97,376909
2011-03-01,1209.1,1312.7,1206.0,1290.75,1133.46,759153
2011-03-03,1281.15,1334.0,1271.05,1322.25,1161.12,461594
2011-03-04,1325.0,1341.6,1294.9,1312.05,1152.16,455165
2011-03-07,1281.0,1290.0,1249.15,1260.85,1107.2,252355
2011-03-08,1267.8,1274.9,1245.5,1256.15,1103.07,406646
2011-03-09,1262.0,1283.0,1260.1,1266.0,1111.72,181247
2011-03-10,1264.75,1285.0,1255.35,1271.4,1116.46,220927
2011-03-11,1256.5,1278.5,1240.0,1250.85,1098.42,252688
2011-03-14,1242.25,1266.0,1218.05,1257.0,1103.82,555011
2011-03-15,1220.0,1229.9,1200.0,1214.15,1066.19,447418
2011-03-16,1219.8,1228.9,1214.1,1219.25,1070.67,233465
2011-03-17,1205.2,1213.9,1155.05,1165.1,1023.12,1136194
2011-03-18,1183.7,1201.0,1147.1,1156.2,1015.3,1087299
2011-03-21,1161.2,1166.0,1122.0,1128.2,990.72,524674
2011-03-22,1136.05,1179.0,1133.05,1171.95,1029.13,879108
2011-03-23,1170.0,1181.0,1157.1,1175.95,1032.65,458496
2011-03-24,1170.0,1184.0,1157.8,1167.15,1024.92,569659
2011-03-25,1173.0,1185.0,1161.5,1182.3,1038.22,504995
2011-03-28,1189.8,1210.35,1180.0,1201.7,1055.26,604130
2011-03-29,1210.0,1249.9,1206.0,1237.95,1087.09,593159
2011-03-30,1246.0,1295.8,1238.85,1269.0,1114.36,934495
2011-03-31,1269.0,1286.0,1251.0,1262.15,1108.34,851042
2011-04-01,1251.65,1292.4,1251.65,1271.1,1116.2,373301
2011-04-04,1286.0,1304.9,1258.6,1300.35,1141.89,406624
2011-04-05,1300.35,1322.0,1282.8,1310.85,1151.11,327406
2011-04-06,1327.0,1328.1,1288.05,1297.5,1139.38,477877
2011-04-07,1279.55,1285.0,1268.0,1278.25,1122.48,378375
2011-04-08,1275.0,1284.5,1250.0,1253.85,1101.05,274026
2011-04-11,1250.0,1254.1,1231.0,1237.6,1086.78,161328
2011-04-13,1214.0,1282.15,1214.0,1278.15,1122.39,486624
2011-04-15,1270.5,1284.0,1255.0,1257.2,1104.0,199832
2011-04-18,1256.0,1282.0,1250.5,1262.35,1108.52,472622
2011-04-19,1250.0,1267.25,1240.0,1254.7,1101.8,342396
2011-04-20,1258.0,1270.1,1250.1,1265.0,1110.84,370509
2011-04-21,1274.9,1314.0,1267.0,1307.0,1147.73,687122
2011-04-25,1310.0,1335.0,1286.3,1326.45,1164.81,1325337
2011-04-26,1324.9,1324.9,1297.25,1302.6,1143.86,543624
2011-04-27,1308.9,1329.9,1305.2,1316.8,1156.33,307291
2011-04-28,1321.2,1325.3,1297.0,1301.25,1142.68,255730
2011-04-29,1295.25,1328.65,1288.65,1317.65,1157.08,336437
2011-05-02,1320.0,1334.0,1286.1,1291.6,1134.2,541711
2011-05-03,1290.0,1290.0,1241.25,1273.8,1118.57,660811
2011-05-04,1268.5,1269.0,1241.0,1244.6,1092.93,421192
2011-05-05,1244.0,1274.3,1235.3,1253.85,1101.05,370008
2011-05-06,1254.0,1287.0,1242.4,1273.5,1118.31,481365
2011-05-09,1276.5,1279.9,1240.0,1245.5,1093.72,154135
2011-05-10,1245.0,1254.5,1234.0,1241.8,1090.47,186668
2011-05-11,1236.4,1245.8,1214.15,1222.85,1073.83,347243
2011-05-12,1220.0,1238.0,1215.0,1219.2,1070.63,189669
2011-05-13,1219.2,1237.0,1215.0,1222.45,1073.48,146615
2011-05-16,1215.0,1238.35,1203.3,1230.5,1080.55,221705
2011-05-17,1230.5,1230.5,1205.0,1210.0,1062.55,124996
2011-05-18,1209.0,1232.9,1190.0,1216.6,1068.34,343937
2011-05-19,1210.0,1223.2,1206.0,1211.75,1064.08,106571
2011-05-20,1212.3,1240.8,1210.0,1223.2,1074.14,82338
2011-05-23,1207.0,1220.0,1200.0,1203.75,1057.06,83639
2011-05-24,1206.0,1225.95,1195.65,1204.5,1057.72,139391
2011-05-25,1201.0,1208.85,1192.25,1200.75,1054.42,134930
2011-05-26,1195.35,1234.6,1195.35,1215.3,1067.2,261038
2011-05-27,1210.0,1227.0,1201.0,1221.7,1072.82,215160
2011-05-30,1224.95,1226.0,1207.0,1210.45,1062.94,122594
2011-05-31,1220.0,1237.0,1213.0,1230.15,1080.24,419395
2011-06-01,1220.0,1255.0,1220.0,1250.1,1097.76,444037
2011-06-02,1231.0,1245.85,1220.0,1225.4,1076.07,230627
2011-06-03,1230.0,1244.9,1218.55,1233.9,1083.53,219802
2011-06-06,1228.0,1238.9,1210.0,1232.0,1081.87,186588
2011-06-07,1210.95,1245.0,1210.95,1240.0,1088.89,278512
2011-06-08,1225.0,1236.05,1218.0,1223.9,1074.75,187917
2011-06-09,1215.0,1222.7,1210.0,1215.05,1066.98,168516
2011-06-10,1205.15,1241.0,1191.05,1226.65,1077.17,577994
2011-06-13,1220.0,1236.4,1208.15,1224.95,1075.68,408847
2011-06-14,1215.0,1228.9,1208.2,1222.45,1073.48,290861
2011-06-15,1214.2,1223.9,1205.1,1210.0,1062.55,175755
2011-06-16,1196.0,1200.0,1183.9,1193.15,1047.75,354302
2011-06-17,1224.0,1232.0,1161.3,1165.0,1023.03,1075331
2011-06-20,1177.0,1177.0,1130.05,1160.75,1019.3,523585
2011-06-21,1164.95,1170.0,1136.0,1144.8,1005.29,261594
2011-06-22,1145.15,1149.9,1117.1,1122.75,985.93,359730
2011-06-23,1117.0,1118.0,1092.0,1099.3,965.34,556227
2011-06-24,1104.0,1125.0,1085.8,1119.6,983.16,836966
2011-06-27,1109.9,1159.2,1106.0,1152.75,1012.27,434614
2011-06-28,1174.7,1174.7,1142.25,1157.85,1016.75,267340
2011-06-29,1157.0,1183.0,1155.25,1176.95,1033.52,235700
2011-06-30,1185.0,1186.75,1154.05,1159.9,1018.55,416028
2011-07-01,1154.0,1155.0,1130.0,1143.15,1003.84,447038
2011-07-04,1144.0,1163.95,1131.35,1157.8,1016.71,278505
2011-07-05,1155.1,1170.85,1153.5,1166.35,1024.22,183263
2011-07-06,1155.2,1174.85,1155.2,1168.9,1026.46,179419
2011-07-07,1163.0,1189.0,1158.8,1182.7,1038.57,229229
2011-07-08,1184.8,1202.0,1177.05,1184.25,1039.94,341435
2011-07-11,1175.2,1178.0,1155.0,1164.15,1022.28,162944
2011-07-12,1151.5,1152.0,1140.25,1147.45,1007.62,174207
2011-07-13,1154.0,1167.9,1154.0,1164.8,1022.86,151856
2011-07-14,1151.3,1188.4,1151.3,1174.2,1031.11,368747
2011-07-15,1170.05,1184.7,1161.6,1177.55,1034.05,171029
2011-07-18,1170.0,1188.95,1165.0,1174.75,1031.59,151327
2011-07-19,1169.5,1174.9,1158.45,1163.0,1021.27,245365
2011-07-20,1168.7,1176.9,1159.1,1162.7,1021.01,255318
2011-07-21,1155.05,1170.0,1147.6,1156.15,1015.26,172146
2011-07-22,1159.0,1168.0,1155.0,1161.6,1020.05,376871
2011-07-25,1156.7,1185.0,1153.6,1181.25,1037.3,203872
2011-07-26,1176.0,1201.7,1154.75,1176.95,1033.52,1430916
2011-07-27,1182.9,1216.4,1172.2,1209.25,1061.89,503547
2011-07-28,1197.0,1225.0,1178.55,1185.9,1041.38,653432
2011-07-29,1189.0,1219.8,1189.0,1206.65,1059.61,333021
2011-08-01,1210.1,1228.9,1191.45,1209.6,1062.2,381542
2011-08-02,1193.05,1215.8,1193.05,1212.2,1064.48,271852
2011-08-03,1195.5,1221.65,1195.5,1212.3,1064.57,428422
2011-08-04,1198.05,1216.0,1193.35,1200.3,1054.03,476072
2011-08-05,1170.0,1200.0,1168.8,1192.0,1046.74,363463
2011-08-08,1178.45,1207.55,1163.1,1191.75,1046.52,356035
2011-08-09,1170.05,1216.9,1170.0,1211.95,1064.26,386251
2011-08-10,1225.0,1283.4,1215.6,1277.6,1121.91,819358
2011-08-11,1270.55,1282.0,1239.25,1247.65,1095.61,399042
2011-08-12,1249.4,1269.0,1238.0,1246.35,1094.47,442137
2011-08-16,1246.2,1255.6,1220.1,1225.1,1075.81,340364
2011-08-17,1220.0,1230.8,1179.0,1186.0,1041.47,385046
2011-08-18,1197.0,1203.0,1152.65,1159.4,1018.11,286994
2011-08-19,1137.0,1166.45,1134.1,1159.05,1017.81,271953
2011-08-22,1165.5,1174.6,1149.1,1169.4,1026.89,209465
2011-08-23,1171.1,1174.5,1152.4,1158.2,1017.06,201777
2011-08-24,1145.0,1156.8,1097.35,1114.5,985.06,650647
2011-08-25,1124.0,1130.2,1103.4,1110.8,981.79,517715
2011-08-26,1117.05,1129.0,1047.75,1083.4,957.58,341740
2011-08-29,1080.0,1107.0,1056.0,1079.4,954.04,688962
2011-08-30,1070.1,1098.95,1063.6,1091.55,964.78,836549
2011-09-02,1072.05,1089.0,1067.05,1078.95,953.64,425137
2011-09-05,1073.5,1098.15,1064.25,1085.5,959.43,359484
2011-09-06,1088.9,1118.7,1088.9,1102.95,974.86,643403
2011-09-07,1103.45,1139.9,1093.3,1126.4,995.58,720712
2011-09-08,1137.9,1142.0,1122.4,1131.9,1000.44,469276
2011-09-09,1136.0,1149.0,1098.9,1103.4,975.25,355468
2011-09-12,1098.0,1098.0,1056.0,1068.25,944.19,261197
2011-09-13,1070.55,1096.0,1061.65,1074.9,950.06,422726
2011-09-14,1078.0,1104.0,1041.35,1094.6,967.48,353955
2011-09-15,1085.2,1095.85,1060.0,1082.25,956.56,781399
2011-09-16,1071.1,1117.65,1065.0,1109.45,980.6,1247652
2011-09-19,1105.0,1148.6,1096.05,1140.75,1008.27,1402251
2011-09-20,1139.85,1161.9,1116.5,1154.95,1020.82,1153749
2011-09-21,1143.05,1148.45,1116.45,1122.7,992.31,448621
2011-09-22,1110.0,1114.8,1080.0,1087.1,960.85,569850
2011-09-23,1070.0,1106.15,1048.6,1090.9,964.2,659223
2011-09-26,1104.0,1108.8,1065.0,1076.8,951.74,413800
2011-09-27,1082.9,1110.9,1082.9,1106.15,977.68,290896
2011-09-28,1110.0,1110.65,1067.0,1078.25,953.02,282421
2011-09-29,1067.35,1116.9,1057.0,1105.1,976.76,662381
2011-09-30,1100.0,1107.9,1076.1,1083.0,957.22,216286
2011-10-03,1083.9,1100.0,1073.3,1077.75,952.58,421513
2011-10-04,1082.0,1116.0,1081.95,1107.85,979.19,1755670
2011-10-05,1117.0,1129.0,1077.0,1085.55,959.48,710373
2011-10-07,1115.0,1125.0,1096.8,1113.2,983.91,449114
2011-10-10,1080.1,1091.85,1065.0,1070.95,946.57,709266
2011-10-11,1065.0,1087.3,1063.2,1073.2,948.56,704061
2011-10-12,1067.85,1090.0,1065.65,1085.85,959.74,337688
2011-10-13,1075.05,1083.75,1050.0,1058.25,935.35,816403
2011-10-14,1050.0,1051.0,1021.6,1027.25,907.95,879193
2011-10-17,1030.55,1065.9,1010.0,1051.6,929.47,1683826
2011-10-18,1047.0,1064.9,1039.3,1052.3,930.09,597663
2011-10-19,1065.0,1074.0,1052.3,1065.8,942.02,585164
2011-10-20,1063.8,1079.9,1050.0,1077.45,952.32,522623
2011-10-21,1110.0,1117.5,1088.0,1094.55,967.43,1422468
2011-10-24,1112.0,1124.55,1106.3,1112.4,983.21,550386
2011-10-25,1122.0,1160.0,1117.2,1151.25,1017.55,946337
2011-10-28,1167.0,1185.0,1111.15,1126.0,995.23,1538204
2011-10-31,1072.0,1133.1,1060.0,1125.3,994.61,2206582
2011-11-01,1122.0,1140.0,1112.65,1133.5,1001.86,860761
2011-11-02,1116.0,1136.0,1116.0,1124.0,993.46,359122
2011-11-03,1120.0,1134.0,1120.0,1129.5,998.32,360567
2011-11-04,1135.0,1152.8,1117.4,1122.25,991.91,738188
2011-11-08,1130.0,1133.95,1118.0,1124.15,993.59,228195
2011-11-09,1129.0,1129.0,1071.55,1076.5,951.48,667891
2011-11-11,1084.0,1091.8,1037.0,1059.75,936.67,739345
2011-11-14,1068.35,1072.8,1021.1,1027.0,907.73,464462
2011-11-15,1031.25,1041.9,991.0,1003.5,886.96,598891
2011-11-16,1009.0,1009.0,981.5,991.4,876.26,606285
2011-11-17,988.0,998.95,941.0,947.15,837.15,1312556
2011-11-18,945.0,949.0,907.05,940.6,831.36,1641351
2011-11-21,939.0,967.3,931.0,943.05,833.53,1261673
2011-11-22,953.0,965.0,943.65,959.55,848.11,844169
2011-11-23,954.65,971.5,944.1,953.6,842.85,574204
2011-11-24,953.7,999.0,951.7,988.95,874.1,656104
2011-11-25,992.0,992.1,945.95,949.95,839.62,916133
2011-11-28,966.95,987.1,958.0,965.4,853.28,927553
2011-11-29,965.9,980.8,952.5,958.9,847.54,423512
2011-11-30,956.95,976.15,952.1,972.15,859.25,473470
2011-12-01,992.0,1008.0,958.0,962.25,850.5,1036648
2011-12-02,963.5,997.0,963.0,992.35,877.1,846065
2011-12-05,982.05,1005.0,980.05,999.55,883.46,520465
2011-12-07,999.55,1014.9,991.0,998.7,882.71,533511
2011-12-08,1003.0,1004.85,965.85,975.9,862.56,537059
2011-12-09,963.5,994.5,956.35,985.8,871.31,634649
2011-12-12,985.8,990.05,951.0,958.2,846.92,546170
2011-12-13,952.1,969.4,950.0,956.5,845.41,519127
2011-12-14,950.0,963.55,937.0,947.65,837.59,616851
2011-12-15,940.0,940.0,911.45,931.7,823.49,539248
2011-12-16,931.7,949.9,908.7,931.55,823.36,848872
2011-12-19,925.0,931.2,900.0,916.65,810.19,620878
2011-12-20,924.0,926.9,908.7,916.15,809.75,366360
2011-12-21,926.1,969.0,926.1,961.9,850.19,702708
2011-12-22,941.0,978.95,941.0,965.85,853.68,648188
2011-12-23,975.0,988.5,968.25,975.5,862.21,372589
2011-12-26,984.0,991.0,965.05,969.5,856.9,351164
2011-12-27,971.0,979.4,951.3,963.15,851.29,230303
2011-12-28,964.9,972.2,950.25,959.3,847.89,232279
2011-12-29,954.0,959.5,915.5,921.75,814.7,544045
2011-12-30,935.0,939.9,911.0,918.3,811.65,390624
2012-01-02,923.0,944.35,917.0,938.9,829.86,531425
2012-01-03,947.0,964.7,941.35,952.8,842.14,363198
2012-01-04,953.0,969.0,943.15,948.25,838.12,296634
2012-01-05,948.0,948.0,925.6,933.45,825.04,458779
2012-01-06,928.7,955.8,927.0,949.75,839.45,349108
2012-01-09,949.9,975.0,948.0,971.05,858.27,430392
2012-01-10,981.0,993.0,977.25,986.35,871.8,356547
2012-01-11,988.55,995.0,972.2,987.9,873.17,433994
2012-01-12,984.8,1009.0,982.05,994.5,879.0,522575
2012-01-13,997.0,1009.2,974.0,977.05,863.58,516919
2012-01-16,970.0,1019.85,970.0,1008.05,890.98,781570
2012-01-17,1020.0,1120.0,1019.1,1108.35,979.63,3155235
2012-01-18,1112.0,1144.85,1092.5,1101.8,973.84,2781735
2012-01-19,1116.5,1135.0,1107.0,1129.95,998.72,857884
2012-01-20,1131.0,1135.0,1085.0,1103.5,975.34,729324
2012-01-23,1084.0,1172.45,1070.05,1160.65,1025.85,2590616
2012-01-24,1167.4,1172.15,1128.0,1157.95,1023.47,2008468
2012-01-25,1157.0,1198.0,1142.0,1180.75,1043.62,1776429
2012-01-27,1167.8,1219.0,1159.7,1210.65,1070.05,951880
2012-01-30,1204.0,1226.0,1185.0,1193.3,1054.71,656597
2012-01-31,1198.0,1209.9,1167.65,1186.7,1048.88,1045424
2012-02-01,1190.0,1227.0,1183.0,1214.8,1073.72,1040215
2012-02-02,1225.0,1233.45,1204.2,1217.65,1076.23,619866
2012-02-03,1220.0,1254.0,1205.0,1240.85,1096.74,647744
2012-02-06,1250.0,1265.0,1235.5,1252.75,1107.26,560045
2012-02-07,1251.0,1262.0,1240.0,1246.95,1102.13,443305
2012-02-08,1248.0,1280.0,1245.45,1266.5,1119.41,517183
2012-02-09,1259.75,1278.9,1255.15,1270.0,1122.5,541872
2012-02-10,1262.05,1273.95,1233.25,1244.6,1100.05,631791
2012-02-13,1242.2,1258.4,1215.25,1225.05,1082.77,639454
2012-02-14,1220.2,1274.5,1220.2,1267.7,1120.47,899801
2012-02-15,1276.0,1324.9,1275.3,1302.8,1151.49,1011521
2012-02-16,1300.0,1375.0,1279.2,1359.6,1201.7,1510728
2012-02-17,1359.0,1366.1,1318.05,1321.55,1168.07,650578
2012-02-21,1317.05,1337.05,1295.2,1309.75,1157.64,665602
2012-02-22,1307.0,1329.3,1281.05,1306.35,1154.63,510787
2012-02-23,1291.0,1307.35,1271.65,1279.4,1130.81,845227
2012-02-24,1290.0,1296.55,1277.8,1285.25,1135.98,375094
2012-02-27,1285.1,1290.0,1235.25,1257.0,1111.01,345310
2012-02-28,1263.5,1279.0,1243.05,1269.6,1122.15,741718
2012-02-29,1275.2,1291.8,1239.0,1254.8,1109.07,736509
2012-03-01,1267.9,1322.0,1247.75,1315.05,1162.32,1543242
2012-03-02,1334.0,1336.7,1306.65,1330.55,1176.02,924123
2012-03-05,1320.7,1333.9,1309.1,1315.2,1162.45,547959
2012-03-06,1302.0,1350.0,1300.35,1331.6,1176.95,662053
2012-03-07,1321.1,1329.9,1281.0,1308.55,1156.58,438170
2012-03-09,1320.0,1359.0,1320.0,1341.35,1185.57,625544
2012-03-12,1351.0,1356.0,1328.7,1337.25,1181.94,434638
2012-03-13,1345.0,1384.0,1345.0,1368.25,1209.34,863892
2012-03-14,1380.0,1399.7,1366.55,1371.9,1212.57,688965
2012-03-15,1365.0,1379.65,1355.1,1366.4,1207.71,575251
2012-03-16,1352.25,1428.95,1339.0,1374.35,1214.74,1604822
2012-03-19,1377.5,1378.8,1353.15,1362.1,1203.91,323100
2012-03-20,1362.1,1363.0,1328.5,1358.2,1200.46,471359
2012-03-21,1365.0,1372.9,1333.0,1363.2,1204.88,841209
2012-03-22,1355.55,1357.7,1321.1,1330.3,1175.8,437399
2012-03-23,1320.05,1320.5,1286.2,1306.55,1154.81,806817
2012-03-26,1315.0,1322.3,1290.4,1297.45,1146.77,696029
2012-03-27,1310.0,1310.25,1258.3,1273.7,1125.77,1138231
2012-03-28,1274.85,1294.95,1254.0,1288.3,1138.68,584546
2012-03-29,1279.8,1319.95,1264.2,1305.85,1154.19,918118
2012-03-30,1309.0,1356.5,1293.05,1350.5,1193.66,650438
2012-04-02,1361.0,1364.2,1332.0,1338.55,1183.09,486296
2012-04-03,1345.0,1349.6,1303.9,1309.55,1157.46,475271
2012-04-04,1309.55,1337.8,1306.85,1315.7,1162.9,543772
2012-04-09,1305.0,1321.4,1275.0,1283.35,1134.3,420584
2012-04-10,1282.0,1295.2,1260.65,1275.8,1127.63,534399
2012-04-11,1263.15,1285.1,1262.05,1272.45,1124.67,401175
2012-04-12,1279.7,1315.7,1276.3,1312.4,1159.98,671623
2012-04-13,1315.25,1350.0,1312.4,1322.75,1169.13,943900
2012-04-16,1312.55,1352.85,1309.9,1342.3,1186.41,526324
2012-04-17,1394.8,1394.8,1326.4,1342.2,1186.32,583176
2012-04-18,1350.0,1366.7,1345.05,1352.5,1195.42,642609
2012-04-19,1364.4,1401.4,1357.4,1391.25,1229.67,922582
2012-04-20,1392.25,1417.05,1380.0,1390.7,1229.19,816656
2012-04-23,1391.1,1408.0,1372.1,1377.55,1217.56,518905
2012-04-24,1375.0,1376.6,1349.75,1363.75,1205.37,270412
2012-04-25,1362.1,1389.0,1362.1,1382.1,1221.59,593484
2012-04-26,1380.0,1399.0,1366.1,1381.95,1221.45,762098
2012-04-27,1381.05,1388.4,1374.15,1382.5,1221.94,429216
2012-04-30,1399.0,1399.0,1358.25,1371.85,1212.53,956055
2012-05-02,1384.5,1384.5,1324.0,1332.9,1178.1,666676
2012-05-03,1329.8,1329.8,1284.1,1290.0,1140.18,662791
2012-05-04,1287.3,1291.5,1260.95,1281.3,1132.49,644798
2012-05-07,1264.95,1329.0,1254.0,1310.85,1158.61,680698
2012-05-08,1324.0,1331.7,1299.05,1306.0,1154.32,632978
2012-05-09,1292.25,1312.0,1285.55,1301.25,1150.12,330149
2012-05-10,1290.15,1305.4,1250.15,1261.85,1115.3,415223
2012-05-11,1247.95,1251.15,1217.1,1235.25,1091.79,486137
2012-05-14,1235.0,1258.0,1231.85,1249.0,1103.94,491946
2012-05-15,1238.0,1239.9,1205.1,1217.3,1075.92,567302
2012-05-16,1202.25,1202.25,1167.35,1192.1,1053.65,673604
2012-05-17,1200.0,1218.0,1188.0,1205.3,1065.32,599674
2012-05-18,1175.25,1193.0,1156.0,1166.65,1031.16,612497
2012-05-21,1173.25,1215.95,1170.55,1208.8,1068.41,413870
2012-05-22,1218.85,1224.6,1143.35,1153.95,1019.93,950870
2012-05-23,1141.0,1163.9,1116.0,1153.1,1019.18,782054
2012-05-24,1128.9,1148.85,1115.45,1144.45,1011.54,955704
2012-05-25,1133.0,1150.0,1109.0,1119.0,989.04,921129
2012-05-28,1124.1,1130.0,1098.2,1103.55,975.39,874095
2012-05-29,1111.0,1136.2,1105.0,1128.35,997.31,817104
2012-05-30,1112.05,1157.35,1110.0,1151.05,1017.37,1151146
2012-05-31,1129.0,1134.35,1093.15,1100.25,972.47,3301123
2012-06-01,1106.95,1118.6,1071.0,1074.85,950.02,879733
2012-06-04,1069.7,1078.0,1051.0,1067.5,943.52,548592
2012-06-05,1077.5,1089.9,1058.3,1079.0,953.69,605028
2012-06-06,1079.9,1115.8,1076.35,1107.95,979.27,925831
2012-06-07,1120.0,1146.4,1110.6,1143.25,1010.48,984712
2012-06-08,1137.0,1137.0,1111.15,1124.05,993.5,456053
2012-06-11,1132.0,1143.4,1102.0,1110.5,981.53,724281
2012-06-12,1104.0,1152.8,1103.35,1144.55,1011.62,534252
2012-06-13,1138.0,1144.0,1102.5,1107.75,979.1,1333440
2012-06-14,1110.15,1125.3,1073.15,1080.1,954.66,882665
2012-06-15,1094.0,1110.0,1077.3,1106.8,978.26,685861
2012-06-18,1115.0,1127.45,1083.5,1091.8,965.0,610175
2012-06-19,1090.0,1103.7,1076.4,1090.95,964.25,430252
2012-06-20,1089.0,1092.55,1073.0,1076.4,951.39,616008
2012-06-21,1080.0,1094.0,1062.1,1088.85,962.39,844982
2012-06-22,1078.0,1113.3,1074.5,1102.1,974.1,904652
2012-06-25,1106.6,1133.9,1106.6,1113.9,984.53,910242
2012-06-26,1115.0,1120.95,1105.05,1113.2,983.91,302263
2012-06-27,1121.0,1124.0,1109.0,1121.7,991.43,532527
2012-06-28,1126.95,1132.0,1110.35,1120.85,990.68,516495
2012-06-29,1140.0,1176.0,1140.0,1169.75,1033.9,1346720
2012-07-02,1180.0,1204.8,1155.0,1178.5,1041.63,1141219
2012-07-03,1188.0,1201.2,1185.45,1191.65,1053.25,973813
2012-07-04,1197.25,1224.5,1197.25,1221.15,1079.33,1044761
2012-07-05,1215.55,1250.0,1213.5,1240.3,1096.25,1278118
2012-07-06,1240.35,1242.0,1211.5,1215.5,1074.33,611047
2012-07-09,1212.0,1213.0,1183.75,1187.75,1049.81,403988
2012-07-10,1193.0,1228.8,1181.0,1220.55,1078.8,794615
2012-07-11,1214.0,1218.0,1200.05,1203.4,1063.64,407383
2012-07-12,1199.8,1216.0,1189.15,1195.6,1056.74,559552
2012-07-13,1200.25,1207.9,1175.65,1183.95,1046.45,592804
2012-07-16,1190.0,1212.95,1178.4,1203.3,1063.55,599666
2012-07-17,1210.5,1215.75,1190.6,1196.2,1057.28,273112
2012-07-18,1197.35,1229.0,1186.8,1226.6,1084.14,508727
2012-07-19,1175.0,1175.0,1110.0,1117.3,987.54,8345304
2012-07-20,1095.25,1151.7,1094.75,1147.5,1014.23,4553438
2012-07-23,1106.0,1107.0,1074.3,1079.95,954.53,4040249
2012-07-24,1086.0,1119.0,1085.25,1106.9,978.35,2373402
2012-07-25,1095.0,1107.8,1085.95,1102.95,974.86,1202467
2012-07-26,1110.0,1125.6,1098.6,1108.55,979.81,2109342
2012-07-27,1124.75,1124.95,1106.05,1112.95,983.69,884839
2012-07-30,1085.1,1124.5,1082.65,1119.9,989.84,1353345
2012-07-31,1115.0,1137.6,1112.75,1134.85,1003.05,708501
2012-08-01,1134.0,1144.0,1118.5,1125.6,994.87,704104
2012-08-02,1129.8,1134.0,1116.0,1125.35,994.65,429857
2012-08-03,1119.8,1124.85,1108.95,1120.85,990.68,297511
2012-08-06,1134.0,1141.0,1125.0,1137.65,1005.53,425446
2012-08-07,1139.95,1148.95,1130.0,1146.95,1013.74,556437
2012-08-08,1140.6,1151.25,1136.0,1140.1,1007.69,568514
2012-08-09,1142.0,1166.0,1137.0,1144.8,1011.84,895054
2012-08-10,1144.0,1175.85,1140.65,1165.8,1030.41,638608
2012-08-13,1179.3,1195.0,1177.2,1184.95,1047.33,838204
2012-08-14,1184.0,1191.0,1160.0,1184.9,1053.96,418219
2012-08-16,1191.8,1198.0,1170.0,1172.6,1043.02,396861
2012-08-17,1190.0,1194.8,1171.15,1177.55,1047.42,1988327
2012-08-21,1190.0,1197.0,1176.1,1187.9,1056.63,1186236
2012-08-22,1185.0,1206.0,1180.05,1183.15,1052.4,700024
2012-08-23,1186.25,1192.05,1177.0,1181.0,1050.49,304311
2012-08-24,1181.2,1193.0,1161.0,1190.3,1058.76,470889
2012-08-27,1194.95,1198.5,1164.05,1167.8,1038.75,355903
2012-08-28,1165.2,1183.3,1156.0,1164.45,1035.77,432474
2012-08-29,1167.25,1173.0,1154.25,1167.8,1038.75,630103
2012-08-30,1160.05,1164.0,1133.1,1143.6,1017.22,896906
2012-08-31,1138.4,1148.5,1130.0,1143.3,1016.96,392594
2012-09-03,1130.2,1170.05,1130.2,1162.5,1034.03,445403
2012-09-04,1162.5,1179.0,1147.5,1174.65,1044.84,417884
2012-09-05,1170.0,1179.0,1162.05,1174.5,1044.71,421800
2012-09-06,1170.0,1196.0,1170.0,1183.45,1052.67,767955
2012-09-07,1196.0,1208.0,1191.3,1205.0,1071.84,1285056
2012-09-10,1212.0,1220.75,1197.6,1206.1,1072.82,474322
2012-09-11,1198.5,1220.95,1191.7,1213.85,1079.71,498747
2012-09-12,1216.0,1225.25,1212.3,1220.2,1085.36,482824
2012-09-13,1222.3,1229.85,1204.0,1210.6,1076.82,347562
2012-09-14,1226.0,1267.8,1226.0,1261.1,1121.74,1197005
2012-09-17,1281.0,1324.5,1275.05,1279.3,1137.93,1338378
2012-09-18,1289.9,1292.6,1268.15,1275.95,1134.95,640871
2012-09-20,1251.0,1301.8,1251.0,1282.9,1141.13,940325
2012-09-21,1294.0,1317.3,1287.15,1311.75,1166.79,800094
2012-09-24,1315.0,1369.8,1310.15,1354.65,1204.95,994282
2012-09-25,1360.8,1368.4,1317.05,1321.7,1175.64,693537
2012-09-26,1308.05,1329.6,1297.45,1312.1,1167.1,909320
2012-09-27,1317.9,1342.0,1317.45,1331.05,1183.96,1272235
2012-09-28,1345.0,1370.0,1341.0,1350.6,1201.35,1241053
2012-10-01,1359.0,1382.8,1347.6,1358.0,1207.93,865209
2012-10-03,1358.0,1374.3,1354.45,1363.45,1212.78,639206
2012-10-04,1371.25,1409.85,1362.6,1390.5,1236.84,1104971
2012-10-05,1399.5,1409.0,1261.2,1387.7,1234.35,987181
2012-10-08,1382.0,1409.9,1375.15,1385.45,1232.35,1099782
2012-10-09,1400.0,1405.0,1387.5,1392.6,1238.71,755966
2012-10-10,1385.0,1394.5,1376.0,1378.95,1226.56,450007
2012-10-11,1385.0,1391.0,1347.5,1369.2,1217.89,1280918
2012-10-12,1355.5,1387.5,1355.5,1372.05,1220.43,792185
2012-10-15,1374.3,1384.3,1334.0,1338.25,1190.36,710035
2012-10-16,1342.5,1372.7,1337.6,1367.05,1215.98,860593
2012-10-17,1378.85,1389.0,1362.95,1368.15,1216.96,896249
2012-10-18,1373.25,1388.5,1371.1,1378.75,1226.39,559121
2012-10-19,1373.45,1382.0,1362.7,1369.25,1217.94,243014
2012-10-22,1362.0,1377.9,1353.55,1369.85,1218.47,278367
2012-10-23,1365.0,1377.9,1361.0,1366.9,1215.85,351522
2012-10-25,1369.0,1376.95,1348.0,1368.85,1217.58,540856
2012-10-29,1370.0,1373.0,1353.6,1362.2,1211.67,665083
2012-10-30,1351.0,1419.0,1338.0,1390.8,1237.11,1697578
2012-10-31,1385.0,1443.8,1381.3,1437.9,1279.0,2341085
2012-11-01,1439.0,1467.0,1438.1,1459.75,1298.44,1719118
2012-11-02,1466.0,1477.35,1454.1,1465.9,1303.91,1151250
2012-11-05,1462.0,1487.95,1458.75,1478.25,1314.89,741504
2012-11-06,1468.05,1474.95,1443.1,1451.6,1291.19,915224
2012-11-07,1448.65,1478.25,1448.05,1467.15,1305.02,486738
2012-11-08,1451.2,1473.15,1451.1,1459.75,1298.44,459052
2012-11-09,1459.75,1475.0,1457.5,1463.4,1301.68,578089
2012-11-12,1474.0,1474.0,1443.9,1454.1,1293.41,290527
2012-11-15,1446.3,1477.0,1440.75,1466.05,1304.04,788772
2012-11-16,1461.0,1477.0,1434.2,1438.1,1279.18,376344
2012-11-19,1445.9,1506.7,1445.9,1494.25,1329.12,1688460
2012-11-20,1505.0,1509.1,1486.95,1499.3,1333.61,1032949
2012-11-21,1500.25,1503.95,1480.1,1492.5,1327.57,421427
2012-11-22,1500.0,1514.5,1489.25,1493.45,1328.41,427099
2012-11-23,1501.0,1503.0,1485.0,1493.3,1328.28,223808
2012-11-26,1501.1,1501.25,1485.0,1491.85,1326.99,381166
2012-11-27,1498.0,1509.4,1493.05,1497.65,1332.15,531466
2012-11-29,1500.0,1504.45,1474.15,1489.1,1324.54,639078
2012-11-30,1492.25,1499.0,1470.2,1473.85,1310.98,432369
2012-12-03,1480.0,1504.25,1479.45,1489.9,1325.25,710972
2012-12-04,1502.0,1502.0,1475.65,1480.55,1316.94,326134
2012-12-05,1487.0,1490.0,1472.0,1477.35,1314.09,368330
2012-12-06,1480.8,1486.95,1459.45,1482.55,1318.72,340106
2012-12-07,1490.0,1539.9,1490.0,1509.95,1343.09,1272135
2012-12-10,1505.0,1523.5,1490.25,1493.4,1328.37,314521
2012-12-11,1489.9,1500.0,1466.6,1477.9,1314.58,309880
2012-12-12,1485.0,1491.95,1463.05,1476.0,1312.89,652425
2012-12-13,1482.0,1496.0,1470.0,1474.15,1311.24,536596
2012-12-14,1478.25,1488.0,1451.0,1477.25,1314.0,464608
2012-12-17,1490.0,1510.8,1480.55,1499.65,1333.93,879034
2012-12-18,1500.0,1504.95,1471.85,1475.35,1312.31,579109
2012-12-19,1487.35,1516.95,1484.9,1509.75,1342.91,960012
2012-12-20,1513.7,1530.15,1510.0,1520.15,1352.16,626581
2012-12-21,1513.0,1521.9,1500.1,1504.9,1338.6,505267
2012-12-24,1497.25,1500.85,1475.35,1478.9,1315.47,338405
2012-12-26,1478.5,1493.9,1478.0,1480.1,1316.54,260198
2012-12-27,1490.0,1501.0,1475.35,1482.0,1318.23,588291
2012-12-28,1490.0,1517.0,1484.1,1500.4,1334.59,453955
2012-12-31,1502.5,1514.0,1486.75,1490.05,1325.39,187038
2013-01-01,1497.0,1524.0,1484.95,1514.4,1347.05,446063
2013-01-02,1518.8,1566.0,1518.8,1557.4,1385.29,801361
2013-01-03,1567.0,1567.0,1540.3,1543.3,1372.75,584243
2013-01-04,1542.0,1558.9,1539.5,1545.45,1374.66,361754
2013-01-07,1553.5,1601.75,1553.5,1584.6,1409.49,951298
2013-01-08,1593.9,1594.0,1571.0,1574.85,1400.82,640368
2013-01-09,1570.0,1595.4,1561.6,1569.6,1396.15,671715
2013-01-10,1576.1,1589.0,1564.15,1572.3,1398.55,911264
2013-01-11,1572.0,1592.95,1557.7,1565.25,1392.28,812488
2013-01-14,1570.0,1578.0,1531.0,1539.1,1369.02,1491642
2013-01-15,1545.0,1564.9,1543.2,1546.0,1375.15,693345
2013-01-16,1540.0,1560.0,1482.3,1493.2,1328.19,1202364
2013-01-17,1486.1,1521.7,1486.1,1494.1,1328.99,986779
2013-01-18,1507.8,1564.2,1502.5,1547.45,1376.44,1741932
2013-01-21,1555.0,1582.8,1550.75,1574.6,1400.59,1538191
2013-01-22,1581.0,1594.9,1567.05,1570.1,1396.59,930310
2013-01-23,1584.0,1586.35,1565.2,1573.7,1399.79,841493
2013-01-24,1576.0,1578.0,1528.7,1538.8,1368.75,575646
2013-01-25,1549.0,1606.0,1542.25,1599.45,1422.7,2993882
2013-01-28,1621.0,1633.9,1600.5,1608.15,1430.44,1157319
2013-01-29,1608.0,1628.0,1588.0,1593.05,1417.0,703176
2013-01-30,1603.95,1622.75,1596.0,1601.9,1424.88,649445
2013-01-31,1594.0,1616.0,1578.05,1581.6,1406.82,933230
2013-02-01,1585.2,1621.8,1580.0,1609.7,1431.81,895967
2013-02-04,1612.0,1616.8,1591.0,1599.4,1422.65,416405
2013-02-05,1593.0,1610.5,1590.0,1600.35,1423.5,491977
2013-02-06,1610.0,1639.0,1610.0,1627.85,1447.96,1082611
2013-02-07,1626.95,1628.9,1614.4,1622.35,1443.07,480018
2013-02-08,1625.0,1631.9,1577.15,1587.7,1412.25,659412
2013-02-11,1593.7,1594.9,1555.85,1558.8,1386.54,361453
2013-02-12,1561.55,1584.0,1548.15,1558.95,1386.67,442763
2013-02-13,1559.7,1570.0,1530.0,1532.45,1363.1,598533
2013-02-14,1515.1,1518.45,1476.35,1485.25,1321.12,1655638
2013-02-15,1477.25,1485.0,1463.5,1475.05,1312.04,688998
2013-02-18,1476.0,1485.0,1466.5,1479.8,1316.27,457163
2013-02-19,1471.25,1524.8,1463.3,1511.25,1344.24,814306
2013-02-20,1503.25,1511.25,1482.35,1508.3,1341.62,639004
2013-02-21,1494.0,1507.9,1450.15,1467.5,1305.33,957074
2013-02-22,1463.4,1467.0,1430.1,1438.4,1279.44,648683
2013-02-25,1442.0,1459.9,1438.25,1444.1,1284.51,399084
2013-02-26,1440.0,1440.0,1391.1,1404.3,1249.11,686212
2013-02-27,1400.0,1429.85,1377.2,1408.55,1252.89,504783
2013-02-28,1415.3,1418.8,1340.3,1354.35,1204.68,2957853
2013-03-01,1364.0,1436.4,1362.25,1424.4,1266.99,935306
2013-03-04,1408.1,1416.8,1390.9,1398.75,1244.18,277745
2013-03-05,1395.0,1444.8,1395.0,1430.75,1272.64,620394
2013-03-06,1434.45,1442.2,1411.3,1424.45,1267.04,436690
2013-03-07,1419.5,1454.8,1409.85,1449.35,1289.18,425637
2013-03-08,1460.0,1473.95,1415.9,1428.95,1271.04,756489
2013-03-11,1438.9,1448.0,1414.0,1417.95,1261.25,372123
2013-03-12,1410.65,1430.0,1401.7,1417.0,1260.41,423192
2013-03-13,1404.0,1413.7,1371.0,1374.25,1222.38,328461
2013-03-14,1372.0,1424.9,1360.75,1418.8,1262.01,627771
2013-03-15,1424.0,1427.8,1387.6,1406.7,1251.25,444509
2013-03-18,1390.0,1393.9,1355.65,1361.05,1210.64,369621
2013-03-19,1366.0,1382.8,1335.05,1364.65,1213.84,677734
2013-03-20,1355.0,1374.0,1332.0,1342.6,1194.23,454199
2013-03-21,1343.0,1357.7,1288.0,1306.95,1162.52,707612
2013-03-22,1313.8,1323.0,1295.5,1305.55,1161.28,719856
2013-03-25,1321.0,1330.0,1276.4,1285.2,1143.17,336083
2013-03-26,1275.2,1297.9,1266.1,1293.25,1150.34,303740
2013-03-28,1287.0,1315.8,1271.7,1281.2,1139.62,840376
2013-04-01,1280.0,1288.4,1262.0,1283.8,1141.93,280418
2013-04-02,1275.0,1315.85,1260.0,1307.8,1163.28,798827
2013-04-03,1295.0,1328.4,1295.0,1303.5,1159.45,361668
2013-04-04,1292.0,1329.5,1282.0,1311.1,1166.21,385661
2013-04-05,1327.0,1424.0,1327.0,1406.3,1250.89,1681662
2013-04-08,1402.2,1424.0,1381.25,1420.15,1263.21,781175
2013-04-09,1426.0,1442.0,1401.0,1407.4,1251.87,682014
2013-04-10,1413.1,1417.65,1384.25,1412.6,1256.5,479132
2013-04-11,1414.0,1432.0,1397.8,1428.05,1270.24,506487
2013-04-12,1420.0,1430.0,1402.15,1408.45,1252.8,245123
2013-04-15,1400.0,1444.9,1396.35,1422.9,1265.66,358385
2013-04-16,1415.0,1487.9,1415.0,1482.05,1318.27,620229
2013-04-17,1486.1,1504.8,1467.1,1494.5,1329.35,422625
2013-04-18,1485.3,1533.45,1485.3,1524.6,1356.12,540860
2013-04-22,1528.0,1553.85,1525.9,1540.45,1370.22,352370
2013-04-23,1541.0,1544.2,1515.15,1536.35,1366.57,288841
2013-04-25,1541.9,1599.25,1541.9,1590.95,1415.14,775649
2013-04-26,1590.95,1693.0,1567.5,1673.15,1488.25,3505606
2013-04-29,1675.85,1704.35,1675.85,1683.5,1497.46,897487
2013-04-30,1690.0,1697.0,1655.85,1669.6,1485.1,400577
2013-05-02,1642.0,1709.7,1642.0,1679.8,1494.17,877894
2013-05-03,1682.75,1699.5,1661.6,1665.4,1481.36,575722
2013-05-06,1669.0,1699.0,1657.4,1692.4,1505.38,414868
2013-05-07,1700.0,1707.15,1683.8,1692.8,1505.73,462187
2013-05-08,1697.0,1697.0,1674.0,1680.85,1495.1,306652
2013-05-09,1682.25,1684.0,1655.9,1660.15,1476.69,344448
2013-05-10,1675.0,1734.9,1673.0,1727.95,1537.0,1228156
2013-05-13,1740.0,1740.0,1698.85,1705.0,1516.58,347596
2013-05-14,1706.0,1715.9,1691.5,1703.9,1515.6,300610
2013-05-15,1719.75,1758.0,1711.8,1739.05,1546.87,653485
2013-05-16,1730.1,1749.8,1722.3,1728.2,1537.22,289810
2013-05-17,1730.0,1741.25,1700.7,1708.7,1519.87,288440
2013-05-20,1715.0,1774.4,1715.0,1742.25,1549.72,549253
2013-05-21,1742.35,1744.55,1691.6,1697.4,1509.82,559417
2013-05-22,1705.0,1714.65,1682.0,1687.6,1501.11,419210
2013-05-23,1680.0,1687.45,1586.1,1647.5,1465.44,1072941
2013-05-24,1650.4,1777.0,1614.0,1674.9,1489.81,743669
2013-05-27,1670.0,1670.0,1633.7,1648.75,1466.55,584287
2013-05-28,1650.05,1669.0,1650.05,1655.1,1472.2,333797
2013-05-29,1650.0,1661.8,1620.65,1634.15,1453.56,457835
2013-05-30,1623.0,1646.0,1603.35,1637.5,1456.54,593474
2013-05-31,1625.1,1652.9,1598.15,1605.6,1428.17,410598
2013-06-03,1599.95,1599.95,1548.35,1568.55,1395.21,432366
2013-06-04,1555.65,1588.75,1539.3,1546.8,1375.87,431388
2013-06-05,1550.1,1576.3,1533.25,1568.25,1394.95,621196
2013-06-06,1558.8,1598.8,1550.0,1587.1,1411.71,498248
2013-06-07,1565.0,1583.5,1545.0,1554.9,1383.07,780953
2013-06-10,1575.0,1580.95,1510.15,1521.85,1353.67,503982
2013-06-11,1512.0,1521.0,1481.0,1490.45,1325.74,675122
2013-06-12,1486.0,1490.0,1461.9,1479.65,1316.14,469660
2013-06-13,1459.0,1461.5,1430.0,1456.6,1295.63,690959
2013-06-14,1482.0,1520.0,1471.65,1514.15,1346.82,383703
2013-06-17,1535.1,1551.4,1505.1,1535.25,1365.59,533292
2013-06-18,1535.0,1547.0,1521.0,1538.55,1368.53,529919
2013-06-19,1529.2,1549.5,1524.0,1543.75,1373.15,389004
2013-06-20,1520.0,1540.9,1493.25,1525.15,1356.61,505078
2013-06-21,1520.0,1559.9,1511.75,1554.65,1382.85,433570
2013-06-24,1546.0,1572.0,1531.8,1544.45,1373.78,707604
2013-06-25,1540.0,1557.2,1502.25,1545.2,1374.44,484805
2013-06-26,1546.2,1557.9,1513.6,1544.75,1374.04,408512
2013-06-27,1560.0,1565.0,1511.2,1521.2,1353.09,493875
2013-06-28,1540.0,1549.2,1517.1,1537.75,1367.82,444718
2013-07-01,1540.0,1622.4,1515.0,1605.45,1428.03,856025
2013-07-02,1590.5,1619.0,1572.5,1578.65,1404.2,589430
2013-07-03,1561.0,1581.0,1555.65,1560.95,1388.45,173724
2013-07-04,1570.0,1577.0,1533.05,1557.35,1385.25,278194
2013-07-05,1571.0,1575.0,1549.0,1554.55,1382.76,273858
2013-07-08,1545.0,1563.0,1530.0,1551.05,1379.65,311166
2013-07-09,1544.0,1549.0,1521.0,1543.85,1373.24,467745
2013-07-10,1537.05,1549.65,1530.0,1543.5,1372.93,344394
2013-07-11,1560.0,1579.1,1497.25,1505.55,1339.17,543696
2013-07-12,1495.0,1505.05,1438.5,1447.95,1287.94,945429
2013-07-15,1449.0,1465.0,1433.15,1446.6,1286.74,522612
2013-07-16,1429.0,1429.9,1401.0,1411.25,1255.3,817379
2013-07-17,1412.25,1432.8,1401.5,1421.15,1264.1,1141103
2013-07-18,1415.0,1456.0,1407.2,1445.55,1285.8,714436
2013-07-19,1450.25,1462.0,1432.1,1451.5,1291.1,403857
2013-07-22,1437.0,1466.5,1435.0,1448.45,1288.38,324022
2013-07-23,1442.3,1464.0,1439.7,1448.7,1288.61,451305
2013-07-24,1437.0,1443.8,1402.1,1416.05,1259.56,405613
2013-07-25,1420.4,1452.15,1402.25,1414.0,1257.74,1896090
2013-07-26,1448.0,1448.0,1352.7,1375.4,1223.41,1226137
2013-07-29,1375.0,1378.1,1335.8,1348.2,1199.21,710715
2013-07-30,1349.9,1362.8,1340.5,1342.4,1194.05,459744
2013-07-31,1336.0,1336.0,1292.0,1326.3,1179.73,500776
2013-08-01,1326.0,1359.6,1322.25,1340.3,1192.19,797570
2013-08-02,1358.0,1363.85,1327.65,1337.7,1189.87,360939
2013-08-05,1345.25,1361.8,1332.05,1343.9,1195.39,178344
2013-08-06,1330.0,1358.75,1309.25,1331.95,1184.76,301434
2013-08-07,1345.0,1349.9,1302.0,1330.85,1183.78,456603
2013-08-08,1331.1,1392.4,1331.1,1385.05,1231.99,1398921
2013-08-12,1392.25,1409.0,1372.2,1380.2,1227.68,700028
2013-08-13,1355.0,1412.85,1355.0,1396.95,1249.82,1031827
2013-08-14,1398.0,1424.0,1385.0,1391.2,1244.68,530381
2013-08-16,1389.15,1389.2,1317.15,1325.1,1185.54,1464791
2013-08-19,1320.0,1336.8,1300.0,1308.45,1170.64,429786
2013-08-20,1300.0,1306.7,1268.6,1297.9,1161.2,916913
2013-08-21,1313.0,1324.85,1275.0,1284.45,1149.17,926580
2013-08-22,1284.2,1299.0,1232.6,1285.7,1150.29,1030562
2013-08-23,1299.9,1324.0,1266.05,1293.0,1156.82,621224
2013-08-26,1300.0,1318.3,1294.45,1308.15,1170.37,438706
2013-08-27,1299.9,1306.95,1240.0,1260.25,1127.52,929746
2013-08-28,1238.0,1249.0,1215.0,1236.35,1106.13,1150637
2013-08-29,1240.5,1263.8,1223.3,1250.6,1118.88,573972
2013-08-30,1246.0,1249.0,1225.0,1243.55,1112.58,758972
2013-09-02,1240.25,1307.6,1233.0,1300.0,1163.08,537411
2013-09-03,1315.0,1319.6,1254.5,1276.05,1141.65,627614
2013-09-04,1269.0,1282.8,1242.0,1276.5,1142.06,656723
2013-09-05,1290.0,1314.35,1290.0,1299.6,1162.72,531076
2013-09-06,1311.0,1311.95,1277.0,1288.4,1152.7,473918
2013-09-10,1305.0,1349.95,1300.0,1336.65,1195.87,857196
2013-09-11,1351.0,1388.8,1346.3,1360.8,1217.48,1255303
2013-09-12,1367.95,1376.0,1315.55,1320.9,1181.78,523296
2013-09-13,1315.0,1335.0,1301.0,1315.9,1177.31,534719
2013-09-16,1343.35,1379.3,1334.45,1359.9,1216.67,707004
2013-09-17,1362.0,1388.8,1360.0,1375.8,1230.9,478211
2013-09-18,1385.0,1405.0,1377.0,1401.85,1254.2,413270
2013-09-19,1441.0,1503.4,1441.0,1480.0,1324.12,1132596
2013-09-20,1479.9,1482.0,1401.0,1467.25,1312.72,751243
2013-09-23,1450.0,1454.4,1388.0,1401.25,1253.67,500010
2013-09-24,1390.0,1442.0,1387.0,1410.8,1262.21,517200
2013-09-25,1414.9,1423.0,1376.15,1393.2,1246.46,326342
2013-09-26,1415.0,1423.0,1380.1,1387.55,1241.41,537625
2013-09-27,1391.9,1407.7,1361.55,1366.95,1222.98,599199
2013-09-30,1366.0,1373.65,1340.0,1358.55,1215.46,406918
2013-10-01,1364.05,1410.0,1364.0,1380.2,1234.83,931358
2013-10-03,1394.95,1420.0,1375.2,1412.35,1263.6,650153
2013-10-04,1410.5,1434.95,1406.05,1428.5,1278.05,666373
2013-10-07,1425.0,1432.7,1402.05,1410.2,1261.67,329756
2013-10-08,1420.0,1423.85,1400.0,1406.6,1258.45,411447
2013-10-09,1407.0,1407.0,1386.2,1398.5,1251.21,481828
2013-10-10,1399.0,1425.2,1398.25,1421.1,1271.43,617290
2013-10-11,1436.1,1470.0,1413.1,1464.0,1309.81,762748
2013-10-14,1465.25,1479.0,1442.4,1446.9,1294.51,697237
2013-10-15,1452.0,1473.2,1431.0,1439.9,1288.25,413066
2013-10-17,1440.05,1451.8,1418.0,1427.05,1276.75,316070
2013-10-18,1432.0,1472.5,1428.1,1468.75,1314.06,490221
2013-10-21,1470.35,1542.75,1470.1,1519.95,1359.86,877353
2013-10-22,1523.0,1536.0,1505.3,1514.6,1355.08,351924
2013-10-23,1516.8,1545.0,1482.5,1528.85,1367.83,534863
2013-10-24,1528.0,1549.75,1499.95,1513.9,1354.45,580715
2013-10-25,1501.1,1533.1,1490.0,1508.7,1349.8,432129
2013-10-28,1510.35,1529.0,1503.0,1513.35,1353.96,919522
2013-10-29,1590.9,1646.5,1565.75,1635.25,1463.02,4085346
2013-10-30,1641.0,1659.9,1625.0,1636.65,1464.27,951167
2013-10-31,1626.1,1646.7,1617.25,1636.2,1463.87,760636
2013-11-01,1642.0,1655.85,1626.25,1636.15,1463.83,733492
2013-11-05,1645.0,1645.0,1617.2,1623.25,1452.28,491093
2013-11-06,1622.0,1644.0,1610.0,1614.55,1444.5,526949
2013-11-07,1610.3,1644.9,1602.4,1610.8,1441.15,496581
2013-11-08,1605.1,1610.0,1557.5,1580.55,1414.08,740937
2013-11-11,1580.0,1604.0,1561.3,1582.55,1415.87,509621
2013-11-12,1591.5,1622.0,1582.1,1587.1,1419.94,720325
2013-11-13,1580.0,1594.0,1573.0,1579.5,1413.14,446748
2013-11-14,1596.7,1625.0,1591.45,1612.6,1442.76,633129
2013-11-18,1627.7,1635.15,1612.05,1629.35,1457.74,642611
2013-11-19,1630.0,1691.1,1625.45,1682.55,1505.34,1253144
2013-11-20,1690.0,1700.0,1643.1,1649.85,1476.08,612988
2013-11-21,1654.9,1667.7,1638.85,1647.0,1473.53,591465
2013-11-22,1662.0,1676.75,1636.25,1640.15,1467.41,822901
2013-11-25,1653.0,1689.8,1646.3,1678.9,1502.07,730897
2013-11-26,1680.0,1688.0,1654.55,1663.3,1488.12,395917
2013-11-27,1668.05,1670.0,1641.0,1659.95,1485.12,571218
2013-11-28,1669.0,1675.0,1648.15,1666.65,1491.11,888680
2013-11-29,1670.0,1692.65,1667.15,1676.15,1499.61,502124
2013-12-02,1670.0,1682.3,1656.6,1661.4,1486.42,495575
2013-12-03,1660.0,1686.85,1652.25,1663.25,1488.07,572128
2013-12-04,1652.3,1669.8,1633.95,1639.75,1467.05,428767
2013-12-05,1667.15,1708.7,1667.15,1700.15,1521.09,1947489
2013-12-06,1705.75,1717.65,1694.0,1701.5,1522.29,834899
2013-12-09,1738.9,1770.0,1709.5,1763.75,1577.99,1184977
2013-12-10,1763.0,1780.6,1746.0,1751.8,1567.3,1048021
2013-12-11,1743.3,1775.9,1735.0,1753.0,1568.37,668007
2013-12-12,1748.0,1748.0,1710.4,1714.8,1534.19,478485
2013-12-13,1710.0,1719.95,1682.6,1689.6,1511.65,577334
2013-12-16,1687.0,1714.9,1676.0,1701.6,1522.38,428119
2013-12-17,1710.2,1731.7,1694.95,1701.9,1522.65,552326
2013-12-18,1703.75,1740.85,1695.4,1729.95,1547.75,791839
2013-12-19,1741.0,1798.0,1725.25,1780.55,1593.02,1469454
2013-12-20,1795.0,1830.0,1774.95,1809.65,1619.05,1493300
2013-12-23,1809.0,1819.9,1795.6,1802.4,1612.57,681383
2013-12-24,1795.0,1802.55,1775.25,1788.8,1600.4,409326
2013-12-26,1785.0,1803.75,1778.45,1793.6,1604.69,362435
2013-12-27,1790.25,1800.7,1763.0,1775.05,1588.1,503568
2013-12-30,1785.0,1794.85,1768.0,1777.2,1590.02,358010
2013-12-31,1780.1,1784.95,1757.55,1763.9,1578.12,303542
2014-01-01,1770.0,1776.9,1756.55,1764.0,1578.21,214453
2014-01-02,1759.0,1814.8,1759.0,1768.4,1582.15,1565710
2014-01-03,1766.0,1808.65,1752.25,1798.6,1609.17,583504
2014-01-06,1805.0,1819.4,1792.55,1807.7,1617.31,549379
2014-01-07,1838.0,1854.25,1820.1,1845.75,1651.35,1614578
2014-01-08,1850.0,1860.0,1827.05,1837.5,1643.97,1398622
2014-01-09,1858.8,1859.0,1801.1,1811.8,1620.98,947521
2014-01-10,1811.1,1814.55,1768.0,1794.1,1605.14,670378
2014-01-13,1800.0,1814.75,1765.0,1782.75,1594.99,559984
2014-01-14,1783.0,1791.8,1759.1,1773.35,1586.58,530939
2014-01-15,1790.0,1807.0,1767.1,1800.1,1610.51,612338
2014-01-16,1803.1,1810.8,1785.0,1789.85,1601.34,429527
2014-01-17,1778.2,1808.8,1766.3,1775.2,1588.23,310359
2014-01-20,1774.0,1797.35,1762.0,1778.2,1590.92,340046
2014-01-21,1782.0,1812.7,1782.0,1801.9,1612.12,541958
2014-01-22,1805.5,1819.0,1795.0,1807.85,1617.44,424767
2014-01-23,1796.1,1819.9,1788.45,1793.8,1604.87,493794
2014-01-24,1784.9,1804.9,1769.25,1774.25,1587.38,377713
2014-01-27,1755.0,1755.0,1690.0,1702.3,1523.01,923081
2014-01-28,1715.0,1751.5,1540.4,1566.0,1401.06,6599087
2014-01-29,1615.2,1697.8,1615.2,1673.85,1497.56,6737926
2014-01-30,1668.0,1674.0,1625.6,1635.9,1463.6,1651215
2014-01-31,1655.0,1655.0,1620.85,1636.25,1463.92,729347
2014-02-03,1620.0,1660.0,1613.05,1618.5,1448.04,957497
2014-02-04,1601.0,1630.0,1590.0,1619.65,1449.06,703285
2014-02-05,1619.0,1623.1,1602.1,1606.7,1437.48,627278
2014-02-06,1610.2,1644.95,1593.0,1639.7,1467.0,1237835
2014-02-07,1654.95,1670.4,1648.5,1664.95,1489.59,921283
2014-02-10,1665.0,1701.6,1665.0,1688.85,1510.98,896683
2014-02-11,1690.25,1698.0,1668.1,1678.15,1501.4,294694
2014-02-12,1685.0,1689.8,1643.1,1647.7,1474.16,442825
2014-02-13,1646.0,1658.8,1632.5,1641.25,1468.39,439092
2014-02-14,1642.0,1653.55,1615.65,1643.4,1470.31,451950
2014-02-17,1635.0,1674.9,1635.0,1665.7,1490.26,617227
2014-02-18,1675.0,1733.65,1666.1,1708.45,1528.51,954637
2014-02-19,1714.0,1721.0,1692.0,1698.1,1519.25,341015
2014-02-20,1697.0,1706.0,1674.2,1683.3,1506.01,344996
2014-02-21,1686.1,1702.4,1671.55,1675.6,1499.12,340948
2014-02-24,1675.0,1695.0,1645.8,1684.4,1506.99,326898
2014-02-25,1690.1,1693.9,1672.4,1678.0,1501.27,245384
2014-02-26,1668.0,1684.1,1651.0,1664.05,1488.79,584837
2014-02-28,1640.0,1659.05,1573.0,1589.0,1421.64,1768632
2014-03-03,1582.0,1616.9,1575.0,1582.2,1415.56,1060385
2014-03-04,1577.0,1603.0,1550.0,1597.4,1429.16,797764
2014-03-05,1614.7,1636.95,1593.55,1625.4,1454.21,728060
2014-03-06,1629.7,1657.0,1618.0,1650.45,1476.62,422906
2014-03-07,1655.0,1747.0,1640.2,1735.05,1552.31,944177
2014-03-10,1730.0,1817.25,1716.65,1801.1,1611.4,1324717
2014-03-11,1804.0,1811.7,1744.8,1754.15,1569.4,703249
2014-03-12,1725.0,1791.0,1680.0,1764.05,1578.26,1443683
2014-03-13,1766.0,1790.9,1733.0,1747.35,1563.31,641720
2014-03-14,1715.0,1756.35,1710.0,1738.45,1555.35,588996
2014-03-18,1900.0,1909.0,1852.25,1868.2,1671.44,1795672
2014-03-19,1873.0,1889.0,1850.75,1869.75,1672.82,621508
2014-03-20,1869.0,1874.8,1848.05,1856.55,1661.01,310199
2014-03-21,1856.55,1879.25,1856.55,1868.55,1671.75,284182
2014-03-24,1877.65,1903.0,1873.25,1886.3,1687.63,329812
2014-03-25,1881.0,1912.0,1875.85,1901.7,1701.41,395158
2014-03-26,1911.0,1949.0,1911.0,1937.1,1733.08,634815
2014-03-27,1941.0,1968.4,1920.15,1935.55,1731.69,825829
2014-03-28,1935.9,1956.55,1920.1,1931.4,1727.98,326409
2014-03-31,1937.95,1980.0,1925.0,1971.75,1764.08,437613
2014-04-01,1976.0,1980.0,1922.1,1930.85,1727.49,288560
2014-04-02,1935.0,1948.7,1922.85,1933.2,1729.59,268932
2014-04-03,1940.0,1964.4,1927.0,1939.7,1735.41,307539
2014-04-04,1940.0,1950.0,1917.15,1927.2,1724.22,195927
2014-04-07,1925.0,1936.0,1872.0,1904.95,1704.32,319401
2014-04-09,1890.0,1940.0,1876.0,1932.5,1728.96,698363
2014-04-10,1933.0,1973.5,1916.1,1959.95,1753.52,486855
2014-04-11,1941.0,1948.7,1923.15,1935.7,1731.83,504763
2014-04-15,1924.3,1948.6,1904.0,1927.2,1724.22,228758
2014-04-16,1929.25,1964.8,1926.45,1935.25,1731.42,371554
2014-04-17,1937.5,1961.5,1915.9,1951.35,1745.83,337629
2014-04-21,1953.45,2001.0,1953.45,1988.3,1778.89,481905
2014-04-22,1998.95,2006.85,1967.0,1975.6,1767.52,323792
2014-04-23,1984.9,1994.0,1969.0,1982.05,1773.3,398691
2014-04-24,1982.05,1982.05,1982.05,1982.05,1773.3,0
2014-04-25,1990.0,1994.0,1917.0,1956.2,1750.17,1064921
2014-04-28,1950.0,1966.8,1936.95,1950.45,1745.02,258675
2014-04-29,1955.0,1961.0,1910.3,1916.5,1714.65,335612
2014-04-30,1921.1,1940.8,1911.0,1923.0,1720.46,243902
2014-05-02,1895.0,1908.7,1880.05,1883.4,1685.04,324650
2014-05-05,1883.0,1916.4,1866.0,1897.85,1697.96,352889
2014-05-06,1899.0,1916.05,1883.0,1910.25,1709.06,239206
2014-05-07,1905.2,1907.2,1878.1,1881.25,1683.11,246112
2014-05-08,1888.0,1900.0,1876.2,1896.6,1696.85,180796
2014-05-09,1880.0,1983.75,1880.0,1974.85,1766.85,457287
2014-05-12,1975.0,2064.85,1965.05,2049.9,1834.0,555623
2014-05-13,2080.0,2120.0,2042.55,2090.35,1870.19,528807
2014-05-14,2092.0,2120.0,2059.5,2085.2,1865.58,329237
2014-05-15,2082.0,2127.0,2078.0,2117.85,1894.79,441637
2014-05-16,2200.0,2318.5,2140.1,2152.15,1925.48,808438
2014-05-19,2190.0,2250.0,2190.0,2214.65,1981.4,490566
2014-05-20,2222.0,2236.8,2182.55,2194.0,1962.92,225127
2014-05-21,2201.0,2209.95,2166.0,2169.2,1940.73,186665
2014-05-22,2204.95,2287.0,2204.95,2264.8,2026.27,679922
2014-05-23,2278.7,2403.0,2265.35,2385.85,2134.57,397790
2014-05-26,2407.5,2505.0,2314.05,2341.3,2094.71,778712
2014-05-27,2345.95,2368.0,2289.0,2302.05,2059.59,241821
2014-05-28,2290.0,2360.3,2285.25,2309.95,2066.66,352579
2014-05-29,2303.1,2337.7,2255.05,2305.85,2062.99,352983
2014-05-30,2314.15,2339.95,2254.0,2271.8,2032.53,189180
2014-06-02,2270.0,2340.35,2270.0,2324.3,2079.5,246577
2014-06-03,2344.7,2356.8,2310.0,2336.85,2090.73,372134
2014-06-04,2339.3,2393.05,2338.0,2372.05,2122.22,296026
2014-06-05,2410.0,2427.0,2367.15,2381.2,2130.41,553410
2014-06-06,2402.0,2412.9,2380.0,2392.05,2140.11,252012
2014-06-09,2415.0,2449.0,2387.05,2435.15,2178.67,315081
2014-06-10,2475.0,2484.0,2411.0,2464.3,2204.75,559445
2014-06-11,2470.0,2482.5,2433.0,2448.55,2190.66,395488
2014-06-12,2420.0,2488.35,2406.75,2480.85,2219.56,446513
2014-06-13,2485.0,2496.0,2393.55,2403.35,2150.22,328108
2014-06-16,2399.0,2409.0,2360.5,2381.15,2130.36,225806
2014-06-17,2388.0,2422.5,2381.0,2414.45,2160.15,190284
2014-06-18,2415.0,2449.0,2400.0,2435.0,2178.54,501190
2014-06-19,2441.0,2449.0,2371.0,2380.05,2129.38,305893
2014-06-20,2363.25,2397.35,2362.0,2366.4,2117.16,135952
2014-06-23,2392.0,2394.95,2351.05,2380.3,2129.6,158501
2014-06-24,2390.0,2422.0,2389.2,2414.6,2160.29,217974
2014-06-25,2414.95,2528.0,2391.1,2471.0,2210.75,430866
2014-06-26,2485.0,2503.95,2437.5,2486.9,2224.97,539042
2014-06-27,2480.05,2480.05,2440.0,2454.7,2196.16,151990
2014-06-30,2454.95,2469.5,2428.2,2439.35,2182.43,240672
2014-07-01,2453.8,2605.4,2446.6,2583.8,2311.67,1505073
2014-07-02,2593.8,2665.0,2568.25,2641.95,2363.69,775548
2014-07-03,2650.0,2662.0,2615.0,2629.9,2352.91,395691
2014-07-04,2627.0,2654.3,2616.65,2642.5,2364.19,346996
2014-07-07,2649.0,2660.0,2618.6,2638.85,2360.92,252391
2014-07-08,2660.0,2661.15,2578.0,2589.65,2316.9,325370
2014-07-09,2607.0,2607.0,2492.2,2516.45,2251.41,406355
2014-07-10,2517.0,2630.0,2490.0,2531.7,2265.05,349298
2014-07-11,2525.0,2560.95,2472.0,2504.65,2240.85,273178
2014-07-14,2482.0,2525.55,2482.0,2509.65,2245.33,142260
2014-07-15,2526.0,2549.35,2507.0,2518.45,2253.2,171337
2014-07-16,2524.95,2584.8,2502.0,2572.15,2301.24,255637
2014-07-17,2575.0,2579.75,2527.25,2560.35,2290.69,214428
2014-07-18,2550.0,2553.2,2505.0,2524.6,2258.7,260815
2014-07-21,2524.6,2573.0,2524.6,2541.35,2273.69,238243
2014-07-22,2545.8,2561.0,2493.65,2513.4,2248.68,236100
2014-07-23,2525.15,2529.45,2479.0,2490.05,2227.79,253475
2014-07-24,2500.0,2511.0,2485.0,2498.7,2235.53,288868
2014-07-25,2497.0,2537.0,2496.9,2509.3,2245.01,230984
2014-07-28,2510.0,2525.0,2492.6,2505.5,2241.61,182179
2014-07-30,2509.95,2560.0,2485.0,2552.45,2283.62,189655
2014-07-31,2564.75,2590.0,2511.4,2524.05,2258.21,958095
2014-08-01,2510.0,2626.55,2509.0,2586.0,2313.64,943610
2014-08-04,2590.0,2660.0,2571.4,2645.7,2367.05,480503
2014-08-05,2653.7,2675.0,2628.6,2665.85,2385.08,412319
2014-08-06,2654.0,2670.0,2630.35,2637.0,2359.26,238191
2014-08-07,2629.5,2667.0,2629.5,2649.4,2370.36,286075
2014-08-08,2629.0,2635.0,2593.5,2622.6,2346.38,266242
2014-08-11,2639.0,2672.0,2635.05,2664.55,2383.91,226565
2014-08-12,2672.0,2684.95,2647.2,2664.25,2383.64,223239
2014-08-13,2653.3,2674.95,2643.0,2650.95,2371.74,186796
2014-08-14,2645.0,2693.0,2645.0,2666.55,2385.7,311544
2014-08-18,2651.15,2722.5,2651.15,2703.55,2418.81,359547
2014-08-19,2715.0,2760.0,2712.2,2749.3,2459.74,404906
2014-08-20,2749.0,2755.0,2724.95,2737.85,2449.49,212477
2014-08-21,2743.95,2771.0,2738.1,2750.55,2460.85,206504
2014-08-22,2756.0,2767.9,2729.0,2754.85,2464.7,192631
2014-08-25,2781.0,2824.95,2779.2,2805.85,2510.33,390940
2014-08-26,2785.0,2799.9,2755.0,2772.4,2480.4,295099
2014-08-27,2785.0,2798.65,2760.75,2769.25,2488.36,308090
2014-08-28,2775.0,2803.7,2761.7,2784.5,2502.06,444326
2014-09-01,2804.0,2930.0,2792.0,2912.8,2617.35,640846
2014-09-02,2929.0,2966.0,2907.8,2915.05,2619.37,431825
2014-09-03,2940.0,2942.0,2897.0,2908.55,2613.53,423897
2014-09-04,2910.0,2923.55,2883.1,2897.75,2603.82,254066
2014-09-05,2872.0,2901.95,2859.9,2880.75,2588.55,262632
2014-09-08,2875.0,2924.4,2856.0,2915.65,2619.91,393871
2014-09-09,2930.0,2932.0,2903.0,2910.0,2614.83,194446
2014-09-10,2891.05,2919.95,2885.0,2906.95,2612.09,185112
2014-09-11,2905.0,2924.0,2876.25,2917.1,2621.21,280993
2014-09-12,2921.0,2979.0,2921.0,2971.8,2670.36,453657
2014-09-15,2970.9,2974.4,2930.0,2962.6,2662.09,287604
2014-09-16,2955.0,2980.3,2931.0,2950.35,2651.09,360771
2014-09-17,2950.0,2985.0,2916.25,2967.2,2666.23,313982
2014-09-18,2978.0,3060.0,2960.0,3042.7,2734.07,369872
2014-09-19,3045.2,3094.0,3030.0,3082.4,2769.74,276972
2014-09-22,3074.3,3085.0,3041.5,3066.2,2755.19,228956
2014-09-23,3079.0,3112.0,3054.1,3061.8,2751.23,331237
2014-09-24,3075.0,3090.0,3031.0,3071.8,2760.22,211358
2014-09-25,3075.0,3100.0,3043.0,3057.25,2747.14,318285
2014-09-26,3040.3,3087.0,2961.9,3038.0,2729.85,290099
2014-09-29,3036.0,3037.0,3001.85,3008.15,2703.02,217945
2014-09-30,3018.0,3078.0,3013.8,3062.85,2752.18,293390
2014-10-01,3048.0,3081.9,2961.15,2970.95,2669.6,513843
2014-10-07,2971.0,2994.0,2934.0,2938.65,2640.57,295318
2014-10-08,2939.0,2968.0,2924.05,2951.1,2651.76,283872
2014-10-09,2961.0,3013.55,2961.0,3006.2,2701.27,292837
2014-10-10,2990.1,2995.0,2942.0,2966.2,2665.33,249861
2014-10-13,2941.0,2980.0,2925.05,2972.85,2671.3,158747
2014-10-14,2980.1,2992.7,2957.1,2962.1,2661.64,176342
2014-10-15,2962.1,2962.1,2962.1,2962.1,2661.64,0
2014-10-16,2956.1,2980.0,2912.0,2936.85,2638.96,168761
2014-10-17,2940.0,2960.7,2902.0,2941.1,2642.77,283917
2014-10-20,2978.0,3014.8,2978.0,3003.7,2699.02,196994
2014-10-21,3015.0,3084.75,3010.0,3075.7,2763.72,220013
2014-10-22,3092.0,3189.0,3085.4,3177.2,2854.93,398874
2014-10-27,3171.0,3190.0,3105.5,3169.7,2848.19,160160
2014-10-28,3169.7,3169.7,3130.05,3151.35,2831.7,220379
2014-10-29,3166.0,3219.0,3145.4,3205.4,2880.27,228343
2014-10-30,3221.85,3299.0,3171.0,3240.25,2911.58,1274329
2014-10-31,3265.0,3350.0,3246.25,3337.25,2998.74,902391
2014-11-03,3330.0,3334.0,3276.0,3286.85,2953.45,452092
2014-11-05,3295.0,3327.85,3280.0,3288.95,2955.34,267172
2014-11-07,3286.0,3318.7,3249.15,3288.35,2954.8,302843
2014-11-10,3285.0,3315.0,3268.05,3307.8,2972.28,207284
2014-11-11,3298.0,3334.9,3291.15,3329.0,2991.33,213365
2014-11-12,3329.0,3371.3,3310.0,3359.75,3018.96,261098
2014-11-13,3370.0,3396.0,3321.7,3328.55,2990.92,235947
2014-11-14,3329.1,3344.0,3320.3,3329.55,2991.82,115687
2014-11-17,3321.95,3370.0,3313.1,3341.2,3002.29,186565
2014-11-18,3341.0,3376.75,3324.55,3364.6,3023.32,276896
2014-11-19,3378.0,3395.0,3323.6,3343.4,3004.27,213795
2014-11-20,3343.0,3364.8,3312.0,3335.5,2997.17,164288
2014-11-21,3333.05,3364.0,3305.55,3355.05,3014.74,261401
2014-11-24,3350.35,3363.1,3334.0,3353.1,3012.98,156584
2014-11-25,3358.0,3388.0,3281.65,3288.85,2955.25,343894
2014-11-26,3280.0,3306.9,3248.7,3284.0,2950.89,223306
2014-11-27,3286.7,3305.4,3257.2,3263.45,2932.43,244311
2014-11-28,3279.0,3359.7,3276.0,3346.2,3006.78,275680
2014-12-01,3341.0,3432.0,3335.0,3389.15,3045.38,510490
2014-12-02,3395.0,3395.0,3352.05,3356.85,3016.35,165773
2014-12-03,3365.85,3414.7,3365.85,3391.5,3047.49,286735
2014-12-04,3392.0,3415.0,3384.2,3406.85,3061.28,199285
2014-12-05,3411.0,3417.0,3390.0,3410.1,3064.2,140056
2014-12-08,3430.0,3440.0,3366.1,3379.85,3037.02,203336
2014-12-09,3390.0,3390.0,3319.8,3336.55,2998.11,221590
2014-12-10,3323.05,3345.0,3303.2,3323.4,2986.3,236136
2014-12-11,3325.0,3352.0,3286.75,3341.1,3002.2,156314
2014-12-12,3352.0,3394.4,3342.3,3379.3,3036.53,241538
2014-12-15,3374.0,3379.9,3346.3,3368.75,3027.05,135240
2014-12-16,3345.0,3383.7,3301.5,3309.85,2974.12,217196
2014-12-17,3290.0,3315.0,3250.75,3261.95,2931.08,267012
2014-12-18,3300.0,3399.25,3270.05,3385.3,3041.92,283235
2014-12-19,3401.0,3462.0,3350.25,3359.4,3018.65,473560
2014-12-22,3381.95,3412.5,3358.1,3393.5,3049.29,194933
2014-12-23,3395.0,3424.0,3385.1,3398.7,3053.96,202035
2014-12-24,3400.0,3420.0,3332.8,3365.5,3024.13,403056
2014-12-26,3367.0,3388.7,3326.0,3333.1,2995.01,210882
2014-12-29,3335.05,3380.0,3335.05,3347.2,3007.68,211257
2014-12-30,3350.0,3368.65,3339.45,3347.25,3007.73,109577
2014-12-31,3305.0,3341.9,3299.75,3329.8,2992.05,281626
2015-01-01,3320.25,3360.0,3320.25,3340.75,3001.89,299232
2015-01-02,3360.0,3383.0,3350.5,3359.6,3018.82,233924
2015-01-05,3382.0,3469.35,3376.05,3447.8,3098.08,536747
2015-01-06,3439.0,3439.0,3382.5,3395.25,3050.86,422743
2015-01-07,3400.0,3458.95,3382.05,3437.75,3089.05,369241
2015-01-08,3465.0,3509.55,3444.0,3475.5,3122.97,422022
2015-01-09,3500.0,3507.7,3429.95,3468.2,3116.41,194054
2015-01-12,3470.0,3483.65,3445.15,3462.9,3111.65,152803
2015-01-13,3483.8,3515.0,3462.1,3468.25,3116.45,237771
2015-01-14,3471.85,3531.0,3461.3,3516.0,3159.36,429069
2015-01-15,3550.35,3638.65,3540.0,3625.8,3258.02,670686
2015-01-16,3615.25,3625.0,3592.05,3616.6,3249.76,379075
2015-01-19,3627.7,3642.5,3615.2,3626.25,3258.43,192537
2015-01-20,3618.0,3636.0,3584.5,3605.55,3239.83,333315
2015-01-21,3623.0,3690.0,3592.0,3634.7,3266.02,402419
2015-01-22,3648.0,3648.0,3592.1,3597.25,3232.37,318883
2015-01-23,3634.0,3639.75,3575.0,3606.7,3240.86,337571
2015-01-27,3644.95,3704.7,3585.15,3687.9,3313.82,1278436
2015-01-28,3692.0,3758.5,3692.0,3725.8,3347.88,672705
2015-01-29,3745.0,3745.0,3677.0,3688.8,3314.63,603103
2015-01-30,3700.0,3741.0,3626.55,3647.35,3277.39,284786
2015-02-02,3647.35,3725.0,3620.0,3669.45,3297.25,319679
2015-02-03,3708.0,3708.0,3600.0,3607.85,3241.89,220676
2015-02-04,3620.0,3634.0,3550.5,3557.55,3196.7,203545
2015-02-05,3579.0,3597.0,3508.0,3522.7,3165.38,379633
2015-02-06,3529.75,3533.5,3490.0,3502.6,3147.32,198214
2015-02-09,3490.0,3497.2,3400.0,3411.3,3065.28,286868
2015-02-10,3393.0,3478.0,3360.0,3393.85,3049.6,547537
2015-02-11,3406.0,3470.8,3406.0,3454.75,3104.32,341769
2015-02-12,3468.0,3559.75,3468.0,3551.9,3191.62,436882
2015-02-13,3565.0,3627.0,3531.3,3616.95,3250.07,321186
2015-02-16,3620.0,3650.0,3561.5,3572.1,3209.77,260901
2015-02-18,3575.0,3584.0,3547.05,3564.95,3203.35,161803
2015-02-19,3575.0,3615.0,3562.15,3595.15,3230.48,214789
2015-02-20,3610.0,3614.0,3542.0,3547.35,3187.53,240749
2015-02-23,3561.0,3575.0,3532.85,3545.9,3186.23,163132
2015-02-24,3573.85,3600.0,3553.2,3588.3,3224.33,143983
2015-02-25,3595.0,3615.0,3564.1,3579.9,3216.78,173339
2015-02-26,3567.3,3581.9,3483.15,3496.85,3142.15,429598
2015-02-27,3497.0,3618.85,3496.85,3604.4,3238.79,378654
2015-03-02,3648.1,3730.0,3632.25,3711.45,3334.99,386182
2015-03-03,3718.0,3734.35,3689.55,3708.65,3332.47,206296
2015-03-04,3750.0,3789.7,3647.25,3678.4,3305.29,340907
2015-03-05,3677.0,3711.25,3641.35,3678.75,3305.6,152837
2015-03-09,3632.3,3690.9,3623.0,3671.3,3298.91,218786
2015-03-10,3689.0,3689.0,3640.25,3646.75,3276.85,182667
2015-03-11,3642.05,3672.0,3615.35,3656.45,3285.56,198508
2015-03-12,3667.4,3719.95,3662.1,3685.2,3311.4,308505
2015-03-13,3705.0,3717.2,3625.1,3650.7,3280.4,363024
2015-03-16,3651.0,3677.0,3637.8,3647.05,3277.12,182829
2015-03-17,3665.0,3688.95,3623.55,3661.55,3290.15,185250
2015-03-18,3663.0,3678.0,3642.3,3664.9,3293.16,177261
2015-03-19,3671.0,3695.0,3648.0,3655.0,3284.26,252139
2015-03-20,3640.0,3672.8,3610.0,3623.85,3256.27,206403
2015-03-23,3625.05,3639.2,3583.05,3594.4,3229.81,192986
2015-03-24,3625.0,3635.0,3567.05,3587.3,3223.43,227226
2015-03-25,3590.0,3628.9,3573.3,3614.75,3248.09,201854
2015-03-26,3605.0,3622.95,3537.95,3561.45,3200.2,489101
2015-03-27,3570.0,3619.75,3545.6,3610.05,3243.87,204071
2015-03-30,3629.0,3674.0,3600.45,3660.95,3289.61,152167
2015-03-31,3659.85,3727.7,3659.85,3697.35,3322.32,294635
2015-04-01,3699.95,3757.55,3600.0,3644.7,3275.01,694487
2015-04-06,3646.0,3670.9,3619.0,3628.95,3260.85,262771
2015-04-07,3640.0,3650.0,3578.0,3599.9,3234.75,306684
2015-04-08,3615.0,3664.9,3606.0,3628.7,3260.63,256031
2015-04-09,3639.0,3667.0,3625.0,3659.2,3288.04,238584
2015-04-10,3660.0,3688.35,3633.4,3666.6,3294.68,201302
2015-04-13,3661.0,3680.0,3642.75,3665.2,3293.43,218690
2015-04-15,3655.0,3729.0,3650.4,3680.25,3306.95,232802
2015-04-16,3676.25,3718.7,3662.25,3677.9,3304.84,206305
2015-04-17,3666.15,3682.9,3636.35,3646.8,3276.89,99056
2015-04-20,3627.0,3648.4,3584.6,3608.05,3242.07,175033
2015-04-21,3605.0,3607.25,3470.0,3490.15,3136.13,482786
2015-04-22,3491.05,3508.1,3386.1,3462.95,3111.69,422446
2015-04-23,3490.0,3535.55,3480.0,3494.45,3140.0,234616
2015-04-24,3486.0,3565.0,3434.1,3541.4,3182.18,332449
2015-04-27,3563.2,3684.0,3520.2,3648.4,3278.33,1804129
2015-04-28,3664.0,3838.8,3660.0,3822.6,3434.86,1129937
2015-04-29,3839.0,3873.0,3746.65,3766.2,3384.18,703698
2015-04-30,3760.0,3793.0,3709.95,3725.85,3347.92,592304
2015-05-04,3797.0,3840.0,3726.75,3757.75,3376.59,478823
2015-05-05,3753.0,3805.0,3736.55,3793.05,3408.31,458196
2015-05-06,3788.0,3788.0,3623.55,3634.55,3265.89,430929
2015-05-07,3626.0,3626.0,3520.0,3543.6,3184.16,469950
2015-05-08,3561.45,3620.0,3561.45,3610.55,3244.32,495595
2015-05-11,3633.9,3674.4,3616.15,3651.7,3281.3,288810
2015-05-12,3650.0,3652.95,3555.0,3577.45,3214.58,332314
2015-05-13,3620.0,3632.0,3544.4,3604.1,3238.52,337505
2015-05-14,3604.95,3653.5,3552.0,3646.5,3276.62,287801
2015-05-15,3640.0,3684.0,3626.0,3671.2,3298.82,208258
2015-05-18,3675.0,3706.4,3652.0,3697.6,3322.54,183483
2015-05-19,3695.0,3729.9,3685.0,3706.75,3330.76,175567
2015-05-20,3707.1,3749.95,3707.0,3711.9,3335.39,218115
2015-05-21,3711.9,3729.9,3691.45,3698.1,3322.99,198709
2015-05-22,3703.0,3728.8,3694.6,3702.55,3326.99,135158
2015-05-25,3696.2,3717.0,3681.0,3692.75,3318.18,81113
2015-05-26,3696.0,3730.0,3672.0,3726.45,3348.46,252919
2015-05-27,3700.0,3750.0,3699.0,3721.9,3344.38,283565
2015-05-28,3726.0,3738.95,3696.05,3708.9,3332.69,317937
2015-05-29,3720.0,3788.95,3693.05,3785.7,3401.7,432656
2015-06-01,3785.9,3898.95,3774.4,3882.85,3489.0,571376
2015-06-02,3880.0,3887.3,3815.05,3831.4,3442.77,329350
2015-06-03,3805.0,3820.0,3752.0,3777.2,3394.07,277700
2015-06-04,3799.0,3813.0,3747.0,3772.05,3389.44,193996
2015-06-05,3769.0,3799.9,3751.0,3759.45,3378.12,253728
2015-06-08,3786.0,3804.55,3716.0,3723.5,3345.81,303682
2015-06-09,3710.0,3726.95,3675.8,3692.3,3317.78,209963
2015-06-10,3702.95,3748.9,3694.15,3742.55,3362.93,239272
2015-06-11,3752.05,3778.95,3691.35,3701.4,3325.95,226654
2015-06-12,3701.1,3755.0,3695.5,3736.8,3357.76,173412
2015-06-15,3737.5,3789.9,3731.0,3767.4,3385.26,175936
2015-06-16,3767.4,3810.55,3744.7,3789.6,3405.21,228783
2015-06-17,3805.0,3824.9,3793.0,3808.75,3422.42,291820
2015-06-18,3813.0,3891.95,3812.0,3861.1,3469.46,232645
2015-06-19,3879.0,3949.5,3862.0,3937.35,3537.97,309290
2015-06-22,3955.05,3994.9,3955.05,3980.65,3576.88,230791
2015-06-23,3982.0,4028.5,3955.3,4017.15,3609.68,330957
2015-06-24,4024.0,4035.65,3987.05,4009.3,3602.62,306048
2015-06-25,3984.0,4043.7,3983.6,4031.5,3622.57,240888
2015-06-26,4026.0,4077.4,4006.15,4069.95,3657.12,291925
2015-06-29,4020.0,4025.75,3961.1,3993.3,3588.25,344044
2015-06-30,3985.25,4060.0,3985.25,4023.35,3615.25,340789
2015-07-01,4034.9,4089.85,4026.0,4031.7,3622.75,380963
2015-07-02,4031.5,4049.0,3981.15,3993.4,3588.34,322025
2015-07-03,3993.4,4020.0,3977.1,3998.9,3593.28,279389
2015-07-06,3984.9,4005.0,3975.05,3987.95,3583.44,332811
2015-07-07,3989.0,4003.8,3955.7,3972.15,3569.24,287981
2015-07-08,3950.0,3969.0,3907.0,3949.0,3548.44,252360
2015-07-09,3950.0,3967.9,3928.5,3935.65,3536.44,128065
2015-07-10,3949.7,3962.0,3918.9,3934.4,3535.32,184572
2015-07-13,3958.7,4040.0,3940.0,4035.25,3625.94,335198
2015-07-14,4049.7,4058.95,4020.15,4050.65,3639.78,251002
2015-07-15,4071.0,4179.95,4071.0,4152.15,3730.98,551469
2015-07-16,4166.0,4190.0,4156.0,4178.15,3754.35,321651
2015-07-17,4186.0,4228.95,4164.1,4193.0,3767.69,241023
2015-07-20,4208.0,4219.0,4161.1,4176.05,3752.46,207897
2015-07-21,4176.95,4194.95,4141.45,4152.85,3731.61,146004
2015-07-22,4139.8,4199.0,4134.0,4191.15,3766.03,305466
2015-07-23,4198.9,4245.5,4193.05,4234.05,3804.58,229845
2015-07-24,4237.95,4261.9,4205.4,4234.2,3804.71,226189
2015-07-27,4241.55,4241.55,4166.6,4178.1,3754.3,220316
2015-07-28,4207.9,4242.0,4151.6,4196.95,3771.24,940179
2015-07-29,4224.9,4309.5,4171.2,4273.7,3840.2,819323
2015-07-30,4310.0,4318.0,4281.05,4296.45,3860.65,294361
2015-07-31,4297.0,4359.0,4284.2,4331.45,3892.1,297226
2015-08-03,4380.0,4439.0,4380.0,4427.05,3978.0,341893
2015-08-04,4449.0,4453.95,4411.45,4438.8,3988.56,313075
2015-08-05,4457.0,4484.0,4422.25,4471.65,4018.08,198485
2015-08-06,4461.0,4478.35,4430.05,4452.1,4000.51,184121
2015-08-07,4450.7,4468.2,4430.1,4452.95,4001.27,144268
2015-08-10,4470.0,4507.95,4446.0,4497.15,4040.99,241899
2015-08-11,4510.0,4534.0,4465.05,4504.3,4047.41,216773
2015-08-12,4504.3,4504.3,4504.3,4504.3,4047.41,0
2015-08-13,4477.0,4522.7,4430.15,4492.85,4037.13,261773
2015-08-14,4509.5,4589.0,4490.5,4572.5,4108.7,181419
2015-08-17,4584.95,4587.0,4535.5,4549.8,4088.3,157066
2015-08-18,4555.0,4648.0,4536.0,4634.0,4163.96,172443
2015-08-19,4627.0,4687.0,4605.7,4671.85,4197.97,255128
2015-08-20,4630.0,4692.4,4601.25,4634.15,4164.09,279387
2015-08-21,4611.0,4613.85,4529.0,4567.35,4104.07,310480
2015-08-24,4350.0,4452.55,4207.55,4241.8,3811.54,930804
2015-08-25,4299.0,4369.0,4062.1,4199.0,3773.08,915511
2015-08-26,4197.0,4256.4,4111.4,4207.05,3802.96,612412
2015-08-27,4255.0,4272.9,4186.0,4203.75,3799.97,795947
2015-08-28,4250.0,4292.0,4175.0,4205.85,3801.87,372560
2015-08-31,4199.0,4233.0,4142.35,4167.2,3766.93,298281
2015-09-01,4170.0,4199.45,4046.2,4061.45,3671.34,605386
2015-09-02,4083.0,4089.95,4010.0,4030.0,3642.91,392078
2015-09-03,4059.0,4162.3,4040.05,4143.25,3745.29,514445
2015-09-04,4137.0,4139.7,4051.2,4063.3,3673.01,316141
2015-09-07,4067.9,4128.5,4045.0,4069.6,3678.71,300049
2015-09-08,4106.0,4155.85,4077.0,4139.3,3741.71,292997
2015-09-09,4210.0,4319.0,4187.65,4305.15,3891.63,589734
2015-09-10,4255.0,4317.95,4225.15,4301.45,3888.29,321362
2015-09-11,4329.0,4360.0,4308.6,4317.75,3903.02,281728
2015-09-14,4330.0,4347.0,4285.0,4319.5,3904.61,207396
2015-09-15,4375.5,4419.1,4320.0,4325.0,3909.58,734807
2015-09-16,4377.0,4377.0,4330.1,4355.6,3937.24,418079
2015-09-18,4379.3,4478.3,4355.6,4400.85,3978.14,621252
2015-09-21,4397.95,4509.0,4387.1,4490.25,4058.96,642858
2015-09-22,4508.0,4519.9,4440.5,4473.05,4043.41,924289
2015-09-23,4459.0,4523.0,4413.25,4497.65,4065.64,880695
2015-09-24,4499.5,4604.0,4484.75,4566.65,4128.02,1098076
2015-09-28,4570.0,4615.0,4516.75,4536.25,4100.54,684352
2015-09-29,4509.95,4740.0,4467.0,4682.3,4232.56,1222175
2015-09-30,4710.0,4763.45,4657.55,4685.6,4235.54,835777
2015-10-01,4720.0,4721.9,4570.0,4580.35,4140.4,1087189
2015-10-05,4570.0,4570.0,4389.0,4414.05,3990.07,1949365
2015-10-06,4449.0,4449.0,4338.05,4354.0,3935.79,1159174
2015-10-07,4352.25,4437.9,4345.05,4364.5,3945.28,801302
2015-10-08,4380.0,4407.0,4332.2,4353.75,3935.57,726218
2015-10-09,4390.0,4397.2,4262.75,4276.35,3865.6,816648
2015-10-12,4310.9,4322.65,4216.5,4231.85,3825.37,837794
2015-10-13,4231.0,4288.0,4229.15,4273.85,3863.34,605082
2015-10-14,4270.9,4295.6,4242.0,4249.75,3841.56,656029
2015-10-15,4269.9,4389.15,4261.0,4377.4,3956.94,982419
2015-10-16,4410.0,4461.0,4381.05,4447.0,4019.86,929525
2015-10-19,4465.0,4478.0,4408.1,4458.95,4030.66,594941
2015-10-20,4467.9,4516.7,4441.65,4508.75,4075.68,675597
2015-10-21,4489.0,4524.7,4450.0,4474.7,4044.9,316565
2015-10-23,4500.8,4508.0,4371.1,4380.9,3960.11,621558
2015-10-26,4400.0,4452.0,4375.8,4385.15,3963.95,535165
2015-10-27,4409.0,4518.0,4376.6,4497.0,4065.06,1290318
2015-10-28,4530.0,4559.0,4472.0,4495.2,4063.43,989227
2015-10-29,4501.5,4512.55,4419.25,4439.55,4013.12,907407
2015-10-30,4446.0,4467.9,4400.1,4449.0,4021.67,738321
2015-11-02,4470.0,4525.05,4425.2,4495.75,4063.93,603730
2015-11-03,4519.9,4521.2,4465.05,4482.55,4052.0,320901
2015-11-04,4487.75,4536.55,4455.1,4520.55,4086.34,660804
2015-11-05,4518.95,4555.0,4496.4,4526.6,4091.81,406256
2015-11-06,4532.95,4535.35,4481.05,4522.8,4088.38,361975
2015-11-09,4440.0,4639.0,4440.0,4628.2,4183.66,729714
2015-11-10,4649.5,4729.95,4629.75,4712.7,4260.04,909977
2015-11-13,4734.45,4737.25,4602.4,4619.8,4176.06,983107
2015-11-16,4600.0,4664.0,4572.9,4646.9,4200.56,644299
2015-11-17,4645.4,4676.15,4618.0,4632.25,4187.32,638262
2015-11-18,4634.5,4652.0,4525.0,4533.25,4097.83,725994
2015-11-19,4580.9,4661.5,4571.05,4650.35,4203.68,1030684
2015-11-20,4666.0,4766.0,4631.0,4737.9,4282.82,917455
2015-11-23,4730.0,4790.0,4702.35,4736.25,4281.33,1034126
2015-11-24,4724.05,4724.05,4621.0,4639.9,4194.23,1287988
2015-11-26,4659.95,4659.95,4577.95,4606.55,4164.08,1436728
2015-11-27,4680.0,4680.0,4556.4,4580.05,4140.13,1231876
2015-11-30,4586.0,4700.0,4492.1,4555.0,4117.49,10567769
2015-12-01,4609.0,4616.0,4531.35,4556.2,4118.57,1506622
2015-12-02,4600.0,4627.35,4556.2,4618.8,4175.16,1123497
2015-12-03,4609.0,4644.7,4600.5,4627.05,4182.61,567288
2015-12-04,4610.0,4634.0,4579.15,4600.35,4158.48,581041
2015-12-07,4622.0,4640.0,4558.0,4564.2,4125.8,493623
2015-12-08,4540.0,4579.8,4520.0,4542.55,4106.23,577670
2015-12-09,4538.8,4542.0,4470.0,4479.1,4048.88,607147
2015-12-10,4495.0,4519.8,4406.05,4498.1,4066.05,506406
2015-12-11,4519.75,4528.0,4412.0,4480.75,4050.37,532721
2015-12-14,4478.9,4590.0,4471.5,4576.8,4137.19,484617
2015-12-15,4605.0,4634.0,4563.1,4620.0,4176.24,581111
2015-12-16,4655.0,4657.15,4604.0,4619.4,4175.7,357572
2015-12-17,4650.0,4679.0,4573.85,4666.75,4218.5,443534
2015-12-18,4684.7,4702.0,4611.5,4620.45,4176.65,682206
2015-12-21,4626.9,4660.0,4616.25,4639.1,4193.51,274072
2015-12-22,4630.0,4644.95,4602.05,4617.2,4173.71,207127
2015-12-23,4635.0,4656.0,4620.0,4634.95,4189.76,227939
2015-12-24,4633.25,4634.35,4586.15,4598.4,4156.72,162732
2015-12-28,4598.4,4645.95,4588.0,4640.0,4194.32,272134
2015-12-29,4641.95,4655.9,4612.8,4636.9,4191.52,253128
2015-12-30,4637.0,4642.9,4575.0,4587.2,4146.59,265170
2015-12-31,4587.0,4637.0,4566.3,4621.95,4178.0,422019
2016-01-01,4621.0,4668.0,4602.35,4638.5,4192.97,243597
2016-01-04,4635.0,4657.0,4571.75,4580.65,4140.67,405501
2016-01-05,4599.95,4600.75,4557.25,4566.95,4128.29,509285
2016-01-06,4592.0,4593.0,4468.0,4480.8,4050.41,593742
2016-01-07,4449.7,4449.7,4251.85,4267.9,3857.96,1200069
2016-01-08,4286.3,4325.0,4195.8,4214.75,3809.92,994652
2016-01-11,4190.0,4300.0,4117.0,4272.4,3862.03,865799
2016-01-12,4310.0,4324.8,4260.0,4269.0,3858.96,481142
2016-01-13,4298.0,4310.0,4221.35,4291.25,3879.07,431206
2016-01-14,4239.0,4289.0,4212.7,4248.25,3840.2,402026
2016-01-15,4265.0,4340.0,4254.0,4273.35,3862.89,592183
2016-01-18,4279.0,4289.25,4172.85,4236.2,3829.31,396124
2016-01-19,4241.0,4244.95,4165.0,4198.15,3794.91,499001
2016-01-20,4169.85,4189.95,4028.5,4058.95,3669.08,679992
2016-01-21,4084.95,4084.95,3870.0,3891.7,3517.9,1212801
2016-01-22,3942.95,4119.9,3930.15,4104.95,3710.66,1063413
2016-01-25,4125.95,4172.0,4073.9,4081.35,3689.33,608634
2016-01-27,4131.0,4179.0,4092.0,4111.95,3716.99,886550
2016-01-28,4080.0,4139.9,4031.0,4103.3,3709.17,1677354
2016-01-29,3925.0,4124.0,3923.0,4095.85,3702.44,2147231
2016-02-01,4100.9,4119.0,3933.65,3948.25,3569.02,1904034
2016-02-02,3952.6,3985.0,3851.55,3874.95,3502.76,902619
2016-02-03,3870.0,3870.0,3784.65,3828.35,3460.63,1101308
2016-02-04,3864.0,3881.9,3774.0,3794.65,3430.17,597800
2016-02-05,3784.7,3790.0,3693.3,3723.4,3365.76,1245857
2016-02-08,3749.0,3789.0,3715.05,3732.55,3374.03,559505
2016-02-09,3685.0,3689.0,3620.0,3657.1,3305.83,657011
2016-02-10,3639.85,3718.0,3600.0,3678.55,3325.22,795377
2016-02-11,3651.1,3664.3,3518.5,3541.45,3201.29,1066224
2016-02-12,3570.0,3588.0,3461.0,3549.65,3208.7,1211696
2016-02-15,3605.95,3724.9,3604.4,3711.25,3354.78,1182286
2016-02-16,3725.25,3748.95,3651.2,3705.2,3349.31,753873
2016-02-17,3679.9,3755.0,3661.5,3749.15,3389.04,652019
2016-02-18,3781.25,3796.85,3622.1,3653.25,3302.35,1243826
2016-02-19,3640.0,3640.0,3559.0,3579.15,3235.37,718677
2016-02-22,3539.0,3545.0,3491.55,3520.8,3182.62,1291463
2016-02-23,3530.0,3568.45,3480.0,3487.4,3152.43,796836
2016-02-24,3499.95,3530.0,3480.0,3489.7,3154.51,605914
2016-02-25,3509.65,3510.0,3401.0,3414.15,3086.22,840542
2016-02-26,3452.0,3459.1,3375.1,3409.2,3081.74,831491
2016-02-29,3425.0,3434.95,3193.25,3236.5,2925.63,2218323
2016-03-01,3200.9,3510.0,3200.9,3494.4,3158.76,1924803
2016-03-02,3542.95,3627.7,3540.05,3612.65,3265.65,1236996
2016-03-03,3625.8,3647.0,3578.0,3608.65,3262.03,742263
2016-03-04,3619.0,3619.0,3526.0,3555.1,3213.63,610234
2016-03-08,3552.95,3598.95,3450.6,3462.65,3130.06,1100041
2016-03-09,3454.85,3600.0,3441.1,3576.4,3232.88,752948
2016-03-10,3600.0,3634.7,3573.4,3627.2,3278.8,1016572
2016-03-11,3633.7,3690.0,3616.05,3641.2,3291.46,1002559
2016-03-14,3660.0,3684.0,3627.05,3648.15,3297.74,483295
2016-03-15,3670.0,3679.9,3615.5,3654.55,3303.53,688839
2016-03-16,3650.0,3675.0,3637.5,3667.35,3315.1,459188
2016-03-17,3686.35,3750.0,3620.0,3635.45,3286.26,710449
2016-03-18,3640.0,3649.7,3557.05,3621.4,3273.56,1073782
2016-03-21,3630.1,3678.8,3605.0,3669.55,3317.08,474712
2016-03-22,3669.0,3735.95,3652.0,3699.55,3344.2,713115
2016-03-23,3711.85,3744.0,3666.45,3736.0,3377.15,586282
2016-03-28,3759.0,3777.8,3629.95,3638.95,3289.42,743468
2016-03-29,3649.0,3769.0,3645.0,3729.95,3371.68,686482
2016-03-30,3745.0,3749.9,3684.0,3727.45,3369.42,872340
2016-03-31,3739.5,3748.75,3664.0,3716.3,3359.34,1223191
2016-04-01,3700.45,3764.95,3682.0,3723.2,3365.58,769731
2016-04-04,3735.0,3751.5,3676.0,3683.25,3329.47,299849
2016-04-05,3676.0,3696.9,3536.5,3554.85,3213.4,826024
2016-04-06,3568.0,3607.3,3546.0,3573.05,3229.85,664480
2016-04-07,3556.5,3556.5,3450.0,3471.0,3137.61,1221608
2016-04-08,3460.0,3474.0,3418.5,3430.65,3101.13,1631533
2016-04-11,3437.0,3488.0,3423.0,3478.65,3144.52,970375
2016-04-12,3470.2,3609.85,3465.05,3573.7,3230.44,1404427
2016-04-13,3613.0,3745.35,3606.6,3731.6,3373.18,1107727
2016-04-18,3720.8,3750.0,3680.0,3718.95,3361.74,999621
2016-04-20,3724.35,3724.35,3651.0,3670.05,3317.54,1830988
2016-04-21,3695.0,3737.25,3674.0,3705.3,3349.4,1928958
2016-04-22,3703.0,3833.0,3680.1,3816.05,3449.51,1165761
2016-04-25,3806.1,3842.0,3715.15,3727.95,3369.88,838216
2016-04-26,3704.05,3894.0,3691.9,3871.55,3499.68,2782566
2016-04-27,3841.1,3932.75,3830.25,3859.4,3488.7,1388262
2016-04-28,3819.0,3854.0,3735.1,3747.95,3387.95,1821236
2016-04-29,3742.0,3820.0,3725.0,3794.65,3430.17,962848
2016-05-02,3799.9,3840.0,3751.6,3830.85,3462.89,762337
2016-05-03,3840.8,3879.0,3795.7,3819.95,3453.04,795697
2016-05-04,3800.0,3844.0,3796.05,3811.55,3445.45,557609
2016-05-05,3825.0,3850.0,3802.0,3836.85,3468.31,485772
2016-05-06,3829.95,3835.0,3802.0,3818.95,3452.13,411877
2016-05-09,3830.0,3878.0,3825.0,3846.5,3477.04,771389
2016-05-10,3850.5,3897.05,3835.1,3844.8,3475.5,1094666
2016-05-11,3800.0,3898.0,3790.0,3890.05,3516.41,679706
2016-05-12,3884.85,3909.8,3841.5,3854.2,3484.0,857976
2016-05-13,3856.0,3877.9,3828.0,3846.25,3476.81,435056
2016-05-16,3870.0,3895.0,3840.0,3881.6,3508.77,878812
2016-05-17,3891.05,3969.0,3886.25,3950.7,3571.23,865028
2016-05-18,3928.8,3939.0,3805.05,3914.9,3538.87,1921044
2016-05-19,3900.0,3940.0,3881.0,3926.6,3549.44,679821
2016-05-20,3883.8,3959.0,3881.1,3944.95,3566.03,485214
2016-05-23,3964.0,3968.3,3900.0,3913.85,3537.92,348354
2016-05-24,3913.8,3937.95,3893.15,3924.2,3547.28,283533
2016-05-25,3948.0,4072.0,3940.0,4060.95,3670.89,842663
2016-05-26,4064.0,4125.0,4027.2,4118.0,3722.46,1074664
2016-05-27,4114.7,4162.0,4091.05,4146.6,3748.31,880888
2016-05-30,4132.0,4155.2,4054.0,4071.75,3680.65,555311
2016-05-31,4060.0,4180.0,4055.05,4161.6,3761.87,775477
2016-06-01,4170.7,4199.95,4150.0,4165.35,3765.26,647041
2016-06-02,4150.0,4194.95,4124.0,4186.65,3784.52,411143
2016-06-03,4192.15,4235.0,4180.0,4217.95,3812.81,591630
2016-06-06,4216.0,4217.0,4118.0,4142.0,3744.16,443085
2016-06-07,4175.0,4188.95,4118.0,4135.65,3738.41,471388
2016-06-08,4131.0,4169.8,4124.7,4160.1,3760.52,417715
2016-06-09,4152.05,4189.75,4140.0,4169.15,3768.7,305434
2016-06-10,4165.1,4197.0,4100.0,4111.5,3716.59,464892
2016-06-13,4074.0,4150.0,4062.0,4134.75,3737.6,385639
2016-06-14,4145.0,4155.9,4096.0,4104.5,3710.26,403193
2016-06-15,4125.0,4215.0,4112.1,4209.6,3805.26,510807
2016-06-16,4160.0,4164.0,4062.0,4084.1,3691.82,1118517
2016-06-17,4115.0,4158.0,4093.45,4114.5,3719.3,951658
2016-06-20,4076.55,4144.8,4065.7,4133.2,3736.2,667114
2016-06-21,4146.0,4168.1,4109.0,4157.4,3758.08,512383
2016-06-22,4145.0,4180.5,4125.05,4151.35,3752.61,417540
2016-06-23,4151.9,4175.0,4120.45,4168.6,3768.2,341093
2016-06-24,4053.0,4092.1,3866.6,4070.05,3679.12,1559787
2016-06-27,4061.0,4061.0,4004.1,4025.1,3638.48,836629
2016-06-28,4041.1,4081.95,4040.0,4078.7,3686.94,626447
2016-06-29,4100.0,4141.0,4089.2,4131.25,3734.44,646945
2016-06-30,4179.9,4200.0,4145.55,4187.2,3785.01,770542
2016-07-01,4188.6,4214.2,4132.0,4165.4,3765.31,804652
2016-07-04,4171.0,4190.5,4155.75,4173.8,3772.9,343648
2016-07-05,4180.0,4202.0,4150.0,4173.35,3772.49,282439
2016-07-07,4181.1,4189.9,4125.0,4141.1,3743.34,325843
2016-07-08,4142.0,4175.65,4126.0,4161.8,3762.05,261295
2016-07-11,4190.0,4285.9,4189.95,4272.05,3861.71,518428
2016-07-12,4300.0,4382.0,4291.0,4370.4,3950.62,688921
2016-07-13,4350.0,4360.0,4301.0,4321.4,3906.32,416940
2016-07-14,4326.0,4439.0,4326.0,4428.3,4002.96,637580
2016-07-15,4450.0,4493.55,4404.5,4472.05,4042.5,654076
2016-07-18,4477.0,4564.4,4432.4,4454.75,4026.87,684924
2016-07-19,4455.2,4499.0,4440.0,4485.7,4054.84,378788
2016-07-20,4471.85,4510.0,4452.05,4469.15,4039.88,357560
2016-07-21,4489.0,4493.05,4405.25,4413.7,3989.76,252227
2016-07-22,4421.0,4449.0,4405.0,4414.7,3990.66,339886
2016-07-25,4427.0,4565.0,4421.0,4550.55,4113.46,499616
2016-07-26,4575.15,4584.0,4451.15,4471.3,4041.82,1828186
2016-07-27,4510.3,4628.0,4510.0,4558.15,4120.33,1212744
2016-07-28,4579.0,4784.0,4570.55,4763.5,4305.96,1879461
2016-07-29,4751.0,4824.0,4720.55,4757.6,4300.63,799265
2016-08-01,4798.95,4885.0,4772.25,4866.25,4398.84,1206974
2016-08-02,4900.0,5039.0,4880.0,4986.05,4507.13,1611134
2016-08-03,5014.9,5020.0,4853.15,4873.85,4405.71,1019631
2016-08-04,4945.0,4945.0,4869.35,4889.65,4419.99,727097
2016-08-05,4919.0,4965.0,4900.0,4941.65,4467.0,598288
2016-08-08,4980.0,5010.0,4960.05,4991.75,4512.29,474502
2016-08-09,5009.9,5021.75,4915.4,4960.85,4484.35,508711
2016-08-10,4975.0,4980.0,4850.0,4861.6,4394.64,512317
2016-08-11,4862.1,4923.5,4805.0,4878.65,4410.05,623156
2016-08-12,4882.0,4940.0,4847.1,4898.6,4428.08,686072
2016-08-16,4948.0,4948.0,4852.0,4864.2,4396.99,793106
2016-08-17,4860.0,4911.3,4849.1,4889.85,4420.17,498247
2016-08-18,4920.85,4950.0,4901.0,4915.85,4443.68,479572
2016-08-19,4916.0,4933.2,4889.05,4900.1,4429.44,426426
2016-08-22,4896.0,4897.0,4828.0,4837.75,4373.08,292890
2016-08-23,4835.05,4855.2,4800.0,4833.8,4369.51,270869
2016-08-24,4890.0,4983.8,4886.45,4948.55,4473.23,952400
2016-08-25,4973.8,4982.8,4906.25,4933.7,4459.81,914319
2016-08-26,4934.8,4964.9,4910.1,4920.9,4448.24,337715
2016-08-29,4925.0,4955.0,4920.9,4927.4,4454.12,299611
2016-08-30,4955.0,5103.9,4951.0,5067.65,4580.9,996156
2016-08-31,5063.9,5103.85,5036.3,5053.65,4600.01,804288
2016-09-01,5074.0,5100.0,5019.3,5060.75,4606.47,870402
2016-09-02,5078.0,5188.65,5075.0,5160.45,4697.22,956049
2016-09-06,5201.0,5335.0,5201.0,5319.7,4842.18,970024
2016-09-07,5319.0,5362.0,5290.1,5336.05,4857.06,734051
2016-09-08,5321.0,5499.0,5319.0,5489.4,4996.65,942300
2016-09-09,5489.7,5489.95,5377.05,5403.0,4918.0,547599
2016-09-12,5305.0,5350.0,5251.0,5329.0,4850.64,795632
2016-09-14,5330.05,5384.75,5330.05,5363.9,4882.41,539702
2016-09-15,5356.0,5461.0,5349.55,5452.4,4962.97,704384
2016-09-16,5473.0,5619.9,5473.0,5573.3,5073.01,1669960
2016-09-19,5569.0,5569.0,5485.0,5491.9,4998.92,632835
2016-09-20,5525.0,5560.0,5498.35,5514.85,5019.81,423083
2016-09-21,5526.0,5542.5,5462.1,5501.25,5007.43,549370
2016-09-22,5565.35,5634.1,5564.95,5597.1,5094.68,526494
2016-09-23,5630.0,5630.0,5565.6,5601.8,5098.96,559592
2016-09-26,5586.0,5625.0,5555.55,5568.9,5069.01,418297
2016-09-27,5598.95,5599.95,5500.0,5511.4,5016.67,427991
2016-09-28,5510.6,5555.0,5506.0,5521.8,5026.14,449876
2016-09-29,5575.0,5577.0,5395.0,5438.6,4950.41,693217
2016-09-30,5420.0,5497.5,5382.6,5477.3,4985.63,646631
2016-10-03,5661.0,5720.0,5631.8,5681.0,5171.05,840940
2016-10-04,5715.15,5717.95,5650.0,5680.0,5170.14,464913
2016-10-05,5707.0,5767.0,5673.0,5689.2,5178.51,644731
2016-10-06,5700.0,5745.6,5700.0,5710.45,5197.85,416860
2016-10-07,5709.45,5717.25,5667.3,5683.8,5173.6,309473
2016-10-10,5724.9,5734.4,5695.95,5712.35,5199.58,205840
2016-10-13,5690.0,5752.8,5652.6,5718.55,5205.23,441169
2016-10-14,5760.2,5766.95,5669.1,5690.45,5179.65,352350
2016-10-17,5699.0,5699.0,5574.6,5599.1,5096.5,400595
2016-10-18,5621.0,5645.35,5580.1,5626.7,5121.62,487798
2016-10-19,5633.7,5647.9,5593.05,5604.6,5101.5,384608
2016-10-20,5615.0,5683.5,5615.0,5644.5,5137.82,311728
2016-10-21,5650.5,5670.0,5616.0,5650.2,5143.01,224567
2016-10-24,5666.0,5748.0,5666.0,5713.9,5200.99,412403
2016-10-25,5734.0,5799.0,5725.65,5781.45,5262.48,339506
2016-10-26,5796.6,5898.0,5785.0,5869.1,5342.26,590811
2016-10-27,5897.0,5948.0,5789.1,5860.15,5334.12,1864862
2016-10-28,5922.0,5928.55,5865.75,5876.15,5348.68,935542
2016-11-01,5919.0,5974.0,5855.2,5878.1,5350.45,1163831
2016-11-02,5805.0,5864.9,5785.0,5794.6,5274.45,522312
2016-11-03,5799.9,5859.9,5780.0,5805.55,5284.42,585730
2016-11-04,5789.0,5789.0,5667.3,5704.85,5192.76,679821
2016-11-07,5763.0,5784.85,5708.0,5715.95,5202.86,532212
2016-11-08,5727.8,5731.0,5581.5,5669.0,5160.12,684050
2016-11-09,5305.0,5553.0,5305.0,5392.95,4908.85,1299603
2016-11-10,5505.5,5517.25,5305.0,5328.5,4850.19,942971
2016-11-11,5290.0,5292.95,5103.0,5134.25,4673.38,1058491
2016-11-15,5101.9,5119.05,4806.4,4846.6,4411.55,2793900
2016-11-16,4924.0,5009.4,4901.55,4990.8,4542.8,1952224
2016-11-17,5030.0,5048.0,4916.3,4925.55,4483.41,668715
2016-11-18,4935.0,4989.9,4887.9,4950.9,4506.48,699355
2016-11-21,4990.0,4990.0,4765.3,4787.45,4357.71,864696
2016-11-22,4830.0,4956.0,4825.55,4934.55,4491.6,845997
2016-11-23,4945.0,4945.0,4860.0,4880.85,4442.72,757744
2016-11-24,4862.0,4883.9,4804.0,4830.15,4396.57,550368
2016-11-25,4849.0,4905.0,4792.45,4873.6,4436.12,669501
2016-11-28,4866.0,4913.0,4833.0,4893.75,4454.46,1387068
2016-11-29,4898.0,5119.0,4896.0,5088.15,4631.41,874897
2016-11-30,5110.55,5282.0,5100.1,5266.0,4793.3,1270618
2016-12-01,5266.0,5307.5,5204.25,5252.1,4780.65,1221883
2016-12-02,5220.0,5236.2,5046.0,5068.1,4613.16,772281
2016-12-05,5063.9,5219.9,5055.0,5202.95,4735.91,578935
2016-12-06,5220.0,5261.0,5118.05,5135.2,4674.24,646660
2016-12-07,5150.95,5209.75,5035.05,5116.65,4657.35,590462
2016-12-08,5172.0,5269.9,5170.0,5234.6,4764.72,845955
2016-12-09,5290.0,5312.5,5201.2,5235.0,4765.08,562518
2016-12-12,5228.0,5228.0,5120.05,5144.4,4682.61,357439
2016-12-13,5178.75,5207.0,5134.05,5163.15,4699.68,484291
2016-12-14,5179.95,5214.75,5130.2,5141.05,4679.56,371699
2016-12-15,5099.95,5197.0,5080.0,5152.05,4689.58,457317
2016-12-16,5174.5,5207.0,5151.2,5188.65,4722.89,1170505
2016-12-19,5175.0,5195.45,5104.05,5115.05,4655.9,369118
2016-12-20,5135.9,5147.5,5072.0,5108.0,4649.48,377676
2016-12-21,5119.4,5160.0,5073.55,5137.85,4676.65,413072
2016-12-22,5144.0,5144.0,5053.0,5084.4,4628.0,399573
2016-12-23,5050.0,5214.0,5041.0,5197.15,4730.63,589006
2016-12-26,5179.0,5257.8,5151.1,5167.35,4703.5,510998
2016-12-27,5185.0,5237.4,5117.2,5224.0,4755.07,486703
2016-12-28,5250.0,5278.0,5219.45,5231.25,4761.67,595514
2016-12-29,5217.2,5349.0,5217.2,5314.8,4837.72,655325
2016-12-30,5347.0,5377.9,5303.0,5319.55,4842.04,559886
2017-01-02,5320.05,5474.2,5267.8,5466.0,4975.35,651321
2017-01-03,5466.0,5524.2,5432.6,5508.4,5013.94,631753
2017-01-04,5530.0,5554.7,5494.0,5502.15,5008.25,679443
2017-01-05,5525.1,5649.9,5525.1,5634.95,5129.13,744210
2017-01-06,5650.0,5657.3,5597.0,5615.55,5111.47,544695
2017-01-09,5644.8,5680.0,5610.6,5658.5,5150.57,345094
2017-01-10,5680.0,5693.7,5641.0,5674.85,5165.45,410444
2017-01-11,5691.0,5772.9,5691.0,5762.35,5245.1,539326
2017-01-12,5770.0,5795.0,5742.0,5777.35,5258.75,421634
2017-01-13,5792.0,5794.0,5683.65,5699.5,5187.89,1086873
2017-01-16,5697.95,5725.2,5661.0,5676.9,5167.31,290142
2017-01-17,5690.0,5718.9,5657.05,5669.4,5160.49,343048
2017-01-18,5685.0,5719.0,5665.0,5684.45,5174.19,308483
2017-01-19,5675.0,5728.0,5675.0,5718.35,5205.04,239027
2017-01-20,5717.0,5749.0,5642.0,5668.95,5160.08,444280
2017-01-23,5668.95,5712.75,5643.8,5700.0,5188.34,297515
2017-01-24,5704.0,5745.75,5688.95,5737.2,5222.2,301613
2017-01-25,5763.9,5834.0,5708.05,5802.55,5281.69,1148793
2017-01-27,5842.0,5927.7,5825.05,5915.9,5384.86,576906
2017-01-30,5916.0,5939.0,5885.0,5894.95,5365.79,323448
2017-01-31,5889.0,5934.9,5875.5,5894.25,5365.15,374637
2017-02-01,5900.0,6203.5,5886.0,6179.2,5624.53,1212008
2017-02-02,6170.0,6218.35,6130.0,6144.35,5592.8,745214
2017-02-03,6147.9,6156.65,6096.55,6115.45,5566.5,304078
2017-02-06,6157.0,6187.0,6125.0,6149.7,5597.67,322223
2017-02-07,6166.0,6231.5,6144.0,6213.2,5655.47,456427
2017-02-08,6219.7,6233.9,6165.15,6194.65,5638.59,410369
2017-02-09,6195.5,6204.0,6111.6,6157.1,5604.41,511610
2017-02-10,6170.0,6173.75,6096.4,6112.25,5563.58,284471
2017-02-13,6092.0,6139.9,6002.0,6022.0,5481.44,404675
2017-02-14,6045.0,6045.0,5928.1,5939.85,5406.66,439745
2017-02-15,5950.0,5961.8,5842.2,5862.7,5336.44,609791
2017-02-16,5860.0,6037.95,5860.0,6024.55,5483.76,576390
2017-02-17,6038.0,6055.85,5955.05,5989.75,5452.08,326378
2017-02-20,5989.75,6120.75,5912.3,6093.15,5546.2,504439
2017-02-21,6071.1,6090.65,6043.0,6063.15,5518.89,287864
2017-02-22,6073.0,6116.15,6040.0,6079.65,5533.91,431264
2017-02-23,6090.0,6092.1,6015.05,6031.0,5489.63,461009
2017-02-27,6005.0,6050.95,5940.0,5951.5,5417.27,394395
2017-02-28,5946.3,6000.0,5914.8,5922.5,5390.87,558820
2017-03-01,5960.0,5998.8,5885.15,5919.6,5388.23,559896
2017-03-02,5951.0,5998.8,5900.25,5918.75,5387.46,473769
2017-03-03,5924.0,5928.95,5875.0,5887.75,5359.24,362057
2017-03-06,5925.5,5974.8,5912.0,5934.85,5402.11,361209
2017-03-07,5931.0,5954.0,5881.0,5888.5,5359.92,373103
2017-03-08,5895.0,5904.9,5800.0,5864.15,5337.76,639968
2017-03-09,5884.0,5975.0,5864.15,5964.4,5429.01,598391
2017-03-10,5997.0,6008.4,5936.05,5955.6,5421.0,443986
2017-03-14,6060.0,6144.4,6010.0,6132.4,5581.93,875005
2017-03-15,6115.0,6168.8,6092.5,6137.35,5586.43,384040
2017-03-16,6159.6,6186.3,6131.7,6155.45,5602.91,252721
2017-03-17,6165.0,6226.8,6150.0,6192.6,5636.72,1048024
2017-03-20,6220.0,6220.0,6151.1,6158.9,5606.05,207710
2017-03-21,6164.75,6200.55,6051.85,6076.3,5530.86,532134
2017-03-22,6046.4,6053.4,5977.4,6005.8,5466.69,462793
2017-03-23,6015.9,6069.0,6015.9,6034.8,5493.09,447530
2017-03-24,6047.0,6047.0,5992.1,6004.65,5465.64,573292
2017-03-27,5977.0,6020.0,5965.65,5985.8,5448.49,340512
2017-03-28,5971.2,6049.0,5962.55,5974.25,5437.97,505962
2017-03-29,6008.9,6008.9,5929.35,5944.15,5410.57,494597
2017-03-30,5965.0,6000.9,5935.05,5956.6,5421.91,898999
2017-03-31,5952.0,6041.0,5940.1,6015.7,5475.7,501939
2017-04-03,6095.0,6095.0,6030.0,6072.0,5526.95,378716
2017-04-05,6110.0,6359.0,6071.05,6342.4,5773.08,1076674
2017-04-06,6335.0,6336.0,6260.0,6291.65,5726.88,505863
2017-04-07,6250.0,6336.0,6236.05,6259.35,5697.48,467235
2017-04-10,6282.0,6307.8,6245.05,6268.85,5706.13,318486
2017-04-11,6274.8,6305.0,6230.0,6247.8,5686.97,373105
2017-04-12,6263.9,6263.9,6126.7,6154.5,5602.04,415372
2017-04-13,6155.0,6175.0,6066.9,6077.95,5532.37,386820
2017-04-17,6070.6,6137.5,6021.0,6115.55,5566.59,342286
2017-04-18,6120.0,6234.35,6120.0,6137.15,5586.25,453391
2017-04-19,6131.9,6222.35,6113.8,6196.95,5640.68,366504
2017-04-20,6200.0,6303.15,6188.0,6273.5,5710.36,466934
2017-04-21,6283.9,6295.05,6177.0,6185.8,5630.53,294827
2017-04-24,6223.2,6335.0,6200.0,6318.35,5751.19,426893
2017-04-25,6327.7,6350.0,6282.5,6337.2,5768.34,384281
2017-04-26,6335.0,6424.75,6311.0,6406.3,5831.24,540500
2017-04-27,6439.0,6450.0,6320.35,6374.05,5801.88,1087684
2017-04-28,6410.0,6589.8,6390.55,6524.85,5939.15,949573
2017-05-02,6676.0,6730.0,6618.0,6705.5,6103.58,888539
2017-05-03,6714.8,6714.95,6631.1,6644.0,6047.6,370021
2017-05-04,6662.0,6686.95,6626.0,6639.8,6043.78,372533
2017-05-05,6625.55,6676.4,6602.0,6654.15,6056.84,337498
2017-05-08,6688.0,6703.65,6612.55,6630.55,6035.36,208481
2017-05-09,6666.0,6666.0,6615.0,6629.3,6034.22,215203
2017-05-10,6645.0,6754.0,6635.9,6737.75,6132.94,295859
2017-05-11,6749.0,6789.4,6711.1,6762.5,6155.47,259056
2017-05-12,6798.0,6798.0,6691.0,6730.2,6126.07,256491
2017-05-15,6759.4,6839.1,6733.45,6823.9,6211.35,336356
2017-05-16,6850.0,6977.55,6830.0,6953.95,6329.73,707624
2017-05-17,6950.0,6979.0,6885.85,6958.2,6333.6,445461
2017-05-18,6918.3,6948.0,6814.45,6831.05,6217.86,406814
2017-05-19,6854.8,6893.9,6691.55,6790.55,6181.0,552223
2017-05-22,6803.95,6843.95,6689.25,6701.7,6100.12,327493
2017-05-23,6765.0,6910.0,6743.65,6878.85,6261.37,956457
2017-05-24,6903.0,6912.55,6813.0,6869.65,6253.0,433647
2017-05-25,6879.95,7018.0,6835.0,6985.7,6358.63,435721
2017-05-26,6971.15,7085.05,6936.2,7064.8,6430.63,373937
2017-05-29,7050.0,7197.8,7025.55,7134.45,6494.03,427378
2017-05-30,7134.45,7206.6,7084.15,7147.5,6505.91,403698
2017-05-31,7138.0,7248.0,7134.95,7211.0,6563.71,650259
2017-06-01,7242.0,7245.0,7110.1,7146.6,6505.09,649217
2017-06-02,7182.0,7187.7,7100.0,7114.7,6476.05,310268
2017-06-05,7139.8,7161.9,7091.1,7125.7,6486.06,296147
2017-06-06,7134.0,7154.3,7085.05,7112.1,6473.68,324579
2017-06-07,7135.0,7225.0,7107.6,7205.7,6558.88,518152
2017-06-08,7199.0,7274.95,7198.0,7249.5,6598.75,426525
2017-06-09,7271.0,7480.9,7230.0,7464.85,6794.77,1122640
2017-06-12,7445.0,7450.0,7355.5,7373.65,6711.76,454342
2017-06-13,7394.6,7455.0,7335.0,7348.95,6689.27,607567
2017-06-14,7343.0,7392.45,7331.85,7351.05,6691.18,277472
2017-06-15,7348.35,7393.0,7272.15,7312.3,6655.91,388150
2017-06-16,7332.0,7360.05,7250.0,7263.9,6611.86,547028
2017-06-19,7314.0,7322.15,7235.0,7249.25,6598.52,372747
2017-06-20,7265.0,7283.65,7190.3,7207.25,6560.29,757716
2017-06-21,7220.0,7284.5,7153.3,7268.2,6615.77,460423
2017-06-22,7291.0,7352.0,7288.0,7316.1,6659.37,436033
2017-06-23,7321.25,7331.65,7205.0,7219.15,6571.13,355854
2017-06-27,7239.5,7267.2,7155.1,7183.35,6538.54,365667
2017-06-28,7213.95,7324.0,7205.0,7225.05,6576.5,637214
2017-06-29,7254.9,7290.0,7205.0,7224.35,6575.86,543979
2017-06-30,7214.8,7233.6,7157.15,7217.6,6569.71,367886
2017-07-03,7238.9,7365.0,7211.2,7354.0,6693.87,556846
2017-07-04,7386.0,7415.05,7340.0,7376.15,6714.03,428293
2017-07-05,7374.75,7394.0,7332.0,7377.65,6715.4,273869
2017-07-06,7377.65,7498.0,7376.2,7474.05,6803.14,416512
2017-07-07,7470.0,7474.05,7420.0,7432.8,6765.6,339803
2017-07-10,7458.8,7500.0,6700.0,7430.45,6763.46,47033
2017-07-11,7473.9,7495.0,7400.0,7457.0,6787.62,423681
2017-07-12,7485.0,7485.0,7435.1,7476.65,6805.51,233096
2017-07-13,7490.0,7574.5,7465.15,7567.55,6888.25,472029
2017-07-14,7574.95,7588.95,7520.0,7557.25,6878.88,267450
2017-07-17,7571.95,7578.0,7504.3,7522.3,6847.06,289180
2017-07-18,7525.0,7591.5,7515.0,7549.35,6871.69,387214
2017-07-19,7564.25,7584.0,7535.0,7561.5,6882.74,223986
2017-07-20,7580.0,7584.5,7480.05,7490.95,6818.53,290547
2017-07-21,7500.0,7549.9,7445.0,7543.0,6865.9,434483
2017-07-24,7554.0,7569.0,7495.0,7554.55,6876.42,357195
2017-07-25,7573.0,7573.0,7493.55,7504.85,6831.18,323585
2017-07-26,7539.0,7595.0,7504.0,7565.25,6886.16,377790
2017-07-27,7615.0,7683.4,7536.0,7599.6,6917.42,1148259
2017-07-28,7617.0,7673.6,7584.0,7630.45,6945.5,459181
2017-07-31,7664.0,7765.0,7651.0,7750.05,7054.37,505371
2017-08-01,7759.9,7920.0,7725.0,7856.1,7150.9,1096934
2017-08-02,7878.9,7880.0,7775.0,7795.5,7095.74,414448
2017-08-03,7794.0,7829.0,7711.0,7737.4,7042.85,287116
2017-08-04,7750.0,7804.9,7740.0,7770.3,7072.8,325021
2017-08-07,7779.5,7892.35,7771.0,7838.65,7135.02,327318
2017-08-08,7849.0,7885.0,7736.9,7755.9,7059.69,319951
2017-08-09,7759.0,7795.0,7639.1,7661.6,6973.86,285089
2017-08-10,7637.35,7640.0,7538.9,7578.75,6898.45,385730
2017-08-11,7501.9,7533.8,7380.0,7457.4,6787.99,676390
2017-08-14,7516.0,7647.0,7515.0,7608.45,6925.48,328598
2017-08-16,7649.1,7720.1,7585.05,7701.15,7009.86,488766
2017-08-17,7701.0,7708.85,7565.0,7582.45,6901.81,321296
2017-08-18,7551.0,7624.0,7531.35,7598.8,6916.7,332924
2017-08-21,7629.0,7658.05,7490.0,7501.9,6828.49,277519
2017-08-22,7540.0,7567.5,7475.1,7496.1,6823.21,278131
2017-08-23,7548.0,7590.0,7501.0,7573.05,6893.26,258051
2017-08-24,7536.0,7635.0,7483.6,7612.85,6998.8,436912
2017-08-28,7649.0,7649.0,7568.05,7579.0,6967.68,391028
2017-08-29,7565.0,7575.55,7495.05,7521.5,6914.82,368309
2017-08-30,7603.0,7639.35,7532.5,7557.45,6947.87,471048
2017-08-31,7564.9,7720.4,7532.0,7700.3,7079.19,586954
2017-09-01,7747.5,7834.9,7730.0,7812.3,7182.16,627407
2017-09-04,7840.0,7876.0,7756.75,7821.5,7190.62,362724
2017-09-05,7843.0,7855.95,7801.0,7817.2,7186.66,182518
2017-09-06,7800.0,7904.0,7770.0,7846.65,7213.74,340420
2017-09-07,7888.0,7949.0,7858.5,7919.2,7280.44,389478
2017-09-08,7940.45,7979.75,7892.0,7970.75,7327.83,341309
2017-09-11,8000.0,8168.0,8000.0,8142.4,7485.63,547463
2017-09-12,8192.0,8192.0,8116.0,8154.5,7496.76,387447
2017-09-13,8161.9,8200.0,8100.15,8122.6,7467.43,371832
2017-09-14,8139.95,8164.95,8042.05,8070.25,7419.3,293890
2017-09-15,8076.95,8119.1,8043.5,8099.75,7446.42,400099
2017-09-18,8130.7,8185.0,8130.7,8157.85,7499.84,219992
2017-09-19,8178.0,8184.95,8124.45,8131.7,7475.8,245577
2017-09-20,8164.4,8164.4,8109.1,8120.15,7465.18,185837
2017-09-21,8101.0,8170.9,8075.1,8144.95,7487.98,258168
2017-09-22,8145.0,8175.5,8050.0,8068.2,7417.42,366359
2017-09-25,8074.0,8089.0,7855.05,7964.95,7322.5,626129
2017-09-26,7980.0,7980.05,7869.1,7889.9,7253.5,440508
2017-09-27,7949.0,7978.0,7715.0,7739.95,7115.65,564788
2017-09-28,7735.1,7920.0,7651.0,7897.35,7260.35,768225
2017-09-29,7960.0,8007.8,7925.0,7978.2,7334.68,486217
2017-10-03,8055.35,8069.05,7855.0,7888.3,7252.03,516298
2017-10-04,7894.0,7933.9,7830.6,7847.2,7214.24,301347
2017-10-05,7836.0,7901.0,7807.2,7831.05,7199.4,272177
2017-10-06,7864.95,7919.0,7845.05,7903.2,7265.73,440453
2017-10-09,7909.0,7957.0,7866.7,7896.7,7259.75,261839
2017-10-10,7890.5,7934.9,7885.3,7893.7,7256.99,224485
2017-10-11,7892.0,7898.85,7801.0,7825.15,7193.97,644166
2017-10-12,7845.0,7918.0,7830.0,7904.25,7266.69,396436
2017-10-13,7900.0,7940.0,7860.05,7874.15,7239.02,328108
2017-10-16,7900.0,7935.0,7814.0,7842.0,7209.46,502632
2017-10-17,7851.0,7902.3,7830.9,7838.9,7206.61,304861
2017-10-18,7859.0,7873.05,7748.2,7784.05,7156.19,489207
2017-10-19,7803.0,7803.0,7690.0,7731.1,7107.51,115449
2017-10-23,7748.8,7860.0,7714.0,7818.5,7187.86,471496
2017-10-24,7865.3,7932.2,7841.6,7875.0,7239.8,354257
2017-10-25,7930.0,7945.0,7810.3,7870.2,7235.39,254379
2017-10-26,7900.0,8086.0,7866.2,8068.05,7417.28,684763
2017-10-27,8123.95,8240.0,8062.6,8114.45,7459.94,1201080
2017-10-30,8200.0,8279.0,8163.3,8195.25,7534.22,726605
2017-10-31,8195.0,8226.5,8167.2,8211.25,7548.93,318652
2017-11-01,8251.0,8256.45,8160.0,8238.4,7573.89,631375
2017-11-02,8250.0,8273.95,8201.0,8225.8,7562.31,247753
2017-11-03,8235.0,8242.9,8175.0,8219.4,7556.42,288916
2017-11-06,8209.5,8370.55,8199.35,8310.2,7639.9,392588
2017-11-07,8348.0,8348.0,8210.0,8220.3,7557.25,348296
2017-11-08,8218.0,8285.05,8204.9,8232.0,7568.01,199176
2017-11-09,8273.7,8273.7,8148.7,8204.8,7543.0,442672
2017-11-10,8198.8,8234.9,8111.05,8183.5,7523.42,351694
2017-11-13,8185.0,8219.05,8080.0,8109.2,7455.11,181361
2017-11-14,8129.0,8186.0,8109.0,8122.95,7467.75,237427
2017-11-15,8100.0,8180.0,8087.0,8127.25,7471.71,275441
2017-11-16,8130.0,8234.85,8129.25,8163.7,7505.22,321844
2017-11-17,8218.0,8362.45,8218.0,8348.35,7674.97,419255
2017-11-20,8377.0,8449.0,8350.0,8425.65,7746.04,372037
2017-11-21,8446.0,8449.45,8401.0,8424.8,7745.26,255180
2017-11-22,8448.0,8525.0,8444.0,8513.15,7826.48,383442
2017-11-23,8512.0,8519.0,8443.5,8463.4,7780.74,289808
2017-11-24,8463.4,8540.0,8463.4,8487.95,7803.31,343432
2017-11-27,8486.0,8524.2,8445.0,8508.6,7822.3,172254
2017-11-28,8490.6,8658.0,8476.05,8624.15,7928.53,456041
2017-11-29,8649.0,8696.0,8576.0,8671.35,7971.92,382984
2017-11-30,8650.0,8676.0,8575.0,8599.1,7905.5,582023
2017-12-01,8660.0,8695.0,8593.0,8609.0,7914.6,436589
2017-12-04,8659.75,8659.95,8480.55,8500.8,7815.12,242191
2017-12-05,8519.95,8554.95,8476.5,8500.4,7814.76,213998
2017-12-06,8494.0,8638.75,8450.05,8612.4,7917.72,420876
2017-12-07,8615.9,8988.25,8614.55,8882.4,8165.95,834850
2017-12-08,8929.8,9119.0,8899.0,9042.25,8312.9,1006694
2017-12-11,9108.0,9167.0,9089.75,9133.8,8397.07,564023
2017-12-12,9150.0,9218.5,9100.0,9131.35,8394.81,491488
2017-12-13,9091.0,9176.0,9075.0,9120.65,8384.98,446829
2017-12-14,9127.0,9146.8,9046.0,9112.75,8377.72,655484
2017-12-15,9170.0,9236.3,9147.3,9165.9,8426.58,620495
2017-12-18,9110.0,9344.0,8990.15,9309.1,8558.23,658668
2017-12-19,9345.0,9858.0,9326.0,9801.5,9010.91,1275759
2017-12-20,9966.0,9996.4,9700.25,9733.9,8948.76,1216280
2017-12-21,9788.0,9817.4,9610.05,9631.05,8854.21,849633
2017-12-22,9665.0,9824.8,9605.0,9700.0,8917.6,814330
2017-12-26,9741.0,9765.0,9616.2,9679.0,8898.29,542587
2017-12-27,9694.0,9750.7,9629.1,9644.1,8866.21,402886
2017-12-28,9693.5,9693.5,9615.8,9629.2,8852.51,659995
2017-12-29,9659.0,9769.0,9650.0,9729.55,8944.76,471554
2018-01-01,9749.0,9789.0,9629.8,9651.9,8873.38,426354
2018-01-02,9699.0,9718.6,9525.0,9554.05,8783.42,451227
2018-01-03,9597.0,9598.0,9402.0,9416.6,8657.06,658281
2018-01-04,9450.0,9488.0,9367.2,9386.25,8629.15,562919
2018-01-05,9458.0,9532.0,9412.55,9433.85,8672.92,732512
2018-01-08,9488.0,9495.0,9425.0,9448.95,8686.8,294549
2018-01-09,9464.8,9491.45,9361.0,9383.55,8626.67,427590
2018-01-10,9387.8,9454.85,9315.9,9375.85,8619.59,394826
2018-01-11,9410.0,9430.0,9326.0,9339.8,8586.45,368996
2018-01-12,9387.0,9494.75,9355.1,9459.15,8696.18,685141
2018-01-15,9499.95,9508.55,9340.0,9358.45,8603.6,385462
2018-01-16,9371.0,9408.65,9300.0,9322.05,8570.13,364816
2018-01-17,9316.0,9368.8,9256.0,9313.9,8562.64,390461
2018-01-18,9350.0,9518.9,9332.0,9368.7,8613.02,686971
2018-01-19,9325.0,9396.0,9282.0,9323.95,8571.88,542339
2018-01-22,9349.0,9356.75,9271.6,9310.1,8559.15,454188
2018-01-23,9347.0,9429.3,9290.0,9393.4,8635.73,561948
2018-01-24,9419.0,9519.95,9340.45,9434.95,8673.93,568489
2018-01-25,9485.0,9485.0,9250.0,9278.2,8529.82,705224
2018-01-29,9481.0,9714.0,9461.0,9630.7,8853.89,1546624
2018-01-30,9620.0,9675.5,9550.0,9571.55,8799.51,573988
2018-01-31,9558.05,9585.0,9458.9,9509.7,8742.65,462650
2018-02-01,9545.0,9563.7,9312.0,9401.85,8643.5,550971
2018-02-02,9359.0,9359.0,8940.0,8990.6,8265.42,984189
2018-02-05,8850.15,9120.0,8688.0,9080.6,8348.16,651062
2018-02-06,8700.0,9113.5,8661.6,8984.6,8259.9,840339
2018-02-07,9170.0,9170.0,8873.0,8921.8,8202.17,509440
2018-02-08,8988.9,9060.0,8915.0,9030.7,8302.28,465683
2018-02-09,8906.0,8986.55,8870.0,8936.1,8215.31,364892
2018-02-12,8960.0,9150.0,8960.0,9117.85,8382.4,408523
2018-02-14,9149.9,9157.5,8986.0,9001.6,8275.53,357737
2018-02-15,9049.0,9090.0,9001.0,9020.25,8292.67,250781
2018-02-16,9039.9,9070.0,8806.85,8836.95,8124.16,632659
2018-02-19,8856.0,8865.85,8691.65,8724.85,8021.1,436138
2018-02-20,8745.0,8768.95,8650.0,8722.65,8019.08,517802
2018-02-21,8771.0,8795.0,8708.2,8782.75,8074.33,471756
2018-02-22,8769.0,8769.0,8601.5,8634.05,7937.63,638857
2018-02-23,8665.0,8738.95,8655.05,8698.8,7997.16,567960
2018-02-26,8758.0,9055.0,8750.05,9005.35,8278.98,869374
2018-02-27,9093.0,9114.95,8872.6,8891.2,8174.04,684609
2018-02-28,8870.0,8934.0,8772.0,8850.95,8137.03,680125
2018-03-01,8874.0,8936.05,8811.35,8873.45,8157.72,609369
2018-03-05,8867.0,8867.0,8775.0,8795.1,8085.69,388180
2018-03-06,8855.55,8885.0,8600.0,8616.5,7921.49,543686
2018-03-07,8621.8,8713.85,8552.0,8679.1,7979.04,598715
2018-03-08,8700.2,8775.0,8651.0,8729.35,8025.24,533856
2018-03-09,8760.0,8774.0,8650.0,8660.6,7962.03,323450
2018-03-12,8719.0,8826.8,8681.1,8810.3,8099.66,438339
2018-03-13,8810.0,8848.0,8691.0,8756.05,8049.79,521943
2018-03-14,8735.0,8874.0,8725.05,8846.3,8132.76,411769
2018-03-15,8839.9,8875.0,8800.95,8837.55,8124.71,313431
2018-03-16,8869.0,8869.0,8649.4,8676.55,7976.7,622932
2018-03-19,8711.5,8800.0,8703.55,8773.5,8065.83,571830
2018-03-20,8764.45,8845.5,8735.0,8802.4,8092.4,408924
2018-03-21,8839.9,8945.0,8825.05,8874.65,8158.82,516020
2018-03-22,8870.0,8910.5,8684.4,8696.55,7995.09,471749
2018-03-23,8612.55,8640.5,8542.1,8607.25,7912.99,644482
2018-03-26,8607.0,8798.0,8605.0,8765.3,8058.29,447858
2018-03-27,8815.0,8887.0,8767.15,8852.3,8138.27,423455
2018-03-28,8812.0,9084.0,8801.0,8861.1,8146.36,1194227
2018-04-02,8990.0,9088.0,8953.25,9008.2,8281.6,552649
2018-04-03,9008.95,9060.0,8955.0,9026.45,8298.38,339709
2018-04-04,9078.0,9149.4,8980.6,9013.5,8286.47,488280
2018-04-05,9050.0,9157.65,9050.0,9132.6,8395.96,236956
2018-04-06,9165.0,9230.0,9042.55,9206.2,8463.63,429514
2018-04-09,9220.0,9308.15,9184.7,9292.65,8543.11,426170
2018-04-10,9290.0,9315.45,9239.0,9273.45,8525.45,299119
2018-04-11,9290.0,9350.0,9208.55,9302.5,8552.16,318010
2018-04-12,9290.0,9290.0,9181.1,9204.45,8462.02,300797
2018-04-13,9267.0,9267.0,9106.25,9123.95,8388.01,366224
2018-04-16,9100.0,9245.0,9065.0,9232.0,8487.35,271057
2018-04-17,9241.0,9242.0,9137.55,9160.35,8421.48,342578
2018-04-18,9178.0,9227.45,9095.9,9121.5,8385.76,452854
2018-04-19,9144.0,9183.75,9068.0,9077.65,8345.45,256088
2018-04-20,9082.0,9108.15,9012.95,9025.0,8297.04,303913
2018-04-23,9039.9,9125.0,9005.95,9064.85,8333.68,302205
2018-04-24,9095.0,9142.55,9031.0,9064.65,8333.5,312103
2018-04-25,9059.0,9068.8,8908.0,8934.6,8213.93,488641
2018-04-26,8949.0,8981.0,8890.0,8946.45,8224.83,614321
2018-04-27,9015.0,9137.0,8715.1,8783.35,8074.88,1873816
2018-04-30,8790.0,8904.2,8760.3,8814.95,8103.94,497504
2018-05-02,8915.0,8998.0,8725.0,8744.5,8039.17,806846
2018-05-03,8765.0,8799.0,8700.0,8755.95,8049.69,406825
2018-05-04,8784.0,8790.0,8665.0,8678.2,7978.22,490244
2018-05-07,8693.0,8770.0,8660.0,8743.7,8038.43,342702
2018-05-08,8785.0,8806.2,8690.0,8775.2,8067.39,404969
2018-05-09,8795.0,8795.0,8705.0,8718.35,8015.13,314057
2018-05-10,8758.0,8758.0,8690.0,8704.95,8002.81,298598
2018-05-11,8738.0,8765.0,8702.05,8750.3,8044.5,264405
2018-05-14,8751.0,8760.0,8688.1,8707.0,8004.69,276620
2018-05-15,8725.0,8750.35,8639.0,8726.6,8022.71,506107
2018-05-16,8675.0,8733.45,8675.0,8695.6,7994.21,288597
2018-05-17,8725.0,8766.45,8661.2,8697.5,7995.96,379606
2018-05-18,8700.8,8725.0,8496.0,8510.95,7824.46,603507
2018-05-21,8518.0,8524.8,8255.5,8428.5,7748.66,872463
2018-05-22,8416.0,8586.4,8371.25,8560.65,7870.15,410467
2018-05-23,8560.0,8564.8,8458.2,8497.4,7812.0,399631
2018-05-24,8500.1,8518.3,8400.0,8410.75,7732.34,292331
2018-05-25,8412.0,8574.0,8395.15,8548.15,7858.66,519151
2018-05-28,8560.0,8785.0,8555.1,8709.3,8006.81,446264
2018-05-29,8718.0,8840.0,8680.0,8714.9,8011.96,665121
2018-05-30,8669.0,8669.0,8572.85,8588.2,7895.47,508262
2018-05-31,8639.0,8639.1,8515.9,8537.2,7848.59,679959
2018-06-01,8610.0,8848.4,8590.05,8808.85,8098.33,1002010
2018-06-04,8840.0,8840.0,8726.05,8749.85,8044.09,380690
2018-06-05,8750.0,8830.0,8680.0,8810.4,8099.75,400886
2018-06-06,8829.0,8870.0,8810.0,8842.35,8129.13,328784
2018-06-07,8874.0,8934.8,8865.0,8911.25,8192.47,267961
2018-06-08,8894.0,8950.0,8871.0,8932.45,8211.96,287823
2018-06-11,8960.0,9046.0,8921.5,9022.65,8294.88,337828
2018-06-12,9039.0,9065.0,8955.0,9016.75,8289.46,343452
2018-06-13,9030.0,9094.95,8943.0,8967.35,8244.04,369407
2018-06-14,8932.05,9019.95,8908.0,8958.0,8235.45,269078
2018-06-15,8995.0,8995.0,8901.0,8951.6,8229.56,496572
2018-06-18,8947.5,9050.4,8937.95,8973.45,8249.65,305144
2018-06-19,8970.0,8984.8,8820.05,8862.6,8147.74,350407
2018-06-20,8873.0,8970.0,8863.0,8948.3,8226.53,325981
2018-06-21,8978.0,8986.0,8852.95,8863.05,8148.16,313349
2018-06-22,8865.0,8887.0,8810.0,8874.9,8159.05,319027
2018-06-25,8869.0,8869.0,8780.0,8793.0,8083.76,254954
2018-06-26,8793.0,8985.35,8750.0,8931.35,8210.95,387769
2018-06-27,8935.95,9012.0,8873.0,8898.3,8180.56,501622
2018-06-28,8892.0,8894.05,8735.05,8771.3,8063.81,376404
2018-06-29,8750.3,8900.0,8750.3,8825.6,8113.73,458807
2018-07-02,8878.0,8935.0,8800.05,8821.05,8109.54,298529
2018-07-03,8825.0,8995.0,8750.0,8975.15,8251.21,375718
2018-07-04,9014.0,9249.25,8952.5,9220.8,8477.05,656141
2018-07-05,9228.0,9395.0,9225.75,9347.05,8593.12,887919
2018-07-06,9315.0,9413.95,9260.0,9317.5,8565.95,508241
2018-07-09,9395.0,9419.85,9350.0,9374.9,8618.72,331872
2018-07-10,9380.0,9545.9,9380.0,9531.0,8762.23,485745
2018-07-11,9529.0,9529.35,9361.0,9384.7,8627.73,328446
2018-07-12,9448.0,9508.0,9325.25,9347.0,8593.07,336960
2018-07-13,9408.0,9495.0,9362.25,9431.05,8670.34,511150
2018-07-16,9429.0,9498.9,9355.0,9385.3,8628.28,216426
2018-07-17,9351.15,9479.7,9347.0,9445.4,8683.53,457123
2018-07-18,9482.3,9534.0,9296.9,9366.8,8611.27,430624
2018-07-19,9408.0,9434.0,9350.0,9389.1,8631.77,199983
2018-07-20,9392.0,9464.0,9335.0,9398.95,8640.83,272916
2018-07-23,9448.0,9750.0,9372.0,9701.0,8918.52,607813
2018-07-24,9778.0,9929.0,9725.0,9832.45,9039.37,749626
2018-07-25,9853.0,9875.85,9701.0,9758.95,8971.79,384750
2018-07-26,9819.8,9831.7,9361.0,9396.25,8638.35,1261317
2018-07-27,9402.0,9442.2,9290.0,9310.4,8559.42,672141
2018-07-30,9320.0,9404.5,9233.0,9381.9,8625.16,539464
2018-07-31,9400.0,9548.85,9355.0,9520.55,8752.62,426388
2018-08-01,9535.0,9587.75,9300.0,9341.6,8588.11,700719
2018-08-02,9327.0,9327.0,9120.0,9142.4,8404.97,875157
2018-08-03,9150.0,9230.0,9150.0,9187.0,8445.98,470958
2018-08-06,9247.5,9300.0,9200.0,9286.4,8537.36,237693
2018-08-07,9316.0,9420.0,9271.0,9411.5,8652.37,381947
2018-08-08,9449.0,9449.0,9183.05,9207.4,8464.73,638498
2018-08-09,9239.0,9239.0,9060.0,9146.05,8408.33,651728
2018-08-10,9150.0,9210.0,9105.0,9148.25,8410.35,427827
2018-08-13,9119.45,9185.0,9012.2,9080.85,8348.39,348201
2018-08-14,9079.0,9158.8,9046.25,9132.6,8470.59,344056
2018-08-16,9124.0,9235.95,9085.0,9200.55,8533.61,465479
2018-08-17,9243.0,9286.5,9130.0,9152.1,8488.67,477538
2018-08-20,9170.7,9217.8,9062.0,9074.35,8416.56,449317
2018-08-21,9110.0,9130.0,9050.4,9113.3,8452.69,380824
2018-08-23,9145.0,9256.0,9100.1,9223.3,8554.71,751705
2018-08-24,9240.0,9279.9,9142.1,9163.8,8499.53,401110
2018-08-27,9209.0,9274.0,9200.0,9245.25,8575.07,326945
2018-08-28,9277.55,9446.5,9215.0,9427.95,8744.53,684054
2018-08-29,9421.0,9468.3,9339.65,9368.1,8689.02,433440
2018-08-30,9370.0,9370.0,9182.65,9205.8,8538.48,674292
2018-08-31,9208.0,9255.0,9080.3,9096.4,8437.01,634522
2018-09-03,9100.0,9118.95,8875.0,8902.15,8256.84,992161
2018-09-04,8912.0,8999.0,8835.45,8868.5,8225.63,530967
2018-09-05,8871.0,8950.0,8790.6,8896.1,8251.23,491163
2018-09-06,8967.7,8967.7,8741.0,8759.85,8124.86,687535
2018-09-07,8775.0,8789.0,8634.25,8719.2,8087.16,636918
2018-09-10,8700.0,8750.0,8625.0,8639.4,8013.14,577299
2018-09-11,8668.0,8699.9,8479.6,8517.05,7899.66,552622
2018-09-12,8539.0,8539.0,8401.0,8493.95,7878.23,634678
2018-09-14,8593.0,8700.0,8580.35,8626.7,8001.36,754169
2018-09-17,8587.0,8659.7,8517.0,8537.8,7918.9,422191
2018-09-18,8537.7,8596.5,8380.2,8399.15,7790.31,507455
2018-09-19,8425.5,8448.4,8191.05,8210.35,7615.19,959340
2018-09-21,8260.0,8325.0,7599.65,8040.15,7457.33,1646047
2018-09-24,8070.0,8070.0,7590.7,7793.05,7228.14,1801469
2018-09-25,7750.0,8018.25,7680.0,7999.45,7419.58,1159438
2018-09-26,8075.0,8089.9,7822.55,7842.55,7274.05,754963
2018-09-27,7850.0,7878.0,7510.2,7553.05,7005.54,1594739
2018-09-28,7620.0,7648.2,7292.65,7347.95,6815.31,1413254
2018-10-01,7354.0,7485.0,7206.0,7463.95,6922.9,1034603
2018-10-03,7400.0,7410.7,7211.0,7246.0,6720.75,1148091
2018-10-04,7150.0,7288.0,7021.0,7198.75,6676.92,1104174
2018-10-05,7054.8,7220.0,6801.85,6904.35,6403.86,1481376
2018-10-08,6915.0,6989.0,6774.25,6889.75,6390.32,1393849
2018-10-09,6819.75,6940.0,6661.0,6699.45,6213.81,1079041
2018-10-10,6748.0,7050.0,6723.25,6985.85,6479.45,1162309
2018-10-11,6800.0,6950.0,6705.2,6875.5,6377.1,869569
2018-10-12,6950.0,7326.0,6950.0,7287.2,6758.96,1053651
2018-10-15,7320.0,7340.0,7126.05,7182.0,6661.39,682234
2018-10-16,7214.0,7278.0,7123.8,7150.9,6632.54,637012
2018-10-17,7237.65,7245.0,6853.45,6885.6,6386.47,1021019
2018-10-19,6830.0,6965.0,6715.5,6756.45,6266.68,903940
2018-10-22,6818.0,6905.0,6722.05,6812.2,6318.39,774016
2018-10-23,6779.0,6857.0,6666.0,6771.3,6280.46,734440
2018-10-24,6850.0,6885.0,6690.0,6768.3,6277.67,681526
2018-10-25,6700.0,6853.7,6620.2,6723.2,6235.84,2101936
2018-10-26,6750.0,6795.0,6500.0,6717.3,6230.37,874526
2018-10-29,6722.0,6810.0,6691.05,6798.7,6305.87,505428
2018-10-30,6798.0,6868.95,6675.2,6697.0,6211.54,771389
2018-10-31,6760.0,6760.0,6500.0,6616.4,6136.78,1315746
2018-11-01,6648.95,6739.95,6600.0,6711.75,6225.22,842039
2018-11-02,6769.8,7159.0,6750.05,7135.45,6618.21,1834118
2018-11-05,7138.0,7254.7,7060.05,7177.25,6656.98,1040315
2018-11-06,7195.0,7238.0,7050.0,7075.0,6562.14,667413
2018-11-07,7140.0,7143.0,7090.0,7127.9,6611.21,127507
2018-11-09,7130.0,7315.0,7040.85,7283.5,6755.53,986090
2018-11-12,7300.0,7352.5,7052.0,7087.8,6574.01,687443
2018-11-13,7049.95,7168.75,7021.0,7150.45,6632.12,572295
2018-11-14,7180.1,7409.0,7180.1,7369.05,6834.88,1112945
2018-11-15,7378.9,7515.1,7333.55,7478.3,6936.21,1048278
2018-11-16,7500.0,7544.05,7302.55,7341.2,6809.04,806420
2018-11-19,7360.0,7449.0,7290.0,7411.65,6874.39,577408
2018-11-20,7411.65,7444.5,7311.65,7333.95,6802.32,637243
2018-11-21,7340.0,7466.0,7331.5,7424.5,6886.31,701156
2018-11-22,7393.95,7480.0,7361.2,7411.1,6873.88,668352
2018-11-26,7425.0,7577.75,7387.3,7554.7,7007.07,899481
2018-11-27,7570.0,7657.8,7500.75,7647.6,7093.23,783389
2018-11-28,7658.0,7680.5,7549.6,7574.2,7025.16,686734
2018-11-29,7613.0,7642.0,7531.0,7546.75,6999.69,725583
2018-11-30,7574.0,7727.0,7570.05,7661.6,7106.22,869715
2018-12-03,7688.5,7800.0,7630.1,7779.95,7215.99,772869
2018-12-04,7780.0,7784.95,7701.0,7721.65,7161.92,551195
2018-12-05,7696.7,7739.9,7520.0,7554.05,7006.47,704296
2018-12-06,7450.05,7486.3,7180.0,7209.7,6687.08,1339030
2018-12-07,7244.0,7349.95,7201.0,7313.95,6783.77,688881
2018-12-10,7200.0,7395.0,7170.0,7350.5,6817.67,785024
2018-12-11,7240.5,7346.0,7215.55,7305.35,6775.79,843166
2018-12-12,7340.0,7507.3,7295.0,7471.85,6930.22,643037
2018-12-13,7477.5,7700.0,7477.5,7670.5,7114.47,881204
2018-12-14,7684.0,7690.0,7545.95,7662.15,7106.73,676653
2018-12-17,7691.9,7800.0,7650.0,7734.05,7173.42,712296
2018-12-18,7710.0,7785.0,7655.0,7772.35,7208.94,658919
2018-12-19,7781.0,7949.75,7781.0,7936.0,7360.73,856358
2018-12-20,7850.0,7919.0,7763.65,7807.05,7241.12,824303
2018-12-21,7830.0,7835.0,7515.0,7536.3,6990.0,1257227
2018-12-24,7560.0,7595.65,7470.0,7529.15,6983.37,611297
2018-12-26,7488.0,7600.0,7402.0,7569.1,7020.42,594156
2018-12-27,7649.0,7668.85,7479.3,7499.95,6956.29,704523
2018-12-28,7548.0,7580.0,7490.0,7505.55,6961.48,616845
2018-12-31,7550.0,7572.75,7443.1,7465.5,6924.33,547975
2019-01-01,7449.75,7494.0,7395.0,7476.8,6934.81,625360
2019-01-02,7445.0,7460.0,7244.0,7267.85,6741.01,891844
2019-01-03,7280.0,7350.0,7185.6,7203.95,6681.74,715168
2019-01-04,7239.0,7309.0,7161.2,7234.5,6710.08,774445
2019-01-07,7310.0,7407.0,7300.0,7362.05,6828.38,687845
2019-01-08,7380.0,7454.8,7322.1,7439.5,6900.22,516841
2019-01-09,7460.5,7529.0,7414.0,7492.9,6949.75,740580
2019-01-10,7500.0,7511.0,7360.15,7391.6,6855.79,452699
2019-01-11,7382.7,7400.0,7282.0,7320.5,6789.85,488399
2019-01-14,7330.0,7433.35,7257.0,7408.7,6871.65,424152
2019-01-15,7430.0,7470.0,7317.0,7355.15,6821.98,491196
2019-01-16,7349.5,7384.0,7291.1,7310.25,6780.34,424769
2019-01-17,7339.0,7398.95,7307.5,7336.25,6804.45,462725
2019-01-18,7345.0,7379.95,7318.0,7357.95,6824.58,334555
2019-01-21,7358.0,7380.0,7161.0,7208.4,6685.87,654537
2019-01-22,7180.0,7180.0,7054.5,7068.85,6556.44,896521
2019-01-23,7050.0,7132.25,7025.0,7045.4,6534.69,702474
2019-01-24,7059.9,7098.0,7014.4,7040.6,6530.23,520703
2019-01-25,7054.0,7133.0,6410.0,6513.4,6041.25,3062762
2019-01-28,6512.5,6610.0,6317.7,6511.05,6039.07,2398091
2019-01-29,6480.0,6619.15,6447.4,6526.95,6053.82,1101399
2019-01-30,6559.0,6588.0,6508.0,6548.25,6073.57,583773
2019-01-31,6575.0,6660.05,6460.05,6641.15,6159.74,926270
2019-02-01,6679.0,7204.0,6652.55,6962.3,6457.61,2545419
2019-02-04,6975.0,7039.0,6851.65,6988.2,6481.63,658776
2019-02-05,6995.0,7125.0,6985.4,7093.6,6579.39,681498
2019-02-06,7120.0,7220.0,7067.0,7183.4,6662.68,567827
2019-02-07,7201.0,7320.0,7185.1,7302.55,6773.2,690174
2019-02-08,7270.0,7300.0,7100.0,7134.25,6617.1,576159
2019-02-11,7150.0,7209.95,7051.1,7177.9,6657.58,502244
2019-02-12,7193.0,7230.0,7127.95,7162.5,6643.3,494592
2019-02-14,7036.7,7111.2,6990.0,7017.5,6508.81,622311
2019-02-15,7027.4,7058.7,6900.0,6930.05,6427.7,768798
2019-02-18,6964.7,6997.8,6817.0,6842.7,6346.68,509963
2019-02-19,6855.0,6915.9,6771.0,6804.55,6311.3,493861
2019-02-20,6842.0,6888.0,6804.4,6849.9,6353.36,534284
2019-02-21,6868.95,6879.65,6715.0,6801.55,6308.51,722938
2019-02-22,6827.0,6939.0,6819.05,6912.4,6411.33,764535
2019-02-25,6948.0,6984.9,6870.05,6924.9,6422.92,495728
2019-02-26,6885.0,6975.0,6812.6,6904.3,6403.81,673415
2019-02-27,6943.0,7048.0,6853.2,6968.5,6463.36,961829
2019-02-28,7010.0,7040.0,6801.0,6829.7,6334.62,1031563
2019-03-01,6876.8,6950.0,6827.25,6935.15,6432.43,768822
2019-03-05,6950.0,7158.15,6894.45,7117.75,6601.79,838538
2019-03-06,7137.85,7144.9,7010.0,7056.9,6545.35,557197
2019-03-07,7078.0,7092.5,7002.0,7029.05,6519.52,396771
2019-03-08,6975.0,7025.0,6951.0,6967.7,6462.62,486432
2019-03-11,6980.0,7121.6,6975.0,7081.9,6568.54,720905
2019-03-12,7097.0,7232.0,7096.0,7157.2,6638.38,828847
2019-03-13,7177.0,7202.95,7050.0,7091.05,6577.03,534982
2019-03-14,7103.0,7148.0,7047.25,7086.3,6572.62,584482
2019-03-15,7109.0,7157.0,7060.0,7084.0,6570.49,861945
2019-03-18,7077.45,7077.45,6776.6,6894.0,6394.26,1336134
2019-03-19,6900.0,6901.95,6809.25,6825.2,6330.45,816763
2019-03-20,6860.0,6860.0,6650.0,6673.55,6189.79,1017560
2019-03-22,6567.0,6716.3,6532.35,6552.7,6077.7,1715983
2019-03-25,6515.0,6621.0,6491.2,6522.6,6049.78,1093184
2019-03-26,6558.0,6600.0,6480.0,6585.7,6108.31,909087
2019-03-27,6628.0,6640.0,6500.0,6518.0,6045.52,887601
2019-03-28,6535.0,6625.0,6501.2,6596.25,6118.09,949713
2019-04-01,6730.8,6870.0,6700.0,6840.7,6344.83,1142386
2019-04-02,6859.45,6900.7,6785.5,6889.7,6390.27,866805
2019-04-03,6896.0,7098.0,6896.0,7072.9,6560.19,1491021
2019-04-04,7120.0,7170.0,7061.65,7113.1,6597.48,1388375
2019-04-05,7095.0,7143.95,7050.0,7107.7,6592.47,729603
2019-04-08,7107.0,7150.0,7044.7,7129.45,6612.64,498374
2019-04-09,7134.0,7235.0,7080.0,7216.55,6693.43,741669
2019-04-10,7218.95,7218.95,7144.6,7186.35,6665.42,590107
2019-04-11,7186.95,7220.0,7150.0,7187.85,6666.81,609539
2019-04-12,7188.9,7357.0,7161.05,7342.85,6810.58,929935
2019-04-15,7351.05,7389.95,7295.0,7352.5,6819.52,585205
2019-04-16,7369.9,7475.0,7350.0,7458.55,6917.89,707823
2019-04-18,7533.1,7539.35,7434.05,7447.45,6907.59,713163
2019-04-22,7422.0,7424.9,7300.0,7321.25,6790.54,479609
2019-04-23,7327.0,7388.9,7006.0,7048.9,6537.93,952628
2019-04-24,7065.0,7101.95,6910.0,7016.7,6508.07,1063510
2019-04-25,7014.75,7144.95,6865.0,6905.25,6404.7,3075510
2019-04-26,6805.0,6886.85,6750.0,6842.85,6346.82,1999920
2019-04-30,6700.0,6750.0,6630.0,6666.4,6183.16,1640025
2019-05-02,6550.0,6709.95,6525.0,6683.25,6198.79,1337101
2019-05-03,6675.0,6780.0,6675.0,6710.0,6223.6,795679
2019-05-06,6659.0,6732.0,6639.3,6709.65,6223.28,480317
2019-05-07,6744.9,6785.25,6680.0,6702.0,6216.18,586684
2019-05-08,6679.0,6693.0,6616.0,6650.15,6168.09,552749
2019-05-09,6637.0,6678.0,6600.0,6624.95,6144.71,570000
2019-05-10,6623.0,6664.9,6575.0,6631.6,6150.88,608669
2019-05-13,6626.0,6659.3,6500.0,6543.75,6069.4,555672
2019-05-14,6511.0,6612.0,6450.0,6576.2,6099.5,843313
2019-05-15,6590.0,6640.0,6463.3,6493.75,6023.03,612357
2019-05-16,6506.0,6527.3,6441.4,6479.65,6009.95,555991
2019-05-17,6497.0,6790.0,6485.0,6706.85,6220.68,782196
2019-05-20,6875.0,7150.0,6860.0,7084.6,6571.05,1286198
2019-05-21,7105.0,7137.75,6818.0,6875.35,6376.96,973836
2019-05-22,6877.2,6930.55,6841.0,6899.8,6399.64,645280
2019-05-23,6996.0,7049.1,6830.0,6929.25,6426.96,1364516
2019-05-24,6964.95,7120.0,6886.75,7093.15,6578.98,1002742
2019-05-27,7095.0,7193.9,6900.05,7068.45,6556.07,1022289
2019-05-28,7067.0,7130.0,7031.5,7054.65,6543.27,915732
2019-05-29,7001.0,7009.0,6870.0,6891.45,6391.9,768022
2019-05-30,6890.0,6921.0,6825.0,6867.7,6369.87,850456
2019-05-31,6891.0,6961.3,6825.0,6869.85,6371.86,1084204
2019-06-03,6760.0,7055.0,6760.0,7022.9,6513.82,1157809
2019-06-04,7000.0,7099.0,6971.75,7051.8,6540.62,575281
2019-06-06,7060.2,7099.0,6928.0,6988.7,6482.1,720856
2019-06-07,6990.0,6990.0,6862.65,6948.25,6444.58,470376
2019-06-10,6980.0,7043.3,6922.0,6969.95,6464.71,395116
2019-06-11,6989.95,7018.2,6930.0,6978.3,6472.45,387309
2019-06-12,6963.8,6967.95,6825.05,6852.0,6355.31,494886
2019-06-13,6843.0,6863.7,6766.3,6784.7,6292.89,561159
2019-06-14,6775.0,6839.0,6727.35,6747.4,6258.29,449930
2019-06-17,6749.4,6768.05,6560.5,6581.65,6104.55,567397
2019-06-18,6604.5,6649.0,6390.0,6439.0,5972.24,1048826
2019-06-19,6485.0,6560.65,6380.0,6424.65,5958.93,715496
2019-06-20,6390.0,6649.0,6340.25,6616.75,6137.11,992450
2019-06-21,6549.0,6549.0,6370.2,6417.25,5952.07,1345890
2019-06-24,6411.0,6497.1,6322.85,6459.9,5991.63,911826
2019-06-25,6459.0,6540.0,6427.35,6522.5,6049.69,580392
2019-06-26,6519.0,6557.8,6460.1,6480.3,6010.55,572239
2019-06-27,6496.2,6575.0,6475.0,6486.7,6016.49,1022011
2019-06-28,6500.0,6550.0,6475.0,6534.65,6060.96,618701
2019-07-01,6600.0,6618.0,6490.0,6507.85,6036.1,754667
2019-07-02,6510.05,6588.8,6482.0,6560.0,6084.47,518084
2019-07-03,6582.0,6590.0,6515.05,6533.8,6060.17,517709
2019-07-04,6540.0,6588.0,6510.2,6544.45,6070.05,576449
2019-07-05,6547.2,6579.0,6300.0,6360.0,5898.97,866460
2019-07-08,6280.1,6283.15,5985.65,6038.7,5600.96,1927495
2019-07-09,6060.0,6070.0,5910.0,5945.45,5514.47,1337999
2019-07-10,5959.0,5995.0,5900.0,5927.9,5498.19,809385
2019-07-11,5974.0,6050.0,5930.0,6031.2,5594.0,779113
2019-07-12,6017.7,6090.0,5951.95,5971.45,5538.59,719883
2019-07-15,5980.0,6096.0,5955.0,6079.7,5638.99,675004
2019-07-16,6079.95,6172.0,6056.0,6158.05,5711.66,627259
2019-07-17,6168.0,6174.0,6050.0,6075.7,5635.28,598778
2019-07-18,6054.4,6055.7,5857.5,5882.35,5455.95,1097857
2019-07-19,5885.0,5910.95,5710.1,5769.1,5350.9,1228672
2019-07-22,5780.0,5940.0,5745.05,5912.5,5483.91,897510
2019-07-23,5910.0,5972.4,5820.2,5873.75,5447.97,841517
2019-07-24,5865.0,5865.0,5725.3,5768.0,5349.88,800687
2019-07-25,5789.1,5844.95,5701.05,5756.75,5339.45,990461
2019-07-26,5728.0,5955.0,5683.9,5805.65,5384.81,2346714
2019-07-29,5770.0,5770.0,5540.0,5561.25,5158.12,1548125
2019-07-30,5562.0,5644.85,5492.0,5507.15,5107.94,1189163
2019-07-31,5525.8,5582.3,5446.05,5469.7,5073.21,1053202
2019-08-01,5469.7,5615.0,5450.0,5572.6,5168.65,1134178
2019-08-02,5539.6,5724.0,5485.0,5689.35,5276.94,1391678
2019-08-05,5600.0,5695.0,5452.0,5670.35,5259.31,1122496
2019-08-06,5640.0,5849.0,5640.0,5833.3,5410.45,1125521
2019-08-07,5833.95,5867.0,5735.7,5775.0,5356.38,955090
2019-08-08,5725.0,5947.0,5725.0,5902.25,5474.4,831725
2019-08-09,5937.65,6155.0,5927.2,6099.9,5657.72,1445079
2019-08-13,6099.7,6123.0,5791.55,5815.45,5393.9,909354
2019-08-14,5792.0,5933.4,5710.0,5816.0,5469.65,1030939
2019-08-16,5805.0,5995.0,5590.0,5975.05,5619.23,1207075
2019-08-19,5999.0,6024.4,5911.6,5982.55,5626.28,902389
2019-08-20,6003.0,6233.0,5959.05,6190.95,5822.27,2198337
2019-08-21,6223.0,6276.0,6141.0,6228.9,5857.96,2128640
2019-08-22,6200.0,6298.5,6168.0,6208.55,5838.82,1551394
2019-08-23,6160.0,6279.6,6040.0,6254.35,5881.89,1232405
2019-08-26,6460.0,6466.7,6116.15,6255.55,5883.02,1552155
2019-08-27,6297.5,6340.0,6256.0,6277.75,5903.9,1078065
2019-08-28,6248.0,6248.0,6070.0,6103.4,5739.93,1242304
2019-08-29,6103.4,6198.0,6065.0,6110.2,5746.33,1006756
2019-08-30,6144.0,6159.25,6052.9,6123.75,5759.07,794518
2019-09-03,6035.0,6130.0,6002.25,6049.7,5689.43,1173373
2019-09-04,6062.0,6076.2,5800.0,5830.75,5483.52,1964992
2019-09-05,5805.0,5998.0,5791.25,5968.65,5613.21,1149196
2019-09-06,5997.7,6220.0,5962.1,6186.95,5818.51,1524051
2019-09-09,6085.0,6366.95,6040.0,6335.5,5958.21,2061193
2019-09-11,6330.0,6630.0,6285.1,6597.3,6204.42,2492039
2019-09-12,6565.0,6640.0,6370.0,6392.05,6011.39,1892862
2019-09-13,6434.0,6512.8,6340.0,6450.3,6066.17,1929801
2019-09-16,6349.9,6489.0,6340.1,6412.75,6030.86,1377371
2019-09-17,6410.0,6445.85,6110.0,6130.4,5765.32,1706567
2019-09-18,6165.0,6211.8,5986.6,6095.05,5732.08,1955137
2019-09-19,6139.0,6175.0,5942.4,5971.75,5616.12,1721431
2019-09-20,6015.0,6949.8,5982.45,6591.95,6199.39,4892962
2019-09-23,6676.1,7000.0,6676.1,6897.85,6487.07,3140286
2019-09-24,6935.0,7177.9,6855.0,7009.1,6591.7,2354230
2019-09-25,7000.0,7000.0,6602.0,6638.5,6243.17,2296343
2019-09-26,6700.0,6899.9,6681.05,6857.45,6449.08,1893865
2019-09-27,6860.0,6915.0,6735.0,6773.7,6370.31,1457894
2019-09-30,6773.0,6809.6,6640.0,6715.8,6315.86,1264165
2019-10-01,6720.0,6850.0,6650.0,6782.0,6378.12,1473158
2019-10-03,6786.6,6794.95,6680.0,6754.05,6351.83,850852
2019-10-04,6793.0,6845.9,6618.4,6649.6,6253.61,1065056
2019-10-07,6674.7,6699.0,6558.15,6629.85,6235.03,696713
2019-10-09,6628.0,6743.8,6590.0,6719.55,6319.39,1017731
2019-10-10,6700.0,6742.1,6558.25,6605.45,6212.08,985523
2019-10-11,6626.3,6720.0,6626.3,6698.9,6299.97,835065
2019-10-14,6697.95,6874.55,6696.05,6821.1,6414.89,963217
2019-10-15,6811.0,7019.0,6809.0,6985.75,6569.74,1276061
2019-10-16,7003.45,7013.9,6895.0,6975.0,6559.63,876844
2019-10-17,6977.0,7155.55,6940.0,7123.9,6699.66,1248295
2019-10-18,7081.3,7450.0,7061.65,7302.3,6867.44,1463126
2019-10-22,7333.0,7392.0,7232.0,7256.25,6824.13,959552
2019-10-23,7201.05,7472.0,7200.0,7440.25,6997.17,1278695
2019-10-24,7460.0,7475.0,7271.0,7391.4,6951.23,1658859
2019-10-25,7396.5,7509.0,7353.85,7471.15,7026.23,1353615
2019-10-27,7477.0,7500.0,7392.05,7422.1,6980.1,128351
2019-10-29,7416.0,7758.7,7381.85,7721.3,7261.48,1396732
2019-10-30,7744.0,7753.65,7539.7,7556.95,7106.92,1243366
2019-10-31,7612.9,7645.0,7502.0,7559.4,7109.23,1067275
2019-11-01,7599.95,7649.0,7545.1,7618.65,7164.95,1151035
2019-11-04,7550.0,7625.0,7407.45,7424.0,6981.89,824953
2019-11-05,7429.95,7541.95,7325.0,7389.0,6948.97,1207089
2019-11-06,7395.0,7415.0,7295.0,7311.15,6875.76,923041
2019-11-07,7357.0,7357.0,7241.0,7287.15,6853.19,877885
2019-11-08,7286.45,7370.0,7178.05,7200.55,6771.75,983936
2019-11-11,7160.0,7237.45,7074.0,7137.3,6712.26,864507
2019-11-13,7130.0,7169.85,7095.0,7154.6,6728.53,687017
2019-11-14,7160.0,7270.0,7160.0,7247.15,6815.57,802462
2019-11-15,7300.0,7359.0,7116.2,7147.2,6721.57,1049492
2019-11-18,7150.0,7177.0,7075.0,7098.45,6675.73,537228
2019-11-19,7146.0,7155.0,7032.0,7045.45,6625.88,755114
2019-11-20,7120.0,7218.0,7044.0,7152.75,6726.79,1289948
2019-11-21,7150.0,7200.0,7004.8,7019.05,6601.05,763454
2019-11-22,7034.0,7077.45,7000.0,7060.45,6639.99,685503
2019-11-25,7075.2,7263.5,7040.3,7236.1,6805.18,952419
2019-11-26,7238.0,7274.0,7084.0,7125.0,6700.69,1249810
2019-11-27,7166.6,7300.0,7166.6,7294.4,6860.01,1070680
2019-11-28,7299.8,7321.1,7220.95,7261.25,6828.83,602077
2019-11-29,7254.0,7293.85,7132.0,7245.85,6814.35,792083
2019-12-02,7291.0,7294.85,7106.75,7139.35,6714.19,703838
2019-12-03,7142.65,7240.0,7060.0,7138.8,6713.67,668269
2019-12-04,7129.8,7170.0,7052.0,7076.1,6654.71,737723
2019-12-05,7090.0,7125.15,6990.55,7012.85,6595.22,602894
2019-12-06,7012.85,7050.0,6864.1,6886.7,6476.59,770911
2019-12-09,7007.0,7108.0,6952.35,6994.75,6578.2,1479832
2019-12-10,7019.0,7048.95,6905.0,6963.65,6548.95,790378
2019-12-11,7000.0,7035.0,6955.2,6993.2,6576.74,603048
2019-12-12,7030.4,7045.95,6975.5,6999.8,6582.95,932863
2019-12-13,7043.95,7249.0,7030.15,7214.95,6785.29,1199360
2019-12-16,7240.0,7257.7,7125.0,7140.05,6714.85,727854
2019-12-17,7209.9,7276.5,7166.0,7195.15,6766.67,939918
2019-12-18,7220.0,7254.95,7164.0,7240.65,6809.46,841740
2019-12-19,7248.95,7310.0,7166.0,7240.65,6809.46,1001697
2019-12-20,7240.65,7304.35,7227.5,7261.5,6829.07,679779
2019-12-23,7275.0,7378.6,7250.1,7360.9,6922.55,914067
2019-12-24,7397.0,7423.7,7302.0,7327.8,6891.42,850537
2019-12-26,7334.0,7343.45,7222.0,7240.9,6809.69,556360
2019-12-27,7268.0,7368.5,7251.4,7344.9,6907.5,665383
2019-12-30,7378.0,7431.95,7341.6,7416.25,6974.6,739631
2019-12-31,7412.5,7412.5,7355.25,7368.6,6929.79,560622
2020-01-01,7377.0,7409.95,7282.05,7311.7,6876.28,634725
2020-01-02,7327.6,7368.0,7312.0,7329.85,6893.35,616838
2020-01-03,7328.95,7332.0,7226.0,7254.25,6822.25,571967
2020-01-06,7200.0,7210.0,7026.5,7042.4,6623.01,748516
2020-01-07,7100.0,7165.6,7026.4,7073.6,6652.36,590500
2020-01-08,7060.0,7116.65,6980.45,7035.2,6616.24,793313
2020-01-09,7140.0,7240.0,7102.0,7227.9,6797.47,798184
2020-01-10,7261.4,7349.9,7234.4,7330.5,6893.96,747847
2020-01-13,7332.0,7370.0,7279.8,7352.7,6914.83,537399
2020-01-14,7355.0,7412.4,7325.6,7386.8,6946.9,548522
2020-01-15,7388.95,7505.0,7353.0,7482.95,7037.33,692726
2020-01-16,7456.5,7521.0,7421.2,7462.65,7018.24,640207
2020-01-17,7469.0,7569.9,7432.55,7520.15,7072.31,750738
2020-01-20,7521.25,7529.5,7421.05,7449.6,7005.96,407828
2020-01-21,7411.5,7434.65,7287.8,7302.65,6867.76,442561
2020-01-22,7340.0,7374.95,7107.95,7135.6,6710.66,1048435
2020-01-23,7145.4,7220.0,7123.15,7147.1,6721.48,589326
2020-01-24,7148.8,7210.0,7111.25,7128.45,6703.94,645723
2020-01-27,7101.5,7225.0,7061.0,7148.8,6723.08,573149
2020-01-28,7179.95,7219.95,6963.0,6997.05,6580.36,1614448
2020-01-29,7010.0,7116.25,6975.0,7010.3,6592.83,1001252
2020-01-30,7020.0,7049.0,6981.0,7020.45,6602.37,579174
2020-01-31,7035.0,7064.0,6895.55,6913.5,6501.79,868935
2020-02-03,6780.0,7044.85,6780.0,7011.3,6593.77,1010531
2020-02-04,7020.0,7215.0,7001.0,7199.6,6770.85,973311
2020-02-05,7215.0,7231.6,7025.6,7040.9,6621.6,718489
2020-02-06,7075.0,7120.35,6976.8,7021.6,6603.45,875714
2020-02-07,7039.0,7050.0,6935.0,6971.75,6556.57,645814
2020-02-10,6975.0,6989.1,6851.1,6892.9,6482.42,593773
2020-02-11,6950.0,7089.0,6912.3,7033.75,6614.88,743160
2020-02-12,7056.1,7110.0,7007.95,7043.3,6623.86,599364
2020-02-13,7050.0,7056.0,6925.0,7005.05,6587.89,723169
2020-02-14,7000.05,7088.95,6901.0,6913.8,6502.07,614859
2020-02-17,6920.0,6980.0,6880.0,6906.75,6495.44,463548
2020-02-18,6925.0,6930.0,6735.8,6781.1,6377.27,830678
2020-02-19,6850.0,6854.95,6624.6,6756.6,6354.23,1033939
2020-02-20,6761.0,6807.55,6720.0,6757.6,6355.17,682513
2020-02-24,6710.0,6710.0,6439.8,6470.4,6085.08,1091346
2020-02-25,6505.4,6510.0,6376.55,6414.55,6032.55,964897
2020-02-26,6350.0,6368.85,6186.05,6234.85,5863.56,1580738
2020-02-27,6230.0,6338.05,6166.8,6289.8,5915.23,1492657
2020-02-28,6163.05,6367.35,6103.2,6283.1,5908.93,1468843
2020-03-02,6400.95,6439.55,6250.0,6285.15,5910.86,1219764
2020-03-03,6318.0,6422.15,6280.5,6386.05,6005.75,849199
2020-03-04,6390.0,6424.0,6209.0,6384.35,6004.15,904360
2020-03-05,6411.9,6464.0,6330.2,6365.95,5986.85,645853
2020-03-06,6196.4,6480.0,6100.15,6445.95,6062.08,1140899
2020-03-09,6301.0,6374.0,6079.4,6201.1,5831.81,1082030
2020-03-11,6160.0,6310.95,6105.0,6146.3,5780.28,937029
2020-03-12,5939.3,5939.3,5555.55,5643.15,5307.09,1345964
2020-03-13,5325.2,6063.5,4803.05,5838.6,5490.9,1480205
2020-03-16,5638.6,5688.0,5400.0,5480.25,5153.89,933412
2020-03-17,5502.0,5746.95,5502.0,5603.95,5270.23,1238640
2020-03-18,5671.0,5688.8,5312.55,5352.65,5033.89,973395
2020-03-19,4870.0,5096.6,4652.55,4819.55,4532.54,2554559
2020-03-20,4869.0,5225.0,4812.6,5079.2,4776.73,1614552
2020-03-23,4575.0,4790.0,4141.0,4220.35,3969.02,1531965
2020-03-24,4341.0,4570.0,4030.0,4486.45,4219.27,1746431
2020-03-25,4439.0,5159.4,4310.1,5005.95,4707.84,1728819
2020-03-26,5024.45,5120.0,4750.0,4878.0,4587.51,1338787
2020-03-27,5100.0,5136.5,4555.0,4646.1,4369.42,1339426
2020-03-30,4587.45,4639.95,4270.0,4328.45,4070.68,1528082
2020-03-31,4450.0,4468.05,4210.0,4288.3,4032.92,2140261
2020-04-01,4290.0,4424.85,4190.1,4246.35,3993.47,1323842
2020-04-03,4250.0,4267.0,4001.1,4011.5,3772.61,1724808
2020-04-07,4150.0,4612.9,4120.0,4553.65,4282.47,2688172
2020-04-08,4406.5,4925.0,4406.5,4698.1,4418.32,2798833
2020-04-09,4794.45,5399.0,4736.2,5326.65,5009.44,3786650
2020-04-13,5285.0,5343.4,5001.0,5283.15,4968.53,2192268
2020-04-15,5307.5,5350.0,5041.0,5094.3,4790.93,2094519
2020-04-16,5017.0,5228.0,4970.0,5130.8,4825.25,1752169
2020-04-17,5325.0,5602.95,5211.7,5505.0,5177.17,2192902
2020-04-20,5512.0,5573.95,5280.0,5331.35,5013.86,1555307
2020-04-21,5131.3,5131.3,4884.5,5001.1,4703.28,1843169
2020-04-22,5009.0,5248.25,4991.0,5180.85,4872.32,1991584
2020-04-23,5169.0,5244.6,5045.0,5156.35,4849.28,1454061
2020-04-24,5100.0,5140.0,5030.0,5045.65,4745.17,1070808
2020-04-27,5150.1,5225.0,4991.55,5056.35,4755.24,1432313
2020-04-28,5090.0,5120.0,4990.25,5052.7,4751.8,1172062
2020-04-29,5100.0,5100.0,5011.05,5068.45,4766.62,1038094
2020-04-30,5122.0,5425.0,5122.0,5358.8,5039.67,2341081
2020-05-04,5096.0,5130.25,4840.0,4886.3,4595.31,1742771
2020-05-05,4995.0,5029.55,4800.0,4829.85,4542.22,1570620
2020-05-06,4841.2,5000.0,4710.0,4843.25,4554.83,2214528
2020-05-07,4899.5,4935.35,4735.0,4749.3,4466.47,1530808
2020-05-08,4874.0,4879.0,4637.5,4654.15,4376.99,1828141
2020-05-11,4750.0,5014.6,4730.15,4937.8,4643.75,3176473
2020-05-12,4914.0,4985.0,4690.05,4951.3,4656.44,3124672
2020-05-13,5250.0,5317.45,4986.25,5036.1,4736.19,3304845
2020-05-14,4905.0,5145.0,4852.15,5114.05,4809.5,2590674
2020-05-15,5110.0,5123.2,4961.15,5100.4,4796.66,2182462
2020-05-18,5080.4,5095.0,4680.55,4720.95,4439.81,3164086
2020-05-19,4842.0,4900.0,4755.75,4805.3,4519.14,2108177
2020-05-20,4754.0,4920.0,4745.5,4891.95,4600.63,1518296
2020-05-21,4890.0,5073.8,4851.05,5050.1,4749.36,1868166
2020-05-22,5010.0,5150.0,4930.75,5134.3,4828.54,1935875
2020-05-26,5200.0,5285.8,5160.65,5246.15,4933.73,1508751
2020-05-27,5270.0,5291.0,5135.4,5244.4,4932.09,1534655
2020-05-28,5267.0,5495.0,5220.0,5468.35,5142.7,2325084
2020-05-29,5375.0,5666.75,5375.0,5610.8,5276.67,3386733
2020-06-01,5690.0,5864.65,5666.9,5793.6,5448.58,2340994
2020-06-02,5797.75,5849.0,5625.1,5690.1,5351.25,2110719
2020-06-03,5730.0,5832.0,5606.0,5624.0,5289.08,1652859
2020-06-04,5658.0,5719.95,5572.0,5690.2,5351.34,1642049
2020-06-05,5728.3,5785.0,5671.1,5746.2,5404.0,1236658
2020-06-08,5850.0,5850.0,5701.5,5734.8,5393.28,1176769
2020-06-09,5754.0,5787.0,5620.0,5662.3,5325.1,1336806
2020-06-10,5655.0,5740.0,5615.0,5675.6,5337.61,1432292
2020-06-11,5637.0,5689.0,5400.3,5426.15,5103.01,1766481
2020-06-12,5201.0,5608.3,5201.0,5561.75,5230.54,2064628
2020-06-15,5520.0,5585.0,5391.05,5475.75,5149.66,1530562
2020-06-16,5590.0,5612.55,5400.0,5502.2,5174.53,1184933
2020-06-17,5445.0,5813.45,5445.0,5726.2,5385.2,3454833
2020-06-18,5695.0,5758.0,5641.0,5714.4,5374.1,1580214
2020-06-19,5751.0,5935.0,5707.0,5897.35,5546.15,1854589
2020-06-22,5900.0,5975.0,5806.35,5896.0,5544.88,1497563
2020-06-23,5900.0,6007.2,5862.55,5886.5,5535.95,1398070
2020-06-24,5938.0,5938.0,5730.0,5755.35,5412.61,1268449
2020-06-25,5677.0,5846.8,5651.0,5762.3,5419.15,1266203
2020-06-26,5800.0,5810.0,5695.0,5754.9,5412.19,1063057
2020-06-29,5730.0,5800.0,5650.0,5678.7,5340.52,1102655
2020-06-30,5750.0,5874.5,5681.45,5838.3,5490.62,2015814
2020-07-01,5838.3,5885.0,5775.0,5803.1,5457.52,1284965
2020-07-02,5850.0,5960.0,5762.8,5948.45,5594.21,1470941
2020-07-03,5948.45,5988.6,5883.05,5932.1,5578.83,1059779
2020-07-06,5963.45,6147.7,5925.0,6123.6,5758.93,1385081
2020-07-07,6140.0,6250.0,6092.65,6226.75,5855.94,1799721
2020-07-08,6226.75,6235.0,6022.6,6044.4,5684.45,1204072
2020-07-09,6080.0,6096.0,5931.35,6002.35,5644.9,1043427
2020-07-10,5980.0,6085.1,5921.0,5955.65,5600.98,1168821
2020-07-13,6000.0,6059.25,5927.8,5988.85,5632.2,1035069
2020-07-14,5951.0,5958.75,5750.0,5771.75,5428.03,1602929
2020-07-15,5810.0,5879.8,5755.0,5801.3,5455.82,1246705
2020-07-16,5809.0,5920.0,5752.0,5875.35,5525.46,1018658
2020-07-17,5898.0,5956.0,5851.0,5919.5,5566.98,810152
2020-07-20,5935.0,5936.0,5812.0,5867.5,5518.08,912610
2020-07-21,5919.5,6150.0,5900.0,6130.85,5765.75,1854694
2020-07-22,6117.0,6129.0,5939.7,6003.4,5645.89,1140092
2020-07-23,6013.0,6090.0,5967.95,6065.95,5704.71,701651
2020-07-24,6010.0,6047.35,5932.1,6000.7,5643.35,793324
2020-07-27,6008.0,6062.85,5928.05,6043.3,5683.41,902597
2020-07-28,6050.0,6320.35,6031.15,6282.8,5908.65,1774828
2020-07-29,6269.95,6295.0,6118.95,6185.15,5816.81,2057197
2020-07-30,6184.05,6393.65,6170.05,6265.4,5892.29,2217867
2020-07-31,6265.0,6379.85,6209.0,6262.75,5889.79,1613555
2020-08-03,6380.0,6437.45,6125.05,6165.2,5798.05,1836582
2020-08-04,6199.0,6376.85,6185.0,6358.95,5980.26,1223516
2020-08-05,6388.9,6597.7,6380.0,6526.25,6137.6,2278663
2020-08-06,6534.95,6585.85,6434.4,6555.75,6165.34,1233252
2020-08-07,6498.0,6749.5,6481.85,6679.0,6281.25,1567980
2020-08-10,6690.0,6728.7,6576.0,6608.9,6215.33,1601750
2020-08-11,6665.0,6713.5,6611.0,6649.2,6253.23,880808
2020-08-12,6609.95,6778.05,6592.1,6730.3,6329.5,1114981
2020-08-13,6729.95,6772.0,6655.0,6731.65,6387.71,1087096
2020-08-14,6740.0,6745.15,6552.05,6588.2,6251.59,905793
2020-08-17,6660.0,6789.95,6588.2,6768.4,6422.59,1028536
2020-08-18,6768.4,6924.9,6760.9,6893.1,6540.92,1322527
2020-08-19,6924.0,7014.7,6885.05,6990.3,6633.15,1326450
2020-08-20,6891.1,6999.0,6880.05,6974.7,6618.35,958157
2020-08-21,7048.0,7065.0,6951.0,6973.0,6616.73,971836
2020-08-24,6985.0,7100.0,6955.0,7082.5,6720.64,961177
2020-08-25,7100.0,7175.7,7075.65,7109.95,6746.69,1047620
2020-08-26,7110.0,7158.0,6972.0,7008.65,6650.56,992395
2020-08-27,7043.0,7127.7,6960.8,7098.0,6735.35,1158891
2020-08-28,7125.0,7156.0,7028.45,7104.1,6741.14,1019984
2020-08-31,7138.0,7160.0,6790.45,6839.95,6490.48,1580774
2020-09-01,6860.45,7018.7,6802.0,6905.65,6552.82,1117127
2020-09-02,6905.5,6980.0,6852.4,6920.75,6567.15,776392
2020-09-03,6925.0,7116.9,6920.75,7072.6,6711.25,947751
2020-09-04,6985.0,7324.0,6965.05,7190.1,6822.74,2185292
2020-09-07,7225.0,7300.0,7129.25,7209.15,6840.82,1348919
2020-09-08,7220.0,7278.0,7137.65,7224.0,6854.91,1145062
2020-09-09,7200.0,7256.35,7121.2,7215.25,6846.61,1273303
2020-09-10,7264.0,7299.4,7168.0,7231.65,6862.17,978701
2020-09-11,7279.95,7349.9,7175.0,7193.6,6826.06,1383019
2020-09-14,7219.0,7239.6,7085.0,7128.85,6764.62,1003491
2020-09-15,7164.0,7175.0,7005.0,7052.8,6692.46,894418
2020-09-16,7074.0,7169.0,7041.0,7057.95,6697.34,920570
2020-09-17,7049.5,7112.9,6941.0,7085.85,6723.82,1133411
2020-09-18,7148.0,7149.0,6931.6,6964.75,6608.9,1143550
2020-09-21,6964.75,6986.9,6590.0,6626.95,6288.36,1290480
2020-09-22,6675.0,6685.95,6312.35,6440.55,6111.49,2665724
2020-09-23,6462.0,6549.95,6380.0,6501.3,6169.13,1456226
2020-09-24,6435.0,6486.8,6270.15,6297.7,5975.94,1237674
2020-09-25,6395.0,6518.55,6331.0,6497.7,6165.72,1316468
2020-09-28,6579.0,6720.0,6542.3,6703.0,6360.53,1099583
2020-09-29,6749.0,6813.3,6671.0,6742.75,6398.25,1199391
2020-09-30,6710.0,6779.95,6671.0,6743.45,6398.91,812841
2020-10-01,6838.2,6909.0,6775.4,6796.3,6449.06,1255993
2020-10-05,6865.0,6877.6,6745.0,6818.85,6470.46,833476
2020-10-06,6858.0,6939.8,6830.0,6892.4,6540.25,756192
2020-10-07,6920.0,7070.0,6865.55,7046.9,6686.86,1101957
2020-10-08,7090.0,7140.0,7021.0,7079.85,6718.12,851205
2020-10-09,7060.0,7159.0,7001.0,7062.4,6701.57,839682
2020-10-12,7110.0,7155.0,7005.0,7136.65,6772.02,799712
2020-10-13,7135.0,7185.0,7022.0,7032.9,6673.57,819414
2020-10-14,7040.0,7075.0,6927.45,7002.35,6644.58,779630
2020-10-15,7029.0,7049.9,6857.7,6892.6,6540.44,681316
2020-10-16,6895.0,6980.0,6863.0,6894.9,6542.62,657914
2020-10-19,6975.0,6980.0,6825.0,6851.95,6501.87,548457
2020-10-20,6817.0,6949.0,6810.0,6844.6,6494.89,659864
2020-10-21,6904.0,6947.6,6764.65,6861.85,6511.26,911967
2020-10-22,6828.0,6860.0,6775.2,6811.55,6463.53,584523
2020-10-23,6858.0,7124.7,6832.0,7103.25,6740.33,1758998
2020-10-26,7100.0,7161.3,6935.05,7054.8,6694.35,1559351
2020-10-27,7067.0,7209.75,7053.0,7158.4,6792.66,1461819
2020-10-28,7194.95,7332.0,7110.0,7186.05,6818.9,1645177
2020-10-29,7114.0,7199.0,6986.7,7117.7,6754.04,1434852
2020-10-30,7079.05,7110.0,6881.0,6965.15,6609.28,1360249
2020-11-02,7044.9,7053.4,6850.0,6868.35,6517.43,1059351
2020-11-03,6940.0,6963.25,6852.45,6913.35,6560.13,926491
2020-11-04,6913.35,7054.0,6909.5,6954.05,6598.75,901404
2020-11-05,7020.0,7104.9,6979.65,7092.8,6730.41,843221
2020-11-06,7092.0,7135.0,6890.0,6907.6,6554.68,1378439
2020-11-09,6989.95,7032.6,6815.0,6872.15,6521.04,1479540
2020-11-10,6973.1,6974.0,6761.45,6793.45,6446.36,1695413
2020-11-11,6859.0,6904.0,6753.1,6857.35,6506.99,1481918
2020-11-12,6857.0,6930.0,6792.0,6836.85,6487.54,1418041
2020-11-13,6880.0,6880.0,6786.0,6809.25,6461.35,970632
2020-11-14,6850.0,6859.9,6835.0,6852.25,6502.15,128193
2020-11-17,6865.0,6996.9,6863.0,6981.45,6624.75,1243068
2020-11-18,6979.95,7070.0,6948.0,7054.3,6693.88,1400300
2020-11-19,7031.0,7130.0,6915.2,6963.3,6607.53,1305695
2020-11-20,6959.55,7020.0,6904.0,6965.85,6609.95,923474
2020-11-23,7040.0,7044.0,6932.6,6987.75,6630.73,735755
2020-11-24,7050.0,7209.0,7050.0,7158.4,6792.66,1910670
2020-11-25,7250.0,7252.35,7017.0,7055.7,6695.21,947742
2020-11-26,7080.0,7098.0,6903.0,6994.25,6636.9,1068945
2020-11-27,7040.3,7111.0,6930.0,7035.8,6676.32,2123905
2020-12-01,7141.8,7141.8,6975.2,7101.7,6738.86,1076695
2020-12-02,7110.0,7220.0,7105.0,7206.5,6838.3,1106734
2020-12-03,7250.0,7782.85,7249.6,7739.1,7343.69,3846792
2020-12-04,7798.0,7882.65,7641.25,7803.15,7404.47,2393536
2020-12-07,7828.8,7835.0,7690.0,7743.4,7347.77,1037296
2020-12-08,7748.0,8013.15,7700.0,7762.7,7366.09,1885285
2020-12-09,7775.0,7799.95,7692.0,7709.25,7315.37,822760
2020-12-10,7760.0,7850.0,7710.0,7736.0,7340.75,1186739
2020-12-11,7779.95,7795.7,7700.0,7733.55,7338.43,706875
2020-12-14,7810.0,7825.0,7655.0,7696.8,7303.55,1038032
2020-12-15,7696.8,7790.0,7640.55,7765.25,7368.51,891801
2020-12-16,7820.0,7899.0,7770.0,7796.35,7398.02,963504
2020-12-17,7799.9,7831.9,7625.0,7694.0,7300.9,734075
2020-12-18,7714.0,7727.0,7541.75,7559.75,7173.51,1078328
2020-12-21,7560.0,7599.0,7278.1,7376.1,6999.24,970306
2020-12-22,7380.0,7438.0,7205.1,7395.4,7017.55,1138240
2020-12-23,7400.4,7555.6,7394.0,7449.95,7069.32,951805
2020-12-24,7507.25,7532.75,7414.2,7446.05,7065.61,589281
2020-12-28,7465.0,7543.0,7454.0,7483.0,7100.68,521320
2020-12-29,7520.0,7545.0,7418.3,7452.35,7071.59,538719
2020-12-30,7497.0,7635.0,7430.0,7612.9,7223.94,1029800
2020-12-31,7614.65,7697.0,7580.0,7649.6,7258.77,908515
2021-01-01,7654.0,7748.5,7650.0,7691.3,7298.33,767574
2021-01-04,7739.0,7755.2,7642.6,7702.3,7308.77,598645
2021-01-05,7660.0,7673.0,7586.0,7655.45,7264.32,562668
2021-01-06,7654.0,7749.0,7555.5,7628.6,7238.84,840678
2021-01-07,7676.0,7704.4,7552.1,7566.05,7179.48,642968
2021-01-08,7600.0,8060.0,7600.0,8014.9,7605.4,2557157
2021-01-11,8099.0,8288.0,7882.4,8232.75,7812.12,2182019
2021-01-12,8161.0,8329.0,8140.0,8188.05,7769.7,1514072
2021-01-13,8188.0,8250.0,8111.0,8139.85,7723.97,877225
2021-01-14,8164.8,8180.0,8023.45,8149.45,7733.08,718274
2021-01-15,8157.15,8219.5,8000.05,8024.75,7614.75,751177
2021-01-18,8011.0,8023.95,7745.0,7830.65,7430.56,771183
2021-01-19,7900.0,7990.3,7835.0,7922.6,7517.82,779892
2021-01-20,7882.0,8170.0,7860.25,8144.95,7728.81,999226
2021-01-21,8205.0,8267.0,8021.45,8076.75,7664.09,769494
2021-01-22,8085.0,8308.0,8000.0,8048.85,7637.62,1172914
2021-01-25,8117.0,8164.7,7950.1,7981.5,7573.71,753043
2021-01-27,7992.95,8090.0,7820.5,7870.9,7468.76,1080785
2021-01-28,7840.0,7984.55,7562.0,7588.5,7200.79,2085637
2021-01-29,7685.0,7685.0,7170.0,7206.65,6838.45,3069968
2021-02-01,7265.2,7475.0,7152.0,7399.8,7021.73,1611478
2021-02-02,7534.9,7769.75,7490.15,7654.7,7263.6,1700845
2021-02-03,7680.0,7716.45,7475.85,7589.2,7201.45,1491567
2021-02-04,7600.0,7765.0,7529.05,7640.0,7249.66,1198036
2021-02-05,7680.0,7736.0,7461.0,7494.15,7111.26,1128089
2021-02-08,7515.0,7638.0,7474.5,7574.6,7187.6,912372
2021-02-09,7581.0,7680.0,7574.0,7627.05,7237.37,925127
2021-02-10,7605.2,7674.9,7506.05,7621.7,7232.29,1015600
2021-02-11,7600.0,7744.0,7567.65,7667.35,7275.61,818869
2021-02-12,7620.1,7675.0,7525.9,7568.5,7181.81,756833
2021-02-15,7600.0,7649.1,7580.0,7596.65,7208.52,470093
2021-02-16,7639.0,7799.0,7625.25,7697.05,7303.79,1321126
2021-02-17,7679.95,7691.5,7471.3,7503.2,7119.84,1023548
2021-02-18,7574.85,7579.05,7460.0,7497.55,7114.48,821462
2021-02-19,7448.0,7486.4,7285.0,7323.0,6948.85,1013887
2021-02-22,7323.0,7325.0,7056.0,7086.45,6724.39,1502068
2021-02-23,7118.8,7122.35,6938.0,6970.5,6614.36,1589884
2021-02-24,6905.0,7036.0,6877.5,6952.95,6597.71,1225254
2021-02-25,7065.0,7069.0,6915.0,6930.35,6576.26,1740066
2021-02-26,6900.0,7075.0,6822.2,6866.15,6515.34,2687534
2021-03-01,6977.0,7032.85,6917.05,7015.0,6656.59,1417600
2021-03-02,7060.0,7235.0,7030.0,7214.1,6845.52,1395296
2021-03-03,7245.6,7262.3,7101.2,7124.7,6760.68,796258
2021-03-04,7080.0,7175.2,7011.0,7131.6,6767.23,906310
2021-03-05,7130.0,7315.0,7070.0,7249.0,6878.63,1821165
2021-03-08,7264.9,7338.8,7216.0,7259.5,6888.6,977572
2021-03-09,7329.4,7329.4,7256.0,7301.55,6928.5,678485
2021-03-10,7320.0,7387.0,7251.0,7272.1,6900.55,659270
2021-03-12,7300.0,7313.0,7061.4,7096.2,6733.64,946720
2021-03-15,7145.0,7162.95,7011.0,7089.3,6727.09,700250
2021-03-16,7100.0,7200.0,7100.0,7150.3,6784.98,796357
2021-03-17,7160.0,7169.95,7043.5,7064.65,6703.7,688581
2021-03-18,7125.0,7242.0,7060.0,7113.75,6750.29,984545
2021-03-19,7059.95,7149.95,6905.5,7113.55,6750.1,838756
2021-03-22,7104.0,7142.5,7050.2,7101.25,6738.43,533767
2021-03-23,7138.0,7225.0,7130.0,7186.25,6819.09,757590
2021-03-24,7136.0,7158.4,7049.95,7066.2,6705.17,457147
2021-03-25,7050.0,7059.0,6755.25,6786.85,6440.09,1338767
2021-03-26,6889.0,6898.95,6771.0,6784.45,6437.82,911299
2021-03-30,6811.0,6875.0,6740.0,6851.8,6501.73,1088817
2021-03-31,6852.3,6939.9,6795.2,6859.2,6508.75,735382
2021-04-01,6950.0,6991.5,6855.0,6923.9,6570.14,660759
2021-04-05,6908.5,6908.5,6724.6,6768.55,6422.73,668129
2021-04-06,6818.25,6846.95,6720.0,6751.3,6406.36,628262
2021-04-07,6790.0,6885.0,6775.05,6865.0,6514.25,598115
2021-04-08,6881.0,6939.3,6806.85,6826.85,6478.05,604553
2021-04-09,6850.0,6875.25,6778.0,6827.1,6478.29,641327
2021-04-12,6739.85,6739.85,6502.15,6520.6,6187.45,1020746
2021-04-13,6520.0,6845.4,6468.8,6815.8,6467.57,995718
2021-04-15,6846.6,6846.85,6551.0,6644.25,6304.78,1267365
2021-04-16,6675.0,6784.85,6606.05,6648.1,6308.43,1000325
2021-04-19,6500.35,6530.0,6415.0,6511.75,6179.05,772219
2021-04-20,6615.0,6678.7,6558.55,6646.65,6307.06,914142
2021-04-22,6625.95,6674.9,6545.0,6650.1,6310.33,667911
2021-04-23,6560.0,6714.7,6560.0,6676.1,6335.0,709306
2021-04-26,6690.2,6789.0,6600.0,6638.9,6299.7,937344
2021-04-27,6669.95,6709.0,6542.0,6568.75,6233.14,1610651
2021-04-28,6568.75,6650.0,6545.0,6573.8,6237.93,1406270
2021-04-29,6635.0,6647.45,6552.0,6565.65,6230.2,757075
2021-04-30,6537.1,6559.6,6421.0,6455.65,6125.82,849997
2021-05-03,6430.0,6622.0,6400.0,6597.85,6260.75,834923
2021-05-04,6639.95,6648.5,6482.0,6508.25,6175.73,507170
2021-05-05,6557.7,6599.0,6483.0,6590.1,6253.4,499160
2021-05-06,6590.0,6709.0,6575.7,6666.65,6326.04,520125
2021-05-07,6679.0,6754.55,6640.0,6703.05,6360.58,605050
2021-05-10,6675.2,6773.15,6660.1,6764.0,6418.41,541534
2021-05-11,6680.15,6749.0,6660.25,6736.65,6392.46,406046
2021-05-12,6730.0,6840.0,6685.0,6817.55,6469.23,770204
2021-05-14,6840.0,6842.15,6700.2,6736.4,6392.22,647029
2021-05-17,6716.5,6838.4,6697.55,6717.85,6374.62,995827
2021-05-18,6788.0,6864.0,6715.45,6811.1,6463.11,805827
2021-05-19,6799.0,6854.95,6760.0,6775.9,6429.7,432774
2021-05-20,6780.8,6814.7,6729.5,6737.85,6393.6,470476
2021-05-21,6780.0,6835.5,6744.25,6814.65,6466.47,434363
2021-05-24,6802.0,6965.0,6802.0,6871.6,6520.51,1027484
2021-05-25,6939.95,6948.0,6888.0,6911.8,6558.66,438736
2021-05-26,6926.0,7051.0,6912.0,7034.3,6674.9,691574
2021-05-27,7022.0,7069.0,6951.15,6968.9,6612.84,922091
2021-05-28,6988.6,7047.0,6940.5,6970.0,6613.89,393809
2021-05-31,6955.0,7100.0,6924.05,7086.3,6724.24,718277
2021-06-01,7107.55,7143.0,7047.05,7091.15,6728.85,642841
2021-06-02,7063.45,7197.7,7063.45,7184.7,6817.62,598862
2021-06-03,7200.0,7230.0,7165.05,7209.5,6841.15,401590
2021-06-04,7200.0,7272.0,7151.1,7214.7,6846.08,575591
2021-06-07,7221.0,7328.85,7211.1,7275.65,6903.92,520482
2021-06-08,7317.5,7366.45,7295.2,7336.75,6961.9,538816
2021-06-09,7310.2,7339.2,7200.0,7239.0,6869.14,443778
2021-06-10,7258.0,7279.45,7174.05,7199.9,6832.04,278027
2021-06-11,7244.0,7244.0,7186.4,7223.8,6854.72,253689
2021-06-14,7195.0,7212.95,7095.05,7177.85,6811.12,322353
2021-06-15,7181.15,7228.85,7156.3,7166.25,6800.11,207625
2021-06-16,7166.0,7193.75,7070.0,7114.25,6750.77,283007
2021-06-17,7060.0,7099.1,6931.1,6969.35,6613.27,595255
2021-06-18,6989.85,6989.85,6821.0,6959.35,6603.78,797389
2021-06-21,6870.0,6925.0,6842.0,6899.9,6547.37,443795
2021-06-22,6940.0,7299.95,6930.0,7265.4,6894.19,1757310
2021-06-23,7266.1,7479.0,7240.05,7432.7,7052.95,2227399
2021-06-24,7448.8,7550.0,7410.1,7527.45,7142.86,1041762
2021-06-25,7540.0,7665.0,7540.0,7649.0,7258.2,1216123
2021-06-28,7698.0,7698.0,7571.4,7596.25,7208.14,433364
2021-06-29,7596.0,7601.0,7452.55,7487.5,7104.95,480219
2021-06-30,7505.5,7646.6,7492.6,7515.9,7131.9,729267
2021-07-01,7500.0,7605.0,7495.05,7584.4,7196.9,584331
2021-07-02,7625.0,7634.5,7546.55,7573.85,7186.89,434905
2021-07-05,7596.3,7690.0,7583.0,7599.45,7211.18,484183
2021-07-06,7600.0,7657.95,7487.45,7514.95,7130.99,425103
2021-07-07,7528.0,7581.0,7433.65,7449.4,7068.79,395336
2021-07-08,7455.0,7498.0,7385.0,7401.2,7023.06,391940
2021-07-09,7381.0,7447.9,7343.4,7425.7,7046.3,400686
2021-07-12,7500.0,7589.8,7451.05,7470.1,7088.44,496478
2021-07-13,7520.0,7529.2,7404.0,7430.35,7050.72,350032
2021-07-14,7436.0,7449.0,7310.0,7326.75,6952.41,460178
2021-07-15,7357.0,7358.0,7268.0,7307.0,6933.67,430055
2021-07-16,7333.0,7333.0,7272.8,7303.55,6930.4,281552
2021-07-19,7251.7,7297.0,7151.1,7165.55,6799.45,386598
2021-07-20,7180.0,7265.0,7144.45,7232.7,6863.17,413816
2021-07-22,7302.0,7325.0,7246.3,7299.55,6926.6,439934
2021-07-23,7300.0,7375.0,7277.0,7293.85,6921.19,436330
2021-07-26,7307.0,7360.0,7180.0,7235.8,6866.11,431758
2021-07-27,7241.3,7320.0,7160.85,7240.25,6870.33,417171
2021-07-28,7280.0,7312.0,7063.0,7165.05,6798.97,739427
2021-07-29,7130.0,7130.0,6936.0,6993.5,6636.19,1519226
2021-07-30,7000.0,7095.0,6964.9,6977.7,6621.19,715546
2021-08-02,7100.0,7107.45,7031.0,7076.95,6715.37,433760
2021-08-03,7124.95,7221.0,7086.1,7199.4,6831.57,470570
2021-08-04,7220.0,7248.6,7003.5,7102.9,6740.0,484122
2021-08-05,7072.0,7079.95,7006.0,7027.55,6711.01,495133
2021-08-06,7054.8,7168.5,7042.55,7100.8,6780.96,517575
2021-08-09,7135.0,7165.0,7038.0,7081.75,6762.77,264983
2021-08-10,7045.2,7104.9,6995.0,7001.95,6686.57,356726
2021-08-11,7002.0,7095.0,6925.15,7021.5,6705.24,414311
2021-08-12,7022.0,7084.8,6985.0,7012.0,6696.16,330283
2021-08-13,7030.0,7049.9,6973.85,7002.2,6686.81,431784
2021-08-16,6982.5,7018.0,6810.0,6826.85,6519.35,750966
2021-08-17,6800.0,6943.0,6746.4,6885.4,6575.27,752517
2021-08-18,6943.75,6943.75,6820.0,6840.1,6532.01,434144
2021-08-20,6815.0,6914.65,6780.0,6850.9,6542.32,657982
2021-08-23,6905.0,6918.0,6801.0,6825.9,6518.45,537302
2021-08-24,6789.5,6852.0,6740.6,6803.2,6496.77,646993
2021-08-25,6838.0,6838.0,6700.0,6711.45,6409.15,722194
2021-08-26,6700.0,6701.35,6591.0,6608.6,6310.93,1199429
2021-08-27,6629.75,6694.6,6600.0,6624.85,6326.45,1428388
2021-08-30,6690.0,6810.0,6653.85,6796.9,6490.75,819447
2021-08-31,6820.0,6872.0,6763.55,6846.1,6537.74,938326
2021-09-01,6799.95,6820.0,6702.35,6784.9,6479.29,1108476
2021-09-02,6852.7,6858.95,6708.2,6792.9,6486.93,741052
2021-09-03,6770.0,6958.0,6751.6,6863.1,6553.97,1196077
2021-09-06,6925.0,6954.0,6838.0,6846.9,6538.5,897444
2021-09-07,6879.9,6929.9,6853.7,6877.15,6567.39,743783
2021-09-08,6852.1,6858.35,6756.0,6781.25,6475.81,847767
2021-09-09,6750.0,6818.45,6740.0,6802.25,6495.86,515702
2021-09-13,6835.5,6895.45,6813.3,6873.7,6564.09,508397
2021-09-14,6910.0,6955.0,6851.1,6894.45,6583.91,817280
2021-09-15,6938.0,6938.0,6880.0,6909.0,6597.8,310138
2021-09-16,6913.3,6949.0,6870.0,6930.95,6618.77,556648
2021-09-17,6955.0,7064.75,6950.0,7014.45,6698.5,980793
2021-09-20,6979.9,7015.45,6906.2,6950.4,6637.34,550405
2021-09-21,6912.5,6939.7,6741.0,6777.0,6471.75,1085249
2021-09-22,6820.0,6846.0,6785.0,6831.0,6523.32,548623
2021-09-23,6868.0,6879.9,6821.0,6846.7,6538.31,432740
2021-09-24,6850.0,7037.8,6848.0,6952.25,6639.11,1649962
2021-09-27,6974.0,7448.0,6974.0,7403.45,7069.98,2646138
2021-09-28,7448.0,7521.55,7333.5,7423.85,7089.46,1346961
2021-09-29,7390.5,7465.0,7291.0,7384.05,7051.46,643556
2021-09-30,7384.75,7408.05,7301.05,7338.05,7007.53,625717
2021-10-01,7220.0,7220.0,7090.0,7162.3,6839.69,901588
2021-10-04,7180.0,7214.95,7131.8,7170.3,6847.33,466994
2021-10-05,7164.8,7300.0,7155.65,7258.25,6931.32,546004
2021-10-06,7270.9,7281.5,7164.25,7199.25,6874.98,726695
2021-10-07,7234.95,7555.0,7225.25,7492.5,7155.02,1646727
2021-10-08,7548.7,7571.95,7401.15,7430.0,7095.34,630622
2021-10-11,7420.2,7814.8,7419.8,7700.8,7353.94,1069536
2021-10-12,7687.9,7750.0,7630.05,7693.8,7347.25,406814
2021-10-13,7740.0,7749.95,7436.55,7482.15,7145.14,1084436
2021-10-14,7540.0,7560.0,7445.0,7496.9,7159.22,831546
2021-10-18,7405.0,7705.3,7405.0,7657.0,7312.11,913963
2021-10-19,7670.2,7768.6,7585.0,7655.65,7310.82,658869
2021-10-20,7615.0,7667.35,7515.0,7590.75,7248.85,488082
2021-10-21,7650.0,7650.0,7485.0,7575.25,7234.04,563128
2021-10-22,7600.0,7625.0,7386.55,7408.9,7075.19,224520
2021-10-25,7355.0,7396.05,7219.65,7260.6,6933.57,248058
2021-10-26,7265.0,7337.95,7210.2,7297.35,6968.66,292203
2021-10-27,7285.0,7461.25,7244.0,7356.25,7024.91,1218064
2021-10-28,7250.0,7529.7,7235.05,7369.7,7037.75,961511
2021-10-29,7350.0,7550.0,7294.85,7482.4,7145.38,819875
2021-11-01,7401.0,7666.0,7401.0,7615.55,7272.53,1005690
2021-11-02,7647.95,7910.0,7630.8,7791.75,7440.79,1302733
2021-11-03,7791.75,7842.25,7711.6,7734.25,7385.88,656492
2021-11-04,7774.7,7819.95,7735.5,7747.4,7398.44,53365
2021-11-08,7759.95,7882.6,7672.0,7684.6,7338.47,428433
2021-11-09,7709.0,7764.5,7538.7,7577.55,7236.24,632879
2021-11-10,7570.0,7580.0,7460.0,7511.65,7173.31,562432
2021-11-11,7512.0,7567.5,7442.0,7453.45,7117.73,486991
2021-11-12,7530.0,7544.0,7442.0,7479.85,7142.94,349666
2021-11-15,7452.0,7579.85,7452.0,7503.1,7165.14,314414
2021-11-16,7545.0,8128.75,7535.05,8050.35,7687.75,2619355
2021-11-17,8035.0,8350.0,8015.05,8274.75,7902.04,2377268
2021-11-18,8234.0,8368.0,8001.1,8117.15,7751.54,1337493
2021-11-22,8158.0,8187.85,7806.55,7864.4,7510.17,672298
2021-11-23,7849.1,7953.95,7805.0,7854.0,7500.24,567198
2021-11-24,7865.5,7897.95,7636.6,7669.45,7324.0,571078
2021-11-25,7640.0,7719.4,7435.0,7572.5,7231.42,1007618
2021-11-26,7520.0,7520.0,7130.0,7170.5,6847.52,1154876
2021-11-29,7166.0,7210.0,6990.7,7149.5,6827.47,733010
2021-11-30,7149.5,7250.0,7015.55,7067.8,6749.45,1287938
2021-12-01,7191.0,7380.0,7130.05,7273.25,6945.65,1669583
2021-12-02,7285.0,7355.45,7245.65,7324.95,6995.02,618573
2021-12-03,7305.0,7329.0,7148.75,7208.7,6884.01,603798
2021-12-06,7193.0,7200.0,7021.0,7042.85,6725.62,609507
2021-12-07,7129.0,7261.8,7091.2,7186.6,6862.9,637151
2021-12-08,7225.0,7497.85,7151.1,7434.9,7100.02,930339
2021-12-09,7469.0,7469.0,7325.0,7421.75,7087.46,615037
2021-12-10,7380.0,7475.0,7357.95,7425.65,7091.18,431682
2021-12-13,7485.0,7575.9,7425.0,7516.4,7177.85,883009
2021-12-14,7516.8,7556.3,7457.8,7493.15,7155.64,749704
2021-12-15,7476.0,7640.0,7453.05,7567.95,7227.07,529018
2021-12-16,7591.5,7621.0,7406.0,7450.8,7115.2,595582
2021-12-17,7480.0,7480.0,7241.0,7296.6,6967.95,1081907
2021-12-20,7200.0,7321.55,7035.85,7286.6,6958.4,867425
2021-12-21,7306.5,7404.95,7284.0,7315.15,6985.66,415744
2021-12-22,7305.5,7454.0,7305.5,7423.75,7089.37,368978
2021-12-23,7481.0,7500.0,7355.0,7387.15,7054.42,249919
2021-12-24,7441.0,7449.85,7252.15,7317.1,6987.52,357447
2021-12-27,7277.1,7330.0,7186.2,7289.5,6961.17,190180
2021-12-28,7320.0,7359.0,7255.1,7297.45,6968.76,214533
2021-12-29,7297.7,7365.0,7240.45,7350.05,7018.99,287776
2021-12-30,7350.0,7395.15,7255.4,7282.25,6954.24,296041
2021-12-31,7290.05,7449.5,7290.05,7426.45,7091.95,313398
2022-01-03,7420.0,7605.95,7420.0,7523.9,7185.01,456599
2022-01-04,7600.0,7649.0,7520.0,7630.1,7286.42,495182
2022-01-05,7624.85,7808.0,7605.6,7775.35,7425.13,710043
2022-01-06,7782.0,7899.45,7683.95,7882.1,7527.07,739981
2022-01-07,7882.1,7944.8,7835.5,7906.0,7549.9,523116
2022-01-10,7950.0,8232.0,7924.15,8125.6,7759.61,827930
2022-01-11,8100.0,8162.45,8069.3,8143.85,7777.03,688923
2022-01-12,8200.0,8200.0,8115.0,8170.75,7802.72,288174
2022-01-13,8175.0,8260.0,7952.0,8077.05,7713.24,684931
2022-01-14,7951.0,8145.0,7951.0,8084.2,7720.07,299536
2022-01-17,8124.8,8368.9,8100.1,8265.5,7893.2,862249
2022-01-18,8248.95,8248.95,7891.5,7915.15,7558.63,785199
2022-01-19,7929.0,8060.0,7860.0,8015.7,7654.66,681632
2022-01-20,8000.0,8140.0,7997.55,8036.35,7674.38,522850
2022-01-21,7970.0,8244.0,7856.05,8189.6,7820.72,1041476
2022-01-24,8189.0,8332.8,7952.8,8052.3,7689.61,1153538
2022-01-25,7990.0,8664.0,7887.9,8602.6,8215.12,2162832
2022-01-27,8656.0,8971.65,8400.05,8820.2,8422.92,2899559
2022-01-28,8795.0,8930.0,8522.35,8550.95,8165.8,1045088
2022-01-31,8625.0,8720.0,8552.8,8597.3,8210.06,561419
2022-02-01,8693.0,8790.8,8351.0,8559.4,8173.87,819689
2022-02-02,8579.7,8683.0,8440.25,8515.25,8131.7,580433
2022-02-03,8550.0,8798.0,8522.7,8593.65,8206.57,810019
2022-02-04,8639.9,8680.0,8492.1,8550.55,8165.41,404421
2022-02-07,8545.0,8615.0,8400.0,8511.65,8128.27,446099
2022-02-08,8616.7,8789.1,8436.05,8599.45,8212.11,998182
2022-02-09,8622.0,8989.8,8622.0,8949.45,8546.35,1403525
2022-02-10,9050.0,9050.0,8789.9,8805.45,8408.83,811887
2022-02-11,8738.0,8865.0,8673.3,8737.15,8343.61,671572
2022-02-14,8500.0,8615.05,8325.0,8366.4,7989.56,995540
2022-02-15,8410.0,8664.25,8356.5,8622.7,8234.32,682766
2022-02-16,8720.0,8736.4,8544.0,8582.95,8196.36,422704
2022-02-17,8575.0,8658.3,8525.0,8552.45,8167.23,305313
2022-02-18,8550.0,8645.95,8520.05,8569.1,8183.13,385273
2022-02-21,8544.05,8724.25,8443.6,8612.7,8224.77,626049
2022-02-22,8495.0,8659.8,8384.85,8622.8,8234.41,620828
2022-02-23,8690.0,8789.95,8655.2,8698.85,8307.03,557954
2022-02-24,8402.0,8587.25,8155.0,8210.15,7840.35,947351
2022-02-25,8260.0,8466.0,8209.55,8356.1,7979.72,1344343
2022-02-28,8300.0,8339.95,8114.1,8314.15,7939.66,961303
2022-03-02,8197.7,8199.0,7764.0,7814.2,7462.23,1783011
2022-03-03,7924.0,7939.95,7558.5,7595.55,7253.43,1050154
2022-03-04,7482.0,7519.2,7130.0,7247.3,6920.87,2511658
2022-03-07,6992.0,7029.85,6730.0,6769.05,6464.16,2469925
2022-03-08,6705.0,6855.0,6536.55,6806.3,6499.73,2840376
2022-03-09,6874.0,7078.1,6777.0,7026.85,6710.35,1827539
2022-03-10,7255.0,7399.85,7177.3,7211.8,6886.96,1535070
2022-03-11,7200.0,7200.0,7080.0,7102.55,6782.64,1024452
2022-03-14,7050.0,7335.0,7012.0,7316.75,6987.19,1023874
2022-03-15,7321.0,7620.0,7318.0,7420.1,7085.88,1586111
2022-03-16,7570.0,7595.75,7440.0,7485.8,7148.62,584457
2022-03-17,7574.0,7741.95,7530.0,7693.0,7346.49,1133271
2022-03-21,7844.0,7940.0,7650.0,7705.55,7358.48,1354525
2022-03-22,7714.95,7809.0,7536.65,7766.65,7416.82,1093502
2022-03-23,7800.0,7862.8,7611.0,7644.85,7300.51,808597
2022-03-24,7599.3,7655.0,7526.35,7556.95,7216.57,565485
2022-03-25,7515.0,7542.3,7385.0,7415.45,7081.44,686637
2022-03-28,7425.0,7539.0,7413.0,7477.35,7140.55,599515
2022-03-29,7535.0,7563.1,7401.0,7439.15,7104.07,446257
2022-03-30,7521.0,7629.95,7490.0,7598.6,7256.34,589206
2022-03-31,7598.55,7652.75,7528.0,7561.3,7220.72,434317
2022-04-01,7574.0,7729.0,7517.35,7700.05,7353.22,449386
2022-04-04,7650.0,7794.0,7631.65,7774.8,7424.61,491029
2022-04-05,7781.0,7900.0,7730.0,7761.85,7412.24,488132
2022-04-06,7739.0,7849.0,7675.0,7744.2,7395.39,393628
2022-04-07,7659.75,7748.0,7621.05,7640.5,7296.36,458566
2022-04-08,7708.8,7730.5,7515.4,7557.95,7217.52,849846
2022-04-11,7614.85,7616.55,7485.0,7565.4,7224.64,496254
2022-04-12,7540.0,7711.5,7500.0,7618.35,7275.2,598047
2022-04-13,7618.35,7704.95,7440.0,7469.5,7133.06,527991
2022-04-18,7374.5,7599.0,7355.0,7573.5,7232.37,551783
2022-04-19,7580.0,7678.0,7350.0,7435.1,7100.21,425990
2022-04-20,7499.0,7699.0,7472.6,7666.7,7321.38,542622
2022-04-21,7709.8,7899.8,7686.05,7879.2,7524.3,772708
2022-04-22,7789.0,8016.65,7731.0,7904.5,7548.46,960818
2022-04-25,7810.0,7998.0,7810.0,7912.35,7555.96,701521
2022-04-26,8000.0,8067.5,7830.0,7906.75,7550.61,801963
2022-04-27,7851.0,7865.0,7720.0,7788.4,7437.59,570519
2022-04-28,7844.0,7940.0,7766.7,7888.15,7532.85,561932
2022-04-29,7918.0,7946.5,7626.0,7717.8,7370.17,1162749
2022-05-02,7665.0,7750.0,7544.3,7634.75,7290.86,544053
2022-05-04,7650.0,7747.0,7356.5,7397.9,7064.68,599211
2022-05-05,7450.0,7538.0,7380.15,7407.65,7073.99,524174
2022-05-06,7314.0,7359.9,7156.65,7279.25,6951.38,650559
2022-05-09,7201.5,7424.5,7130.0,7360.3,7028.78,570578
2022-05-10,7350.15,7575.0,7350.15,7515.9,7177.37,663616
2022-05-11,7519.0,7559.55,7346.6,7396.45,7063.3,605312
2022-05-12,7221.5,7323.95,7210.8,7253.65,6926.93,571754
2022-05-13,7340.0,7340.0,7062.35,7101.95,6782.06,703097
2022-05-16,7157.0,7305.35,7150.0,7247.6,6921.15,369545
2022-05-17,7280.0,7584.65,7255.05,7532.8,7193.51,811448
2022-05-18,7566.0,7640.15,7509.6,7566.55,7225.74,576970
2022-05-19,7450.0,7525.0,7385.05,7404.55,7071.03,363255
2022-05-20,7520.55,7648.9,7450.0,7586.6,7244.88,742204
2022-05-23,7800.1,7954.85,7776.1,7897.45,7541.73,1161175
2022-05-24,7919.0,7941.95,7791.3,7802.65,7451.2,581609
2022-05-25,7840.0,7859.5,7696.05,7787.25,7436.5,454335
2022-05-26,7800.0,7839.95,7620.0,7805.0,7453.45,476799
2022-05-27,7925.0,7965.9,7833.0,7942.95,7585.18,431411
2022-05-30,7980.2,8060.0,7951.0,8013.9,7652.94,389517
2022-05-31,8013.9,8100.0,7900.0,7966.35,7607.53,2494005
2022-06-01,7975.05,8068.9,7880.1,7939.4,7581.79,522004
2022-06-02,7925.0,7972.0,7855.6,7925.4,7568.42,352848
2022-06-03,7950.0,7995.0,7681.0,7705.05,7358.0,591905
2022-06-06,7690.0,7776.9,7591.45,7710.55,7363.25,606990
2022-06-07,7615.05,7820.0,7555.0,7809.4,7457.65,991192
2022-06-08,7824.0,7921.0,7720.7,7892.45,7536.96,813596
2022-06-09,7848.0,8010.0,7830.1,7929.85,7572.67,687937
2022-06-10,7826.0,7988.2,7826.0,7935.1,7577.69,442921
2022-06-13,7849.95,7967.35,7793.75,7901.6,7545.7,565826
2022-06-14,7805.0,7901.4,7750.0,7811.65,7459.8,553462
2022-06-15,7816.0,7929.0,7816.0,7853.45,7499.71,604566
2022-06-16,7938.0,8025.0,7805.0,7833.6,7480.76,1319566
2022-06-17,7805.0,7849.7,7646.15,7688.15,7341.86,1317656
2022-06-20,7699.8,7784.1,7626.0,7660.95,7315.88,1043423
2022-06-21,7714.95,7840.0,7625.15,7780.6,7430.15,954884
2022-06-22,7750.0,7869.0,7716.6,7782.75,7432.2,796824
2022-06-23,7810.0,8317.8,7803.0,8271.0,7898.46,1676430
2022-06-24,8310.0,8390.0,8238.3,8363.2,7986.5,1156788
2022-06-27,8444.0,8546.7,8391.25,8448.75,8068.2,921090
2022-06-28,8415.25,8539.9,8381.05,8489.7,8107.31,691242
2022-06-29,8389.95,8530.0,8370.0,8508.9,8125.64,655413
2022-06-30,8500.0,8634.6,8435.6,8470.75,8089.21,1130302
2022-07-01,8440.0,8450.0,8305.6,8402.6,8024.13,530569
2022-07-04,8402.6,8467.6,8320.0,8443.35,8063.04,625431
2022-07-05,8498.5,8508.55,8335.0,8348.7,7972.66,610290
2022-07-06,8377.0,8652.45,8370.0,8630.05,8241.33,976098
2022-07-07,8695.0,8700.0,8576.2,8606.4,8218.75,547662
2022-07-08,8620.0,8656.95,8445.0,8475.95,8094.17,686327
2022-07-11,8451.7,8525.0,8416.1,8507.65,8124.45,536114
2022-07-12,8495.0,8497.45,8376.25,8419.7,8040.46,424358
2022-07-13,8454.0,8488.15,8381.0,8440.2,8060.04,413855
2022-07-14,8464.95,8587.35,8450.0,8567.75,8181.84,606496
2022-07-15,8596.0,8799.0,8576.2,8778.05,8382.67,631246
2022-07-18,8802.0,8843.0,8684.0,8704.8,8312.72,478682
2022-07-19,8699.95,8798.9,8667.45,8715.85,8323.27,478458
2022-07-20,8775.5,8865.45,8720.2,8749.05,8354.97,398132
2022-07-21,8793.0,8831.9,8722.05,8797.0,8400.76,421090
2022-07-22,8850.0,8889.0,8791.0,8830.95,8433.19,415294
2022-07-25,8828.5,8858.6,8490.0,8621.6,8233.26,623462
2022-07-26,8622.0,8625.4,8471.35,8525.85,8141.83,429454
2022-07-27,8555.55,8707.45,8460.0,8658.1,8268.12,1298855
2022-07-28,8700.0,8770.15,8628.8,8721.05,8328.24,725196
2022-07-29,8764.7,8943.0,8730.0,8773.55,8378.37,821432
2022-08-01,8850.0,9085.0,8822.6,9003.4,8597.87,1009408
2022-08-02,8985.0,9196.85,8954.0,9173.05,8759.88,848311
2022-08-03,9144.75,9144.75,8855.6,8959.45,8612.23,753729
2022-08-04,9024.0,9048.0,8830.0,8966.7,8619.2,643264
2022-08-05,8966.8,8985.2,8810.0,8841.2,8498.56,558385
2022-08-08,8841.2,8998.0,8841.0,8921.95,8576.18,520993
2022-08-10,8938.6,8999.5,8826.0,8879.7,8535.57,445375
2022-08-11,8955.7,8998.0,8724.0,8813.85,8472.27,508318
2022-08-12,8815.0,8815.0,8675.0,8699.2,8362.06,712782
2022-08-16,8737.15,9040.0,8705.05,9003.7,8654.76,963726
2022-08-17,9010.0,9070.0,8920.0,8944.35,8597.71,623749
2022-08-18,8925.0,9012.4,8877.0,8947.7,8600.93,442229
2022-08-19,8955.45,8968.0,8715.0,8778.95,8438.72,572597
2022-08-22,8751.0,8767.45,8602.2,8628.0,8293.62,488485
2022-08-23,8607.0,8757.0,8564.0,8720.5,8382.54,558231
2022-08-24,8660.0,8772.0,8594.0,8704.0,8366.68,442582
2022-08-25,8721.0,8835.0,8680.0,8735.9,8397.34,525721
2022-08-26,8800.0,8832.75,8706.2,8720.6,8382.63,398063
2022-08-29,8602.6,8859.9,8590.0,8834.2,8491.83,459057
2022-08-30,8884.8,9164.0,8870.0,9082.25,8730.27,1016312
2022-09-01,8949.95,9233.65,8941.0,9024.5,8674.76,888864
2022-09-02,9026.5,9149.9,8902.1,8919.6,8573.92,632909
2022-09-05,8900.0,9016.8,8875.0,8950.05,8603.19,386455
2022-09-06,8984.3,9022.75,8870.0,8888.75,8544.27,397902
2022-09-07,8864.0,8873.55,8760.0,8784.9,8444.44,496785
2022-09-08,8829.0,8885.1,8780.0,8790.65,8449.97,428924
2022-09-09,8834.65,8989.0,8730.0,8946.0,8599.3,632296
2022-09-12,8969.9,9012.3,8904.0,8927.65,8581.66,383641
2022-09-13,8972.3,8989.05,8910.9,8926.5,8580.56,405093
2022-09-14,8859.85,9000.0,8825.7,8967.2,8619.68,509547
2022-09-15,9030.05,9325.0,9030.0,9209.75,8852.83,1392132
2022-09-16,9209.5,9315.9,9020.05,9189.65,8833.51,1056382
2022-09-19,9175.3,9343.45,9070.0,9280.85,8921.17,727024
2022-09-20,9339.0,9430.0,9250.0,9300.85,8940.4,747257
2022-09-21,9300.0,9398.0,9211.45,9247.9,8889.5,440725
2022-09-22,9199.0,9435.0,9186.0,9401.85,9037.48,511112
2022-09-23,9397.95,9451.0,9277.35,9343.45,8981.35,574213
2022-09-26,9270.3,9270.3,8800.0,8834.95,8492.55,865432
2022-09-27,8890.0,8908.95,8670.5,8774.05,8434.01,686285
2022-09-28,8720.0,8850.0,8660.05,8726.75,8388.55,663740
2022-09-29,8770.4,8800.0,8604.1,8624.85,8290.59,817007
2022-09-30,8668.0,8872.0,8558.2,8828.15,8486.02,658982
2022-10-03,8970.0,8970.0,8510.0,8547.0,8215.76,1123076
2022-10-04,8699.0,8758.55,8630.0,8690.5,8353.7,503140
2022-10-06,8734.0,8825.0,8690.5,8703.0,8365.72,474445
2022-10-07,8750.0,8845.6,8711.0,8779.1,8438.87,428616
2022-10-10,8675.0,8876.45,8658.0,8862.4,8518.94,411218
2022-10-11,8811.0,8850.0,8665.0,8684.15,8347.6,422610
2022-10-12,8698.0,8720.0,8590.6,8686.6,8349.95,380365
2022-10-13,8665.0,8785.45,8592.0,8649.55,8314.34,355605
2022-10-14,8760.0,8766.6,8606.3,8617.3,8283.34,274160
2022-10-17,8610.0,8749.7,8567.05,8723.8,8385.71,304671
2022-10-18,8765.05,8888.25,8752.05,8807.35,8466.02,369973
2022-10-19,8851.4,8855.0,8695.0,8719.35,8381.43,385416
2022-10-20,8700.0,8739.2,8611.0,8707.4,8369.95,328270
2022-10-21,8730.0,8794.0,8641.0,8703.3,8366.01,356203
2022-10-24,8788.8,8788.8,8745.85,8765.45,8425.75,30052
2022-10-25,8820.0,9017.0,8797.4,9005.0,8656.01,727441
2022-10-27,9050.0,9076.95,8902.0,9041.95,8691.53,849108
2022-10-28,9095.0,9549.95,9051.0,9492.55,9124.67,1873029
2022-10-31,9650.0,9769.0,9451.1,9527.6,9158.36,1932020
2022-11-01,9635.0,9636.9,9375.0,9454.6,9088.19,805517
2022-11-02,9445.0,9454.6,9210.0,9229.4,8871.72,788679
2022-11-03,9210.0,9310.0,9164.4,9239.1,8881.04,616860
2022-11-04,9257.9,9324.0,9191.05,9229.5,8871.81,465775
2022-11-07,9277.0,9352.8,9254.3,9333.3,8971.59,469017
2022-11-09,9480.35,9480.85,9220.0,9253.5,8894.88,617256
2022-11-10,9201.0,9250.75,9071.0,9097.25,8744.69,445700
2022-11-11,9200.0,9240.0,9050.0,9087.55,8735.36,461074
2022-11-14,9100.0,9163.05,8992.55,9152.35,8797.65,282822
2022-11-15,9190.0,9203.55,9130.0,9162.2,8807.12,359888
2022-11-16,9160.0,9252.5,9099.85,9134.95,8780.93,350737
2022-11-17,9101.0,9169.6,8970.0,8986.45,8638.18,409572
2022-11-18,9010.0,9023.95,8836.0,8848.05,8505.15,515615
2022-11-21,8825.0,8929.2,8786.0,8865.2,8521.63,520644
2022-11-22,8875.0,8934.95,8859.05,8873.75,8529.85,455948
2022-11-23,8940.0,8989.0,8902.0,8934.5,8588.25,621006
2022-11-24,8968.9,8994.9,8921.0,8967.1,8619.58,455343
2022-11-25,9000.0,9080.0,8947.5,9019.5,8669.95,545439
2022-11-28,9028.0,9104.1,8950.0,8985.4,8637.17,439956
2022-11-29,8985.0,9024.75,8888.0,8910.2,8564.89,606692
2022-11-30,8924.0,9020.0,8870.0,8974.15,8626.36,1087650
2022-12-01,9019.05,9025.0,8930.0,8958.15,8610.98,694489
2022-12-02,8820.0,8928.9,8754.75,8815.85,8474.19,971612
2022-12-05,8844.0,8853.2,8765.0,8792.05,8451.32,519621
2022-12-06,8777.2,8800.0,8694.95,8717.35,8379.51,551379
2022-12-07,8720.0,8747.85,8641.0,8659.15,8323.57,546450
2022-12-08,8665.0,8711.0,8606.05,8682.7,8346.21,476001
2022-12-09,8707.0,8763.75,8545.45,8613.35,8279.54,790406
2022-12-12,8609.0,8693.3,8515.3,8659.75,8324.14,445039
2022-12-13,8662.0,8697.35,8610.0,8620.7,8286.61,330236
2022-12-14,8650.0,8677.7,8596.05,8641.6,8306.7,343670
2022-12-15,8641.0,8673.6,8575.0,8584.15,8251.47,472176
2022-12-16,8559.5,8588.0,8446.0,8485.8,8156.93,624222
2022-12-19,8498.8,8621.45,8451.0,8603.85,8270.41,464106
2022-12-20,8584.4,8584.4,8432.05,8524.35,8193.99,694906
2022-12-21,8524.35,8566.95,8288.3,8350.4,8026.78,800720
2022-12-22,8356.65,8384.0,8288.0,8334.35,8011.35,580858
2022-12-23,8299.7,8329.95,8122.85,8141.6,7826.07,503012
2022-12-26,8147.0,8346.0,8076.05,8256.8,7936.81,315102
2022-12-27,8298.95,8315.0,8230.8,8305.45,7983.57,423308
2022-12-28,8315.0,8453.5,8287.6,8421.05,8094.69,538632
2022-12-29,8370.0,8449.0,8333.0,8435.8,8108.87,452134
2022-12-30,8470.0,8490.0,8362.25,8394.6,8069.27,433976
2023-01-02,8365.0,8454.0,8337.6,8403.3,8077.63,398159
2023-01-03,8380.0,8402.0,8304.15,8382.75,8057.88,493207
2023-01-04,8376.0,8537.05,8311.05,8422.8,8096.38,566744
2023-01-05,8444.95,8475.0,8390.05,8461.1,8133.19,417716
2023-01-06,8460.0,8483.95,8350.0,8383.05,8058.17,368978
2023-01-09,8424.85,8446.95,8325.1,8377.0,8052.35,613406
2023-01-10,8380.0,8410.0,8262.9,8293.15,7971.75,493677
2023-01-11,8334.65,8334.65,8249.15,8284.45,7963.39,327536
2023-01-12,8315.0,8377.0,8260.0,8369.2,8044.85,283772
2023-01-13,8397.0,8500.05,8351.0,8453.4,8125.79,705220
2023-01-16,8480.0,8514.3,8343.6,8380.1,8055.33,500575
2023-01-17,8409.85,8493.3,8342.15,8479.35,8150.74,409248
2023-01-18,8473.0,8537.4,8464.3,8494.05,8164.86,402883
2023-01-19,8479.0,8519.0,8456.5,8501.65,8172.17,184776
2023-01-20,8462.05,8500.0,8412.0,8439.8,8112.72,346337
2023-01-23,8480.0,8482.0,8377.9,8417.1,8090.9,410827
2023-01-24,8450.0,8718.0,8417.0,8698.8,8361.68,1039571
2023-01-25,8747.9,8833.0,8680.3,8784.1,8443.67,1131883
2023-01-27,8828.45,8889.0,8620.1,8737.5,8398.88,743546
2023-01-30,8779.0,8865.0,8718.0,8817.0,8475.3,1036998
2023-01-31,8856.9,8943.85,8830.2,8895.3,8550.57,643670
2023-02-01,8937.0,9030.45,8673.9,8768.85,8429.01,707460
2023-02-02,8765.0,8940.0,8751.1,8870.15,8526.39,456995
2023-02-03,8940.0,8963.0,8845.15,8942.3,8595.74,351157
2023-02-06,8926.95,8936.0,8820.0,8908.0,8562.77,205161
2023-02-07,8908.0,8920.0,8752.55,8762.45,8422.86,318669
2023-02-08,8773.0,8854.5,8673.05,8834.7,8492.31,391645
2023-02-09,8802.3,8833.0,8700.0,8801.2,8460.11,392186
2023-02-10,8797.8,8875.0,8772.95,8811.35,8469.87,276298
2023-02-13,8787.0,8864.4,8755.7,8809.45,8468.04,253037
2023-02-14,8815.0,8847.0,8765.0,8774.45,8434.4,227030
2023-02-15,8774.45,8895.7,8742.0,8845.35,8502.55,452568
2023-02-16,8880.0,8880.0,8790.0,8805.1,8463.86,247514
2023-02-17,8787.0,8874.0,8749.75,8807.75,8466.41,214587
2023-02-20,8807.75,8849.0,8675.25,8693.65,8356.73,298434
2023-02-21,8694.0,8720.0,8638.45,8669.85,8333.85,323478
2023-02-22,8675.5,8719.0,8585.0,8658.95,8323.38,363931
2023-02-23,8693.45,8747.45,8616.0,8696.25,8359.23,317544
2023-02-24,8711.0,8740.0,8609.3,8660.5,8324.86,242982
2023-02-27,8630.0,8643.05,8530.0,8632.2,8297.66,220225
2023-02-28,8650.0,8709.0,8605.3,8624.35,8290.11,370998
2023-03-01,8620.0,8776.25,8620.0,8764.15,8424.5,333441
2023-03-02,8771.0,8771.0,8509.1,8548.75,8217.45,603893
2023-03-03,8592.05,8629.0,8550.0,8601.25,8267.91,437977
2023-03-06,8640.0,8663.0,8590.95,8631.45,8296.94,275417
2023-03-08,8625.0,8712.05,8610.05,8693.9,8356.97,348171
2023-03-09,8725.0,8737.0,8534.05,8541.95,8210.91,431466
2023-03-10,8530.0,8628.0,8480.1,8601.55,8268.2,516128
2023-03-13,8601.55,8637.3,8481.1,8518.4,8188.27,479314
2023-03-14,8544.95,8544.95,8445.0,8512.15,8182.26,349510
2023-03-15,8650.0,8704.95,8440.0,8474.95,8146.51,509229
2023-03-16,8460.1,8533.4,8411.0,8437.45,8110.46,340261
2023-03-17,8503.0,8510.95,8293.55,8316.85,7994.53,471602
2023-03-20,8316.85,8316.85,8130.0,8219.6,7901.05,488199
2023-03-21,8245.0,8275.0,8215.0,8228.4,7909.51,287497
2023-03-22,8236.0,8289.6,8217.0,8252.4,7932.58,218120
2023-03-23,8264.0,8375.0,8232.6,8353.2,8029.47,540553
2023-03-24,8353.2,8386.5,8211.0,8242.9,7923.45,391840
2023-03-27,8250.0,8316.8,8229.55,8278.35,7957.52,364326
2023-03-28,8305.9,8355.6,8140.0,8208.8,7890.67,360349
2023-03-29,8249.85,8319.1,8187.5,8295.3,7973.82,339851
2023-03-31,8325.95,8370.0,8257.05,8292.15,7970.79,478757
2023-04-03,8412.85,8579.0,8390.35,8503.05,8173.52,627265
2023-04-05,8521.95,8548.0,8430.0,8447.05,8119.69,272888
2023-04-06,8464.0,8535.0,8377.1,8516.65,8186.59,309551
2023-04-10,8456.6,8555.8,8403.05,8535.15,8204.37,308275
2023-04-11,8580.0,8670.95,8545.0,8659.55,8323.95,409240
2023-04-12,8672.0,8709.95,8591.0,8621.05,8286.94,408458
2023-04-13,8628.05,8704.0,8620.0,8670.8,8334.76,480202
2023-04-17,8850.0,8850.0,8650.0,8674.65,8338.47,489356
2023-04-18,8692.95,8748.8,8690.0,8732.65,8394.22,276111
2023-04-19,8690.05,8741.8,8662.45,8679.95,8343.56,280819
2023-04-20,8670.0,8739.9,8665.15,8714.65,8376.92,369060
2023-04-21,8679.4,8704.0,8550.0,8558.45,8226.77,424157
2023-04-24,8577.0,8577.0,8444.75,8466.15,8138.05,543745
2023-04-25,8510.0,8525.0,8420.0,8468.9,8140.69,906406
2023-04-26,8527.0,8550.0,8434.9,8506.9,8177.22,959058
2023-04-27,8570.0,8570.0,8471.25,8542.95,8211.87,536521
2023-04-28,8593.0,8612.45,8535.1,8589.55,8256.66,387567
2023-05-02,8622.7,8827.0,8606.0,8776.85,8436.71,865562
2023-05-03,8770.0,8828.0,8715.05,8797.3,8456.36,537008
2023-05-04,8796.65,8822.95,8743.0,8800.6,8459.54,271926
2023-05-05,8800.6,8988.0,8790.0,8948.65,8601.85,951591
2023-05-08,9046.0,9120.95,8960.0,9076.25,8724.5,678780
2023-05-09,9083.0,9140.0,9051.85,9111.55,8758.43,415394
2023-05-10,9128.8,9180.0,9060.0,9168.15,8812.84,366827
2023-05-11,9242.95,9315.0,9142.05,9260.9,8902.0,644550
2023-05-12,9260.95,9329.8,9232.65,9295.4,8935.16,403028
2023-05-15,9242.0,9307.5,9185.4,9207.3,8850.47,259316
2023-05-16,9219.1,9229.3,9057.1,9071.35,8719.79,448981
2023-05-17,9080.35,9132.0,9032.05,9119.4,8765.98,290482
2023-05-18,9144.95,9150.0,9044.1,9053.3,8702.44,272497
2023-05-19,9060.0,9118.2,8960.55,9105.95,8753.05,543472
2023-05-22,9090.0,9169.7,9073.85,9156.65,8801.79,182115
2023-05-23,9169.0,9235.0,9156.75,9200.7,8844.13,269008
2023-05-24,9168.0,9318.2,9159.0,9270.75,8911.46,470365
2023-05-25,9220.75,9293.4,9216.05,9281.85,8922.13,218979
2023-05-26,9333.0,9415.0,9311.25,9399.95,9035.66,346760
2023-05-29,9435.0,9488.8,9312.05,9333.5,8971.78,236834
2023-05-30,9380.0,9402.9,9300.0,9383.35,9019.7,372004
2023-05-31,9449.95,9449.95,9267.6,9367.7,9004.66,1614766
2023-06-01,9337.5,9377.55,9222.0,9328.3,8966.78,378706
2023-06-02,9389.0,9525.15,9312.7,9485.35,9117.75,445105
2023-06-05,9552.5,9640.0,9488.55,9582.1,9210.75,434649
2023-06-06,9629.0,9770.0,9611.0,9736.2,9358.88,542318
2023-06-07,9788.0,9800.0,9650.5,9707.5,9331.29,453747
2023-06-08,9733.0,9765.0,9625.5,9658.6,9284.28,273746
2023-06-09,9675.5,9713.9,9611.1,9627.8,9254.68,161389
2023-06-12,9625.0,9700.0,9537.65,9550.45,9180.33,316879
2023-06-13,9588.0,9618.05,9505.65,9517.5,9148.65,561014
2023-06-14,9520.0,9599.0,9490.5,9532.5,9163.07,328167
2023-06-15,9555.0,9697.8,9543.0,9594.85,9223.0,459978
2023-06-16,9595.05,9643.4,9552.0,9603.7,9231.51,682099
2023-06-19,9638.0,9642.15,9510.0,9532.0,9162.59,395006
2023-06-20,9530.0,9538.9,9420.0,9492.1,9124.24,612713
2023-06-21,9502.0,9537.0,9396.05,9440.85,9074.97,356331
2023-06-22,9439.05,9494.35,9373.8,9403.05,9038.64,288487
2023-06-23,9420.0,9427.0,9305.0,9327.3,8965.82,309138
2023-06-26,9327.3,9520.0,9300.0,9470.2,9103.18,405168
2023-06-27,9490.0,9500.0,9395.05,9461.0,9094.34,339375
2023-06-28,9475.45,9575.0,9432.55,9540.65,9170.9,482586
2023-06-30,9569.0,9853.5,9541.0,9789.05,9409.68,845006
2023-07-03,9742.05,9785.85,9656.55,9673.0,9298.12,398066
2023-07-04,9700.0,9716.5,9620.05,9647.4,9273.52,247673
2023-07-05,9697.0,10036.95,9675.0,9992.3,9605.05,815044
2023-07-06,9999.95,10016.3,9815.2,9859.4,9477.3,652120
2023-07-07,9854.0,9945.0,9815.0,9850.25,9468.51,457050
2023-07-10,9854.0,9933.35,9719.75,9736.3,9358.97,272008
2023-07-11,9796.0,9956.85,9736.3,9900.15,9516.47,568772
2023-07-12,9895.0,9950.0,9805.0,9835.8,9454.62,552967
2023-07-13,9852.95,9898.95,9612.0,9647.55,9273.66,519564
2023-07-14,9701.95,9727.3,9591.0,9603.65,9231.46,498441
2023-07-17,9647.0,9699.0,9555.0,9689.55,9314.03,444583
2023-07-18,9710.2,9766.3,9601.7,9665.65,9291.06,320985
2023-07-19,9651.0,9666.0,9525.65,9607.55,9235.21,450254
2023-07-20,9620.0,9785.0,9575.45,9772.5,9393.77,466813
2023-07-21,9720.0,9845.0,9703.0,9770.05,9391.42,328483
2023-07-24,9770.05,9815.0,9680.0,9694.8,9319.08,358506
2023-07-25,9624.0,9774.95,9616.8,9758.6,9380.41,240998
2023-07-26,9761.5,9810.0,9725.25,9756.35,9378.25,209861
2023-07-27,9770.0,9827.15,9691.65,9753.6,9375.6,256672
2023-07-28,9739.0,9750.0,9546.4,9670.3,9295.53,381151
2023-07-31,9670.3,9837.7,9606.0,9820.75,9440.15,600060
2023-08-01,9760.0,9892.0,9650.05,9716.75,9340.18,1394528
2023-08-02,9715.0,9793.45,9520.35,9653.8,9279.67,672815
2023-08-03,9598.85,9659.95,9515.6,9543.7,9260.17,614897
2023-08-04,9560.0,9616.0,9427.0,9470.4,9189.04,540470
2023-08-07,9490.0,9539.8,9422.0,9523.8,9240.86,366329
2023-08-08,9539.95,9623.0,9505.0,9542.55,9259.05,430636
2023-08-09,9540.0,9540.05,9417.5,9463.1,9181.96,404602
2023-08-10,9463.1,9500.0,9342.05,9397.6,9118.41,523490
2023-08-11,9397.6,9469.0,9344.0,9356.85,9078.87,498504
2023-08-14,9360.0,9364.0,9257.9,9321.65,9044.71,336864
2023-08-16,9334.0,9437.75,9254.15,9419.55,9139.71,336363
2023-08-17,9414.9,9474.75,9350.0,9375.3,9096.77,402798
2023-08-18,9350.0,9470.0,9336.65,9456.05,9175.12,400745
2023-08-21,9455.55,9469.0,9413.25,9438.8,9158.38,375347
2023-08-22,9420.2,9508.05,9409.7,9491.9,9209.91,435930
2023-08-23,9519.0,9640.0,9446.0,9600.95,9315.72,546842
2023-08-24,9661.65,9661.65,9555.0,9573.7,9289.28,385559
2023-08-25,9554.0,9624.75,9485.0,9505.7,9223.3,346449
2023-08-28,9514.95,9670.0,9510.0,9597.7,9312.56,325938
2023-08-29,9600.0,9684.75,9506.0,9621.25,9335.41,317224
2023-08-30,9660.0,9817.95,9610.0,9796.4,9505.36,543634
2023-08-31,9770.1,10065.0,9770.1,10003.8,9706.6,1581818
2023-09-01,9999.0,10397.95,9951.35,10331.25,10024.32,1193178
2023-09-04,10401.0,10467.95,10286.3,10362.45,10054.59,819552
2023-09-05,10350.0,10412.7,10245.8,10262.1,9957.22,507107
2023-09-06,10260.0,10260.0,10130.15,10178.85,9876.45,663758
2023-09-07,10150.0,10300.9,10150.0,10280.75,9975.32,445805
2023-09-08,10399.0,10400.0,10300.0,10332.0,10025.05,439721
2023-09-11,10345.0,10550.0,10344.0,10533.85,10220.9,598050
2023-09-12,10544.0,10568.4,10405.0,10503.6,10191.55,568773
2023-09-13,10500.0,10536.4,10440.0,10473.4,10162.25,301707
2023-09-14,10465.05,10580.0,10431.05,10488.15,10176.56,501196
2023-09-15,10489.3,10550.0,10477.4,10525.25,10212.56,544616
2023-09-18,10500.05,10623.65,10494.05,10522.1,10209.5,430213
2023-09-20,10494.05,10494.05,10337.55,10346.75,10039.36,545106
2023-09-21,10343.05,10345.0,10206.5,10284.3,9978.76,577252
2023-09-22,10378.0,10566.75,10308.45,10535.15,10222.16,986206
2023-09-25,10535.15,10720.0,10530.0,10588.2,10273.64,756801
2023-09-26,10631.9,10633.95,10526.55,10556.65,10243.02,452503
2023-09-27,10550.0,10706.0,10525.0,10680.75,10363.44,458359
2023-09-28,10650.5,10705.0,10532.05,10565.35,10251.46,598144
2023-09-29,10541.0,10705.5,10510.55,10610.6,10295.37,481725
2023-10-03,10709.8,10709.8,10303.3,10346.9,10039.5,623006
2023-10-04,10283.9,10283.9,10090.0,10129.85,9828.9,407793
2023-10-05,10181.95,10270.95,10109.0,10210.15,9906.82,377196
2023-10-06,10283.0,10332.95,10260.0,10302.05,9995.99,335700
2023-10-09,10250.0,10334.4,10183.95,10244.8,9940.44,230083
2023-10-10,10290.0,10417.0,10270.1,10375.0,10066.77,348342
2023-10-11,10349.95,10440.0,10340.05,10412.1,10102.77,193526
2023-10-12,10460.0,10624.55,10420.2,10580.9,10266.55,569237
2023-10-13,10534.05,10745.05,10529.8,10727.55,10408.85,625954
2023-10-16,10729.95,10810.85,10665.0,10704.5,10386.48,304196
2023-10-17,10730.0,10797.85,10565.3,10750.8,10431.4,474718
2023-10-18,10755.0,10809.85,10711.05,10788.45,10467.94,267435
2023-10-19,10700.0,10798.7,10700.0,10771.7,10451.68,286284
2023-10-20,10763.1,10799.0,10695.7,10725.65,10407.0,232512
2023-10-23,10681.0,10724.65,10530.45,10553.65,10240.11,227925
2023-10-25,10520.0,10647.45,10501.6,10588.85,10274.27,401105
2023-10-26,10539.0,10594.0,10392.5,10424.15,10114.46,506129
2023-10-27,10440.05,10845.0,10440.0,10560.7,10246.95,1116713
2023-10-30,10700.0,10700.0,10245.0,10397.7,10088.79,991168
2023-10-31,10490.0,10490.0,10321.0,10392.3,10083.55,439996
2023-11-01,10390.1,10422.2,10188.65,10227.75,9923.89,699116
2023-11-02,10290.3,10345.0,10201.0,10303.6,9997.49,569194
2023-11-03,10318.0,10370.0,10241.0,10276.3,9971.0,517582
2023-11-06,10338.95,10338.95,10252.0,10284.85,9979.3,490459
2023-11-07,10300.0,10326.0,10235.85,10253.3,9948.68,264935
2023-11-08,10320.0,10340.45,10260.6,10322.3,10015.63,287006
2023-11-09,10349.95,10449.6,10316.75,10400.35,10091.37,310536
2023-11-10,10375.0,10416.4,10320.0,10388.8,10080.16,206395
2023-11-13,10429.0,10429.0,10363.65,10398.4,10089.47,261891
2023-11-15,10497.0,10497.0,10375.05,10456.05,10145.41,436538
2023-11-16,10480.0,10543.7,10409.2,10484.5,10173.02,488715
2023-11-17,10500.0,10606.8,10499.15,10523.5,10210.86,403772
2023-11-20,10500.0,10593.35,10500.0,10566.25,10252.34,234246
2023-11-21,10619.0,10619.0,10500.0,10535.15,10222.16,312242
2023-11-22,10550.0,10551.25,10420.0,10494.55,10182.77,378891
2023-11-23,10487.8,10525.0,10394.05,10488.5,10176.9,453820
2023-11-24,10505.95,10566.5,10462.0,10515.65,10203.24,380306
2023-11-28,10539.95,10556.4,10506.0,10537.55,10224.49,268026
2023-11-29,10570.0,10634.55,10525.7,10599.25,10284.36,343341
2023-11-30,10581.0,10649.0,10546.1,10608.7,10293.53,665660
2023-12-01,10608.0,10759.0,10533.05,10585.7,10271.21,591519
2023-12-04,10695.0,10695.1,10425.0,10599.45,10284.55,625235
2023-12-05,10650.9,10770.0,10563.4,10721.9,10403.36,580996
2023-12-06,10721.9,10748.95,10590.0,10625.75,10310.07,464163
2023-12-07,10790.0,10932.85,10635.0,10696.65,10378.86,704413
2023-12-08,10730.0,10748.0,10551.0,10618.55,10303.08,548373
2023-12-11,10630.0,10638.0,10500.05,10541.75,10228.57,579749
2023-12-12,10620.0,10624.0,10301.1,10338.4,10031.26,1088687
2023-12-13,10360.0,10412.9,10260.0,10380.05,10071.67,603469
2023-12-14,10440.0,10495.0,10312.3,10353.2,10045.62,635475
2023-12-15,10459.0,10476.75,9832.6,10286.4,9980.8,1244681
2023-12-18,10295.0,10350.9,10226.2,10319.6,10013.01,652498
2023-12-19,10319.6,10377.0,10206.2,10233.6,9929.57,585734
2023-12-20,10240.0,10309.05,9990.0,10081.25,9781.75,964051
2023-12-21,10000.0,10099.25,9900.0,10012.85,9715.38,739806
2023-12-22,10050.0,10318.3,10030.0,10217.15,9913.61,652545
2023-12-26,10270.0,10281.2,10114.7,10270.65,9965.52,395273
2023-12-27,10286.0,10305.35,10230.0,10288.5,9982.84,397675
2023-12-28,10310.95,10310.95,10187.0,10271.6,9966.44,584234
2023-12-29,10280.45,10396.65,10273.0,10302.35,9996.28,705227
2024-01-01,10345.0,10345.0,10214.65,10283.3,9977.79,411724
2024-01-02,10283.3,10294.7,10151.05,10197.75,9894.79,776837
2024-01-03,10200.0,10210.0,10065.0,10077.65,9778.25,521046
2024-01-04,10100.0,10120.0,9985.55,10015.3,9717.76,711733
2024-01-05,10010.65,10075.0,9970.0,10017.0,9719.41,673131
2024-01-08,10005.0,10128.95,9911.9,9946.7,9651.19,600153
2024-01-09,9975.0,10042.65,9890.0,10024.1,9726.29,666469
2024-01-10,10049.95,10050.75,9950.0,10010.2,9712.81,481699
2024-01-11,10025.1,10124.1,10000.0,10011.1,9713.68,1024815
2024-01-12,10025.0,10044.95,9935.95,9965.65,9669.58,850190
2024-01-15,9985.1,10098.8,9948.0,10086.9,9787.23,463380
2024-01-16,10086.85,10240.0,10060.0,10183.55,9881.01,536823
2024-01-17,10124.0,10161.8,9996.45,10051.7,9753.07,610250
2024-01-18,9946.05,10050.0,9737.65,9924.5,9629.65,614860
2024-01-19,9960.0,10051.65,9949.05,10037.7,9739.49,377018
2024-01-23,9862.0,9973.0,9832.1,9860.45,9567.51,956269
2024-01-24,9860.0,10000.0,9755.0,9988.2,9691.46,459092
2024-01-25,9988.2,9999.8,9816.55,9881.0,9587.45,718817
2024-01-29,9931.15,10035.0,9875.05,9991.4,9694.57,446516
2024-01-30,10010.85,10033.5,9931.5,9951.65,9656.0,399869
2024-01-31,9959.3,10235.6,9913.0,10186.9,9884.26,997024
2024-02-01,10210.0,10699.8,10204.0,10637.95,10321.91,1869594
2024-02-02,10598.0,10711.6,10540.4,10655.45,10338.89,814940
2024-02-05,10602.0,10759.95,10400.0,10428.55,10118.73,365105
2024-02-06,10499.95,10856.75,10458.0,10844.85,10522.66,829040
2024-02-07,10860.0,10973.5,10786.8,10935.7,10610.81,560808
2024-02-08,10951.0,10951.0,10689.95,10743.9,10424.71,557082
2024-02-09,10711.25,10770.0,10611.1,10732.85,10413.99,645489
2024-02-12,10700.0,10748.95,10650.05,10709.7,10391.53,190655
2024-02-13,10730.0,10830.0,10640.15,10794.5,10473.81,397979
2024-02-14,10705.0,11050.0,10703.4,11027.95,10700.32,354676
2024-02-15,11040.0,11133.0,10980.0,11090.25,10760.77,447248
2024-02-16,11120.0,11480.0,11098.0,11380.4,11042.3,716486
2024-02-19,11380.4,11613.05,11333.05,11483.35,11142.19,581383
2024-02-20,11440.0,11479.95,11315.85,11446.45,11106.39,355044
2024-02-21,11456.0,11521.0,11370.0,11465.85,11125.21,348461
2024-02-22,11500.0,11695.0,11391.25,11657.8,11311.46,584406
2024-02-23,11704.95,11720.0,11475.2,11535.6,11192.89,472884
2024-02-26,11505.0,11533.95,11416.45,11467.0,11126.33,277700
2024-02-27,11415.0,11562.9,11384.25,11500.65,11158.98,307585
2024-02-28,11471.0,11498.95,11130.0,11152.8,10821.46,358812
2024-02-29,11155.0,11349.0,11129.5,11288.35,10952.98,943841
2024-03-01,11295.0,11675.0,11295.0,11620.95,11275.71,487355
2024-03-04,11600.0,11677.3,11544.15,11594.15,11249.7,369936
2024-03-05,11596.05,11730.0,11561.8,11670.6,11323.88,320702
2024-03-06,11670.6,11679.0,11518.4,11567.05,11223.4,639542
2024-03-07,11571.05,11633.5,11421.15,11510.05,11168.1,255325
2024-03-11,11515.15,11555.9,11350.05,11395.55,11057.0,525344
2024-03-12,11400.0,11575.9,11381.0,11509.9,11167.95,283816
2024-03-13,11510.0,11554.85,11267.6,11390.15,11051.76,385204
2024-03-14,11401.75,11460.0,11302.05,11404.6,11065.78,523058
2024-03-15,11380.0,11521.05,11314.05,11476.65,11135.69,972333
2024-03-18,11436.65,11665.4,11366.3,11636.3,11290.6,311049
2024-03-19,11542.1,11679.95,11456.15,11597.05,11252.51,409259
2024-03-20,11651.15,12025.0,11651.15,11941.15,11586.39,1031037
2024-03-21,11999.0,12000.0,11825.35,11908.15,11554.37,544311
2024-03-22,11890.05,12427.3,11890.05,12337.7,11971.16,1062263
2024-03-26,12285.55,12321.9,12141.2,12250.55,11886.6,507568
2024-03-27,12290.0,12722.7,12285.7,12510.35,12138.68,878986
2024-03-28,12569.95,12726.8,12385.5,12600.35,12226.01,860324
2024-04-01,12613.35,12689.0,12506.15,12569.6,12196.17,314676
2024-04-02,12624.95,12648.0,12462.25,12552.45,12179.53,333508
2024-04-03,12450.0,12525.5,12412.55,12427.85,12058.63,271935
2024-04-04,12490.0,12649.0,12318.05,12567.25,12193.89,491166
2024-04-05,12492.0,12557.9,12384.5,12421.6,12052.57,231600
2024-04-08,12450.0,12927.65,12450.0,12865.1,12482.89,570422
2024-04-09,12865.1,12985.7,12780.0,12888.0,12505.11,314466
2024-04-10,12933.0,12958.0,12600.9,12682.75,12305.96,464239
2024-04-12,12660.0,12660.0,12225.0,12266.55,11902.12,973366
2024-04-15,12199.5,12510.0,12032.95,12422.85,12053.78,831257
2024-04-16,12308.0,12549.9,12275.35,12502.7,12131.26,579183
2024-04-18,12570.0,12602.0,12320.05,12405.0,12036.46,679117
2024-04-19,12399.9,12759.4,12225.0,12710.95,12333.32,635535
2024-04-22,12783.15,12879.15,12659.0,12785.5,12405.66,342212
2024-04-23,12845.0,13024.5,12776.3,12996.25,12610.14,397281
2024-04-24,13000.0,13073.95,12900.0,12944.05,12559.5,296364
2024-04-25,12964.0,12980.7,12740.35,12922.5,12538.59,640725
2024-04-26,12922.0,13045.0,12660.0,12703.35,12325.95,704626
2024-04-29,12800.05,12994.8,12603.0,12689.85,12312.85,613937
2024-04-30,12786.0,12996.0,12740.2,12817.5,12436.71,528776
2024-05-02,12750.0,12844.15,12514.8,12805.35,12424.92,814923
2024-05-03,12817.95,12830.0,12411.4,12492.15,12121.02,834990
2024-05-06,12550.0,12646.4,12372.5,12439.3,12069.74,342231
2024-05-07,12472.4,12508.5,12239.0,12364.05,11996.73,604375
2024-05-08,12392.0,12559.95,12325.0,12543.55,12170.89,399669
2024-05-09,12540.0,12739.8,12436.75,12504.65,12133.15,504590
2024-05-10,12505.0,12696.95,12501.0,12675.5,12298.92,328670
2024-05-13,12660.0,12708.4,12477.55,12673.85,12297.32,281421
2024-05-14,12673.85,12840.0,12651.4,12814.2,12433.5,331037
2024-05-15,12820.0,12872.4,12700.0,12767.3,12388.0,232030
2024-05-16,12848.0,12848.0,12300.0,12497.65,12126.36,914201
2024-05-17,12515.15,12665.9,12322.3,12641.5,12265.93,809226
2024-05-21,12600.15,12678.9,12441.8,12473.3,12102.73,443136
2024-05-22,12427.8,12563.0,12363.1,12531.35,12159.06,280015
2024-05-23,12566.05,12975.1,12473.05,12934.9,12550.62,768732
2024-05-24,12865.0,13034.0,12811.0,13000.45,12614.22,624801
2024-05-27,13023.45,13058.5,12777.0,12906.1,12522.67,464953
2024-05-28,12890.0,12985.95,12800.25,12818.6,12437.77,333806
2024-05-29,12818.0,12850.05,12750.0,12788.65,12408.71,353706
2024-05-30,12721.0,12810.0,12550.0,12598.0,12223.73,524559
2024-05-31,12598.0,12633.35,12330.0,12399.3,12030.93,908304
2024-06-03,12825.0,12825.0,12402.55,12476.15,12105.5,485936
2024-06-04,12596.6,12597.2,11561.45,12176.05,11814.31,825928
2024-06-05,12180.0,12614.1,12125.1,12502.6,12131.16,447581
2024-06-06,12511.55,12690.0,12468.0,12673.5,12296.98,447536
2024-06-07,12582.35,12828.0,12582.35,12810.9,12430.3,532480
2024-06-10,12765.15,12920.0,12627.9,12717.55,12339.72,293471
2024-06-11,12743.5,12939.55,12655.2,12863.65,12481.49,358807
2024-06-12,12863.65,12951.6,12802.0,12849.35,12467.61,302719
2024-06-13,12940.0,12940.0,12739.6,12846.85,12465.18,297240
2024-06-14,12831.5,12895.0,12778.8,12845.2,12463.58,216967
2024-06-18,12878.4,12880.0,12542.05,12560.95,12187.78,823306
2024-06-19,12610.0,12625.0,12200.0,12242.1,11878.4,694871
2024-06-20,12246.0,12305.5,12135.0,12149.5,11788.55,907751
2024-06-21,12220.0,12366.25,12083.5,12201.5,11839.01,947800
2024-06-24,12181.0,12289.0,12041.0,12183.4,11821.44,550862
2024-06-25,12201.4,12237.8,12072.05,12116.6,11756.63,594272
2024-06-26,12117.0,12323.85,12067.7,12198.25,11835.85,447931
2024-06-27,12200.0,12227.3,12010.0,12178.75,11816.93,1230852
2024-06-28,12184.95,12201.5,12004.15,12033.85,11676.34,1160395
2024-07-01,12045.0,12260.0,12005.55,12108.65,11748.92,1134926
2024-07-02,12149.95,12149.95,11995.0,12042.6,11684.83,687181
2024-07-03,12115.0,12150.0,11960.0,12123.65,11763.47,467532
2024-07-04,12135.0,12210.0,12071.8,12089.6,11730.43,299684
2024-07-05,12069.15,12137.45,12021.9,12104.05,11744.45,406926
2024-07-08,12104.0,12112.0,11966.0,12023.6,11666.39,496933
2024-07-09,12325.0,12959.95,12264.05,12827.7,12446.6,2114130
2024-07-10,12950.05,13300.0,12732.65,12772.8,12393.33,2070520
2024-07-11,12800.0,12923.8,12695.05,12715.2,12337.44,608983
2024-07-12,12620.0,12669.9,12475.0,12562.5,12189.28,674746
2024-07-15,12600.0,12768.5,12590.0,12643.95,12268.31,697186
2024-07-16,12643.0,12798.0,12581.75,12639.55,12264.04,347810
2024-07-18,12633.0,12680.0,12463.0,12644.05,12268.41,391216
2024-07-19,12650.0,12710.0,12496.45,12524.3,12152.22,351955
2024-07-22,12500.0,12658.95,12400.05,12641.25,12265.69,249631
2024-07-23,12720.0,12734.95,12360.0,12629.05,12253.85,332258
2024-07-24,12634.0,12663.2,12458.2,12487.25,12116.27,285860
2024-07-25,12388.05,12525.0,12388.05,12509.2,12137.57,396789
2024-07-26,12470.0,12743.1,12389.2,12663.7,12287.47,537693
2024-07-29,12709.0,12773.7,12603.0,12751.55,12372.71,388263
2024-07-30,12760.0,12968.8,12709.9,12873.65,12491.19,526539
2024-07-31,12980.0,13375.0,12895.15,13115.8,12726.14,836405
2024-08-01,13393.0,13680.0,13112.0,13359.05,12962.17,2040384
2024-08-02,13126.0,13174.9,12673.05,12726.4,12464.95,1333355
2024-08-05,12490.0,12490.0,12027.65,12200.85,11950.19,1131415
2024-08-06,12390.0,12554.9,12110.0,12131.1,11881.88,623565
2024-08-07,12399.0,12450.0,12265.9,12371.5,12117.34,433514
2024-08-08,12371.0,12392.7,12152.15,12218.85,11967.82,358577
2024-08-09,12390.0,12390.0,12195.1,12224.2,11973.06,320211
2024-08-12,12200.0,12370.0,12100.0,12273.25,12021.11,291212
2024-08-13,12337.0,12340.05,12122.0,12176.25,11926.1,464483
2024-08-14,12239.0,12239.0,12130.0,12205.65,11954.89,449827
2024-08-16,12314.95,12343.95,12111.0,12213.3,11962.39,552732
2024-08-19,12195.0,12244.05,12126.8,12149.8,11900.19,277319
2024-08-20,12160.5,12310.0,12150.1,12214.95,11964.0,471927
2024-08-21,12214.95,12248.95,12177.05,12220.95,11969.88,295984
2024-08-22,12280.0,12325.0,12181.0,12276.35,12024.14,501316
2024-08-23,12300.0,12375.05,12254.4,12302.3,12049.56,440809
2024-08-26,12325.0,12334.5,12222.0,12243.8,11992.26,232805
2024-08-27,12245.0,12530.0,12225.1,12496.9,12240.16,477609
2024-08-28,12500.0,12519.95,12330.0,12357.5,12103.62,313227
2024-08-29,12343.0,12480.0,12250.0,12453.8,12197.95,608598
2024-08-30,12460.0,12570.0,12316.2,12403.0,12148.19,2271179
2024-09-02,12373.0,12525.0,12350.4,12427.4,12172.09,331514
2024-09-03,12474.0,12474.3,12359.9,12397.1,12142.41,445514
2024-09-04,12325.05,12398.0,12234.1,12336.25,12082.81,735076
2024-09-05,12337.0,12370.0,12230.0,12298.6,12045.93,595865
2024-09-06,12250.0,12304.85,12094.7,12186.15,11935.8,733354
2024-09-09,12197.5,12219.85,12102.0,12145.75,11896.22,415790
2024-09-10,12150.1,12288.05,12098.0,12263.4,12011.46,285122
2024-09-11,12260.0,12334.0,12165.0,12242.6,11991.08,349799
2024-09-12,12262.1,12427.0,12151.35,12400.85,12146.08,547830
2024-09-13,12365.0,12395.0,12291.05,12316.05,12063.03,361093
2024-09-16,12321.95,12364.0,12256.0,12289.0,12036.53,170114
2024-09-17,12285.0,12285.0,12151.65,12245.75,11994.17,568161
2024-09-18,12240.05,12337.95,12170.0,12204.1,11953.38,182282
2024-09-19,12259.95,12410.0,12206.4,12351.5,12097.75,465608
2024-09-20,12360.4,12705.15,12360.05,12614.5,12355.34,875654
2024-09-23,12625.0,12749.0,12625.0,12683.1,12422.54,235586
2024-09-24,12583.1,12778.95,12583.1,12738.6,12476.9,425916
2024-09-25,12727.25,12816.2,12611.0,12785.3,12522.64,341172
2024-09-26,12835.0,13411.0,12830.0,13383.8,13108.84,1471069
2024-09-27,13383.0,13541.65,13274.45,13495.6,13218.34,865698
2024-09-30,13343.55,13500.0,13208.7,13238.0,12966.04,415743
2024-10-01,13238.0,13300.45,13000.05,13166.0,12895.51,388888
2024-10-03,12941.05,13148.0,12592.3,12647.35,12387.52,863520
2024-10-04,12689.9,12877.85,12512.5,12605.75,12346.77,679362
2024-10-07,12626.05,12648.0,12378.0,12527.5,12270.13,465500
2024-10-08,12502.25,12630.1,12462.05,12531.95,12274.49,387060
2024-10-09,12554.95,12850.0,12540.5,12760.7,12498.54,465231
2024-10-10,12798.9,12965.0,12711.5,12944.1,12678.17,492698
2024-10-11,12944.1,12980.0,12725.0,12776.65,12514.16,274243
2024-10-14,12775.0,12799.0,12462.3,12537.85,12280.27,488067
2024-10-15,12709.0,12709.0,12355.0,12446.75,12191.04,532135
2024-10-16,12414.05,12454.95,12231.0,12383.9,12129.48,418138
2024-10-17,12400.0,12420.1,12070.0,12143.75,11894.27,875937
2024-10-18,12070.0,12141.25,11844.45,12105.1,11856.41,506871
2024-10-21,12145.55,12250.0,11944.55,12175.9,11925.76,375275
2024-10-22,12215.95,12289.8,11840.0,11923.3,11678.34,904901
2024-10-23,11923.3,12119.9,11753.45,11956.2,11710.57,412638
2024-10-24,11998.95,11998.95,11636.9,11763.7,11522.02,552495
2024-10-25,11763.6,11794.3,11440.0,11502.85,11266.53,624582
2024-10-28,11504.8,11632.65,11440.0,11483.25,11247.34,613830
2024-10-29,11450.0,11483.0,10742.45,11046.0,10819.07,2268683
2024-10-30,10979.0,11520.0,10945.0,11256.45,11025.2,1672966
2024-10-31,11225.0,11247.55,11050.0,11076.45,10848.89,838211
2024-11-01,11150.0,11209.55,11080.0,11110.0,10881.75,65670
2024-11-04,11295.0,11295.0,10860.0,11052.45,10825.39,444462
2024-11-05,11042.0,11275.0,11011.9,11170.1,10940.62,321159
2024-11-06,11219.0,11430.0,11172.6,11354.25,11120.99,416027
2024-11-07,11305.15,11385.0,11186.6,11300.15,11068.0,530194
2024-11-08,11260.5,11344.0,11125.6,11303.0,11070.79,269993
2024-11-11,11331.5,11518.15,11310.0,11399.7,11165.5,450681
2024-11-12,11392.05,11516.9,11107.25,11143.1,10914.17,549747
2024-11-13,11140.0,11142.85,10864.3,11049.6,10822.59,507710
2024-11-14,11055.0,11117.7,10892.1,11006.05,10779.94,431348
2024-11-18,10950.0,11182.95,10915.0,11093.95,10866.03,333440
2024-11-19,11090.0,11195.25,10896.4,10959.3,10734.15,864067
2024-11-21,10921.15,10958.2,10770.0,10861.45,10638.31,540201
2024-11-22,10905.0,11106.65,10827.25,11063.6,10836.31,493678
2024-11-25,11202.0,11247.95,10990.05,11025.15,10798.65,635726
2024-11-26,11025.15,11077.95,10891.45,10943.95,10719.12,406586
2024-11-27,10936.0,11116.9,10870.0,11058.35,10831.17,343332
2024-11-28,11060.4,11080.6,10888.0,10949.85,10724.89,607669
2024-11-29,10949.95,11130.1,10920.0,11074.2,10846.69,338207
2024-12-02,11151.0,11330.0,11151.0,11239.3,11008.4,446880
2024-12-03,11250.0,11309.0,11203.0,11279.25,11047.53,258644
2024-12-04,11281.0,11300.0,11106.0,11129.85,10901.2,554674
2024-12-05,11134.95,11270.0,11031.0,11182.25,10952.52,545501
2024-12-06,11200.0,11375.95,11121.0,11317.95,11085.43,417214
2024-12-09,11322.0,11368.9,11252.55,11279.8,11048.07,254485
2024-12-10,11275.0,11314.35,11170.0,11198.2,10968.14,410569
2024-12-11,11229.9,11320.85,11220.6,11277.75,11046.06,226584
2024-12-12,11299.35,11299.35,11078.25,11167.4,10937.97,396561
2024-12-13,11137.4,11290.0,11033.6,11272.55,11040.96,263579
2024-12-16,11255.55,11329.45,11205.0,11277.0,11045.32,223389
2024-12-17,11263.0,11272.45,11059.7,11108.55,10880.33,295445
2024-12-18,11085.0,11098.05,10970.1,11002.45,10776.41,497103
2024-12-19,10888.0,11035.4,10852.45,10955.35,10730.28,435360
2024-12-20,10940.0,11077.0,10865.95,10901.05,10677.1,404608
2024-12-23,10928.0,10989.8,10755.4,10822.0,10599.67,237165
2024-12-24,10822.0,10887.45,10725.0,10736.6,10516.02,151149
2024-12-26,10770.5,10974.8,10770.0,10896.0,10672.15,349811
2024-12-27,10929.5,11133.0,10912.6,10941.05,10716.27,257973
2024-12-30,10941.05,10950.0,10750.1,10798.95,10577.09,335481
2024-12-31,10765.0,10893.7,10750.6,10858.4,10635.32,198997
2025-01-01,10858.0,11273.95,10800.2,11208.3,10978.03,383202
2025-01-02,11285.0,11859.15,11226.0,11841.3,11598.03,1417042
2025-01-03,11849.95,12049.8,11787.95,11934.25,11689.07,701315
2025-01-06,11929.0,11979.9,11690.7,11755.65,11514.14,383268
2025-01-07,11755.65,11825.95,11673.7,11721.3,11480.5,308104
2025-01-08,11726.0,11859.95,11725.3,11822.0,11579.13,303100
2025-01-09,11822.0,11850.0,11659.65,11740.55,11499.35,266413
2025-01-10,11690.0,11760.0,11570.0,11631.1,11392.15,218246
2025-01-13,11468.5,11654.45,11468.0,11497.7,11261.49,253524
2025-01-14,11533.95,11785.55,11531.0,11741.15,11499.94,627463
2025-01-15,11890.55,12192.4,11861.0,11947.4,11701.95,692822
2025-01-16,11981.45,12134.0,11956.2,12092.3,11843.87,551211
2025-01-17,12101.9,12189.9,12004.3,12136.35,11887.02,285370
2025-01-20,12147.05,12147.05,11984.05,12020.05,11773.11,251731
2025-01-21,12017.05,12139.8,11862.05,11883.7,11639.56,300038
2025-01-22,11900.05,12078.85,11900.05,12020.35,11773.4,396590
2025-01-23,12005.0,12106.3,11961.3,12045.75,11798.28,480876
2025-01-24,11930.0,12093.0,11914.1,11967.9,11722.03,310343
2025-01-27,11901.9,12046.9,11811.05,11993.85,11747.45,251783
2025-01-28,12018.35,12164.7,11884.95,12123.75,11874.68,533451
2025-01-29,12120.0,12320.7,11885.05,11977.9,11731.82,817549
2025-01-30,12021.0,12110.85,11923.1,12000.0,11753.47,418442
2025-01-31,12000.0,12390.0,12000.0,12310.65,12057.74,709009
2025-02-01,12320.0,13150.0,12228.65,12916.5,12651.14,1101170
2025-02-03,12990.0,13461.2,12921.65,13139.95,12870.0,926127
2025-02-04,13250.0,13259.95,12971.5,13109.95,12840.62,530749
2025-02-05,13110.0,13150.0,13003.5,13086.8,12817.94,271633
2025-02-06,13060.0,13130.0,13006.8,13074.0,12805.41,414134
2025-02-07,13060.0,13108.5,13012.0,13049.5,12781.41,355223
2025-02-10,13050.0,13060.0,12886.65,12900.75,12635.71,294142
2025-02-11,12899.95,13017.25,12699.45,12724.35,12462.94,354195
2025-02-12,12700.0,12765.35,12608.05,12655.55,12395.55,425735
2025-02-13,12675.0,12744.95,12614.75,12671.3,12410.98,186742
2025-02-14,12700.0,12780.0,12584.1,12680.25,12419.74,233454
2025-02-17,12601.6,12774.0,12578.1,12762.9,12500.7,192210
2025-02-18,12764.95,12884.95,12735.15,12786.2,12523.52,267936
2025-02-19,12727.0,12769.15,12651.0,12686.15,12425.52,288694
2025-02-20,12650.0,12650.0,12380.0,12440.65,12185.07,423739
2025-02-21,12420.0,12438.6,12245.0,12323.45,12070.27,477013
2025-02-24,12248.35,12432.5,12220.1,12345.2,12091.58,399571
2025-02-25,12388.75,12507.4,12350.0,12476.35,12220.03,363355
2025-02-27,12531.7,12550.0,12312.0,12380.6,12126.25,236805
2025-02-28,12338.5,12338.5,11811.7,11945.85,11700.43,605149
2025-03-03,11886.0,12059.45,11757.75,11775.6,11533.68,186884
2025-03-04,11690.0,11724.25,11591.0,11616.25,11377.6,255726
2025-03-05,11605.0,11830.0,11568.35,11617.35,11378.68,349730
2025-03-06,11701.0,11729.5,11480.0,11666.4,11426.72,315309
2025-03-07,11650.0,11742.3,11601.0,11664.15,11424.52,259055
2025-03-10,11600.0,11697.9,11533.65,11586.05,11348.02,153894
2025-03-11,11579.5,11692.0,11510.0,11646.95,11407.67,245822
2025-03-12,11620.8,11723.95,11522.0,11640.1,11400.96,249361
2025-03-13,11634.8,11685.0,11489.75,11513.8,11277.26,260736
2025-03-17,11513.8,11752.95,11456.35,11553.7,11316.34,275569
2025-03-18,11553.7,11553.7,11553.7,11553.7,11316.34,0
2025-03-19,11700.0,11714.45,11547.0,11615.55,11376.92,476555
2025-03-20,11699.9,11765.0,11588.0,11730.2,11489.21,379421
2025-03-21,11780.0,11921.7,11705.8,11732.8,11491.76,560565
2025-03-24,11779.95,11990.0,11742.05,11922.25,11677.32,359033
2025-03-25,11951.4,12075.25,11800.0,11868.9,11625.06,514283
2025-03-26,11807.0,11868.9,11710.0,11734.3,11493.23,478517
2025-03-27,11773.15,11898.0,11638.0,11721.95,11481.13,645787
2025-03-28,11699.05,11745.95,11400.1,11522.15,11285.44,541795
2025-04-01,11480.0,11545.8,11290.0,11481.1,11245.23,498244
2025-04-02,11481.1,11732.0,11410.05,11716.1,11475.4,452994
2025-04-03,11630.5,11802.95,11611.05,11688.1,11447.98,326624
2025-04-04,11600.0,11630.0,11330.0,11482.0,11246.11,355785
2025-04-07,11105.6,11358.5,11059.45,11329.75,11096.99,602353
2025-04-08,11530.0,11550.35,11290.05,11458.9,11223.49,629968
2025-04-09,11460.1,11538.7,11425.0,11457.4,11222.02,255114
2025-04-11,11480.35,11678.75,11480.0,11599.05,11360.76,231420
2025-04-15,11790.0,11940.0,11680.0,11855.0,11611.45,458593
2025-04-16,11768.0,11768.0,11615.0,11664.0,11424.37,470494
2025-04-17,11664.0,11728.0,11525.0,11695.0,11454.74,302146
2025-04-21,11695.0,11769.0,11588.0,11745.0,11503.71,318493
2025-04-22,11770.0,11788.0,11615.0,11734.0,11492.93,516753
2025-04-23,11799.0,11971.0,11729.0,11907.0,11662.38,493839
2025-04-24,11940.0,12040.0,11858.0,11894.0,11649.65,387863
2025-04-25,11902.0,12046.0,11598.0,11698.0,11457.67,906266
2025-04-28,11428.0,11896.0,11289.0,11846.0,11602.63,457303
2025-04-29,11812.0,11940.0,11741.0,11841.0,11597.74,455596
2025-04-30,11825.0,12325.0,11800.0,12257.0,12005.19,967250
2025-05-02,12257.0,12727.0,12250.0,12405.0,12150.15,707908
2025-05-05,12490.0,12490.0,12362.0,12458.0,12202.06,270014
2025-05-06,12438.0,12599.0,12371.0,12581.0,12322.53,414921
2025-05-07,12355.0,12669.0,12355.0,12633.0,12373.46,303619
2025-05-08,12560.0,12597.0,12330.0,12392.0,12137.42,485326
2025-05-09,12135.0,12360.0,12115.0,12250.0,11998.33,278112
2025-05-12,12426.0,12630.0,12426.0,12616.0,12356.81,185165
2025-05-13,12600.0,12700.0,12430.0,12482.0,12225.57,378269
2025-05-14,12485.0,12718.0,12411.0,12670.0,12409.7,306050
2025-05-15,12600.0,13023.0,12548.0,12952.0,12685.91,561496
2025-05-16,12950.0,13086.0,12912.0,12995.0,12728.03,425275
2025-05-19,12990.0,13046.0,12930.0,12989.0,12722.15,244277
2025-05-20,13005.0,13010.0,12610.0,12638.0,12378.36,361111
2025-05-21,12675.0,12808.0,12594.0,12615.0,12355.83,209104
2025-05-22,12611.0,12611.0,12395.0,12445.0,12189.33,434848
2025-05-23,12450.0,12495.0,12423.0,12453.0,12197.16,169465
2025-05-26,12455.0,12539.0,12391.0,12421.0,12165.82,214703
2025-05-27,12421.0,12479.0,12290.0,12414.0,12158.96,344679
2025-05-28,12414.0,12415.0,12305.0,12331.0,12077.67,178181
2025-05-29,12340.0,12428.0,12266.0,12392.0,12137.42,191097
2025-05-30,12392.0,12490.0,12251.0,12319.0,12065.92,351353
2025-06-02,12161.0,12319.0,12132.0,12290.0,12037.51,264972
2025-06-03,12273.0,12350.0,12060.0,12128.0,11878.84,369114
2025-06-04,12128.0,12245.0,12128.0,12163.0,11913.12,205846
2025-06-05,12200.0,12257.0,12016.0,12126.0,11876.88,319783
2025-06-06,12139.0,12535.0,12100.0,12462.0,12205.98,456129
2025-06-09,12505.0,12660.0,12466.0,12637.0,12377.38,323443
2025-06-10,12660.0,12744.0,12461.0,12520.0,12262.79,325292
2025-06-11,12470.0,12560.0,12427.0,12452.0,12196.18,306061
2025-06-12,12459.0,12490.0,12307.0,12390.0,12135.46,347339
2025-06-13,12200.0,12425.0,12176.0,12408.0,12153.09,385493
2025-06-16,12404.0,12567.0,12336.0,12530.0,12272.58,184242
2025-06-17,12529.0,12615.0,12470.0,12595.0,12336.25,226597
2025-06-18,12620.0,12880.0,12550.0,12748.0,12486.1,467738
2025-06-19,12750.0,12825.0,12714.0,12806.0,12542.91,339117
2025-06-20,12809.0,12890.0,12728.0,12791.0,12528.22,652128
2025-06-23,12771.0,12786.0,12666.0,12699.0,12438.11,192037
2025-06-24,12830.0,12855.0,12553.0,12611.0,12351.92,332717
2025-06-25,12684.0,12807.0,12617.0,12767.0,12504.71,316536
2025-06-26,12780.0,12848.0,12689.0,12715.0,12453.78,354735
2025-06-27,12750.0,12799.0,12621.0,12642.0,12382.28,346403
2025-06-30,12667.0,12675.0,12332.0,12400.0,12145.25,448956
2025-07-01,12450.0,12459.0,12320.0,12442.0,12186.39,283481
2025-07-02,12380.0,12643.0,12359.0,12622.0,12362.69,609735
2025-07-03,12630.0,12820.0,12590.0,12752.0,12490.02,606221
2025-07-04,12715.0,12748.0,12608.0,12646.0,12386.2,225607
2025-07-07,12647.0,12670.0,12471.0,12520.0,12262.79,220116
2025-07-08,12525.0,12555.0,12359.0,12414.0,12158.96,241050
2025-07-09,12435.0,12540.0,12430.0,12470.0,12213.81,174203
2025-07-10,12500.0,12670.0,12401.0,12650.0,12390.12,277325
2025-07-11,12640.0,12685.0,12521.0,12574.0,12315.68,194420
2025-07-14,12590.0,12616.0,12431.0,12514.0,12256.91,246737
2025-07-15,12481.0,12598.0,12481.0,12536.0,12278.46,147377
2025-07-16,12536.0,12571.0,12439.0,12564.0,12305.88,204480
2025-07-17,12569.0,12627.0,12463.0,12476.0,12219.69,189207
2025-07-18,12525.0,12527.0,12370.0,12419.0,12163.86,124068
2025-07-21,12431.0,12478.0,12342.0,12405.0,12150.15,232066
2025-07-22,12449.0,12530.0,12319.0,12492.0,12235.36,169006
2025-07-23,12540.0,12719.0,12540.0,12627.0,12367.59,342005
2025-07-24,12648.0,12661.0,12519.0,12557.0,12299.03,157163
2025-07-25,12545.0,12557.0,12357.0,12404.0,12149.17,260700
2025-07-28,12371.0,12535.0,12302.0,12340.0,12086.48,292879
2025-07-29,12340.0,12507.0,12268.0,12469.0,12212.83,285115
2025-07-30,12431.0,12643.0,12420.0,12618.0,12358.77,203847
2025-07-31,12506.0,12760.0,12464.0,12608.0,12348.98,709783
2025-08-01,12521.0,12779.0,12273.0,12302.0,12179.68,346024
2025-08-04,12326.0,12425.0,12225.0,12365.0,12242.05,255693
2025-08-05,12400.0,12577.0,12370.0,12537.0,12412.34,233560
2025-08-06,12570.0,12619.0,12483.0,12524.0,12399.47,151608
2025-08-07,12525.0,12654.0,12429.0,12632.0,12506.4,173393
2025-08-08,12630.0,12725.0,12564.0,12590.0,12464.82,247048
2025-08-11,12585.0,12734.0,12482.0,12597.0,12471.75,187230
2025-08-12,12620.0,12959.0,12606.0,12840.0,12712.33,504476
2025-08-13,12840.0,12925.0,12752.0,12834.0,12706.39,252065
2025-08-14,12864.0,12956.0,12825.0,12936.0,12807.38,318580
2025-08-18,13703.0,14125.0,13664.0,14068.0,13928.12,2154781
2025-08-19,14070.0,14270.0,13979.0,14250.0,14108.31,906623
2025-08-20,14362.0,14362.0,14200.0,14221.0,14079.6,391425
2025-08-21,14219.0,14401.0,14156.0,14280.0,14138.01,513460
2025-08-22,14349.0,14370.0,14230.0,14349.0,14206.33,458935
2025-08-25,14401.0,14478.0,14280.0,14452.0,14308.3,357110
2025-08-26,14452.0,14825.0,14391.0,14714.0,14567.7,962974
2025-08-28,14895.0,14895.0,14625.0,14752.0,14605.32,666635
2025-08-29,14750.0,14850.0,14692.0,14791.0,14643.93,621560
2025-09-01,14790.0,14938.0,14654.0,14887.0,14738.98,572927
2025-09-02,14859.0,14934.0,14783.0,14842.0,14694.42,379167
2025-09-03,14875.0,14991.0,14750.0,14927.0,14778.58,561656
2025-09-04,15240.0,15240.0,14630.0,14662.0,14516.21,784369
2025-09-05,14740.0,14957.0,14701.0,14895.0,14746.9,473806
2025-09-08,14921.0,15319.0,14850.0,15258.0,15106.29,691077
2025-09-09,15249.0,15384.0,15201.0,15365.0,15212.22,605860
2025-09-10,15366.0,15384.0,15072.0,15108.0,14957.78,489062
2025-09-11,15111.0,15191.0,15038.0,15095.0,14944.91,657161
2025-09-12,15160.0,15373.0,15153.0,15325.0,15172.62,420101
2025-09-15,15350.0,15378.0,15249.0,15265.0,15113.22,170587
2025-09-16,15300.0,15594.0,15284.0,15573.0,15418.15,381944
2025-09-17,15592.0,15818.0,15570.0,15801.0,15643.89,624986
2025-09-18,15916.0,15939.0,15703.0,15817.0,15659.73,642175
2025-09-19,16000.0,16060.0,15811.0,15864.0,15706.26,652443
2025-09-22,15879.0,16000.0,15779.0,15816.0,15658.74,302234
2025-09-23,16120.0,16325.0,16031.0,16097.0,15936.94,873114
2025-09-24,16188.0,16375.0,16063.0,16249.0,16087.43,663647
2025-09-25,16249.0,16370.0,16067.0,16269.0,16107.23,490262
2025-09-26,16235.0,16435.0,16202.0,16286.0,16124.07,490957
2025-09-29,16300.0,16340.0,15950.0,15984.0,15825.07,627326
2025-09-30,15985.0,16054.0,15921.0,16029.0,15869.62,390006
2025-10-01,16026.0,16109.0,15850.0,15965.0,15806.26,426075
2025-10-03,15949.0,16025.0,15736.0,15806.0,15648.84,470216
2025-10-06,15840.0,16057.0,15708.0,15998.0,15838.93,268497
2025-10-07,16014.0,16159.0,15977.0,16108.0,15947.83,330326
2025-10-08,16108.0,16236.0,15979.0,16012.0,15852.79,306518
2025-10-09,16070.0,16075.0,15853.0,15985.0,15826.06,300499
2025-10-10,15980.0,16315.0,15911.0,16265.0,16103.27,423031
2025-10-13,16264.0,16432.0,16218.0,16323.0,16160.7,337617
2025-10-14,16350.0,16350.0,16121.0,16261.0,16099.31,307925
2025-10-15,16300.0,16380.0,16200.0,16212.0,16050.8,266435
2025-10-16,16246.0,16332.0,16200.0,16298.0,16135.95,265727
2025-10-17,16298.0,16549.0,16298.0,16401.0,16237.92,411608
2025-10-20,16500.0,16518.0,16380.0,16424.0,16260.69,374246
2025-10-21,16453.0,16476.0,16330.0,16396.0,16232.97,28990
2025-10-23,16660.0,16660.0,16340.0,16393.0,16230.0,481753
2025-10-24,16392.0,16423.0,16200.0,16274.0,16112.18,208520
2025-10-27,16350.0,16410.0,16275.0,16388.0,16225.05,209829
2025-10-28,16399.0,16495.0,16261.0,16311.0,16148.82,383383
2025-10-29,16360.0,16428.0,16046.0,16138.0,15977.54,232815
2025-10-30,16190.0,16275.0,16077.0,16206.0,16044.86,230383
2025-10-31,16204.0,16516.0,15949.0,16186.0,16025.06,719402
2025-11-03,16016.0,16100.0,15530.0,15651.0,15495.38,942850
2025-11-04,15607.0,15633.0,15355.0,15374.0,15221.13,748848
2025-11-06,15534.0,15534.0,15309.0,15452.0,15298.36,429800
2025-11-07,15459.0,15499.0,15260.0,15479.0,15325.09,227247
2025-11-10,15380.0,15647.0,15380.0,15583.0,15428.06,274191
2025-11-11,15640.0,15680.0,15512.0,15645.0,15489.44,181524
2025-11-12,15674.0,15731.0,15555.0,15696.0,15539.93,244015
2025-11-13,15661.0,15800.0,15660.0,15749.0,15592.4,250711
2025-11-14,15725.0,15735.0,15572.0,15684.0,15528.05,253698
2025-11-17,15689.0,15892.0,15655.0,15878.0,15720.12,301069
2025-11-18,15878.0,15999.0,15750.0,15930.0,15771.61,392903
2025-11-19,15950.0,15950.0,15715.0,15768.0,15611.22,286434
2025-11-20,15810.0,15823.0,15618.0,15801.0,15643.89,249492
2025-11-21,15790.0,16150.0,15737.0,15977.0,15818.14,586351
2025-11-24,16005.0,16085.0,15911.0,15958.0,15799.33,525788
2025-11-25,15958.0,16050.0,15842.0,15889.0,15731.01,214525
2025-11-26,15950.0,16210.0,15950.0,16156.0,15995.36,314946
2025-11-27,16166.0,16171.0,15875.0,15903.0,15744.87,339986
2025-11-28,15906.0,16049.0,15850.0,15900.0,15741.9,352340
2025-12-01,15975.0,16177.0,15851.0,16097.0,15936.94,434052
2025-12-02,16127.0,16261.0,16095.0,16239.0,16077.53,383165
2025-12-03,16219.0,16248.0,16010.0,16082.0,15922.09,264397
2025-12-04,16058.0,16135.0,15887.0,15994.0,15834.97,248812
2025-12-05,16000.0,16338.0,15979.0,16282.0,16120.11,332032
2025-12-08,16200.0,16256.0,16094.0,16187.0,16026.05,220513
2025-12-09,16051.0,16226.0,15985.0,16020.0,15860.71,276388
2025-12-10,16090.0,16125.0,15925.0,16019.0,15859.72,293374
2025-12-11,16049.0,16296.0,15983.0,16248.0,16086.44,268701
2025-12-12,16248.0,16536.0,16247.0,16522.0,16357.72,404711
2025-12-15,16500.0,16500.0,16360.0,16415.0,16251.78,225221
2025-12-16,16400.0,16451.0,16320.0,16354.0,16191.39,156134
2025-12-17,16389.0,16490.0,16357.0,16398.0,16234.95,257406
2025-12-18,16440.0,16486.0,16221.0,16329.0,16166.64,213981
2025-12-19,16329.0,16475.0,16329.0,16414.0,16250.79,360190
2025-12-22,16464.0,16693.0,16414.0,16649.0,16483.46,271590
2025-12-23,16709.0,16720.0,16558.0,16585.0,16420.09,215650
2025-12-24,16640.0,16720.0,16542.0,16703.0,16536.92,258486
2025-12-26,16703.0,16703.0,16516.0,16596.0,16430.98,212925
2025-12-29,16600.0,16682.0,16499.0,16542.0,16377.52,251796
2025-12-30,16575.0,16818.0,16482.0,16647.0,16481.48,1055843
2025-12-31,16581.0,16776.0,16581.0,16697.0,16530.98,314427
2026-01-01,16700.0,16798.0,16602.0,16708.0,16541.87,171293
2026-01-02,16750.0,16999.0,16723.0,16960.0,16791.36,388562
2026-01-05,17025.0,17370.0,16980.0,17155.0,16984.42,305668
2026-01-06,17170.0,17306.0,17142.0,17292.0,17120.06,192182
2026-01-07,17230.0,17249.0,16524.0,16809.0,16641.87,427979
2026-01-08,16808.0,16808.0,16541.0,16664.0,16498.31,238421
2026-01-09,16663.0,16704.0,16417.0,16501.0,16336.93,286302
2026-01-12,16456.0,16615.0,16271.0,16582.0,16417.12,288686
2026-01-13,16662.0,16726.0,16293.0,16426.0,16262.67,312205
2026-01-14,16390.0,16412.0,16090.0,16152.0,15991.4,240043
2026-01-15,16152.0,16152.0,16152.0,16152.0,15991.4,0
2026-01-16,16000.0,16197.0,15770.0,15859.0,15701.31,703056
2026-01-19,15859.0,16242.0,15813.0,16176.0,16015.16,385141
2026-01-20,16200.0,16233.0,15850.0,15879.0,15721.11,289609
2026-01-21,15675.0,15973.0,15675.0,15770.0,15613.2,345738
2026-01-22,15950.0,15971.0,15714.0,15765.0,15608.25,352320
2026-01-23,15819.0,15846.0,15439.0,15469.0,15315.19,338669
2026-01-27,15300.0,15387.0,15013.0,15245.0,15093.42,565768
2026-01-28,15161.0,15294.0,14431.0,14877.0,14729.08,1584483
2026-01-29,14870.0,14870.0,14353.0,14502.0,14357.8,716545
2026-01-30,14502.0,14679.0,14300.0,14599.0,14453.84,946509
2026-02-02,14251.0,14446.0,14058.0,14384.0,14240.98,621514
2026-02-03,15200.0,15281.0,14482.0,14782.0,14635.02,638870
2026-02-04,14800.0,15170.0,14723.0,15071.0,14921.15,451065
2026-02-05,15090.0,15150.0,14900.0,15059.0,14909.27,374759
2026-02-06,15084.0,15118.0,14871.0,14997.0,14847.88,276529
2026-02-09,15125.0,15126.0,14905.0,14978.0,14829.07,200034
2026-02-10,14999.0,15349.0,14983.0,15146.0,14995.4,360240
2026-02-11,15180.0,15432.0,15174.0,15412.0,15258.76,360742
2026-02-12,15459.0,15459.0,15265.0,15326.0,15173.61,201895
2026-02-13,15309.0,15434.0,15190.0,15237.0,15085.5,208645
2026-02-16,15237.0,15299.0,14960.0,15051.0,14901.34,210175
2026-02-17,15031.0,15211.0,14960.0,15179.0,15028.07,166765
2026-02-18,15208.0,15239.0,15074.0,15164.0,15013.22,280772
2026-02-19,15163.0,15279.0,14853.0,14903.0,14754.82,152788
2026-02-20,14903.0,15077.0,14848.0,14977.0,14828.08,515847
2026-02-23,15050.0,15118.0,14984.0,15072.0,14922.14,242968
2026-02-24,15001.0,15062.0,14904.0,14926.0,14777.59,300991
2026-02-25,14860.0,15133.0,14837.0,15070.0,14920.16,356495
2026-02-26,15145.0,15224.0,15046.0,15213.0,15061.73,308213
2026-02-27,15110.0,15192.0,14804.0,14857.0,14709.27,478164
2026-03-02,14407.0,14684.0,14204.0,14388.0,14244.94,603744
2026-03-04,14150.0,14184.0,13794.0,14158.0,14017.22,710366
2026-03-05,14300.0,14570.0,14081.0,14415.0,14271.67,448650
2026-03-06,14339.0,14466.0,14115.0,14159.0,14018.21,390629
2026-03-09,13800.0,13800.0,13365.0,13508.0,13373.69,676224
2026-03-10,13721.0,13909.0,13505.0,13867.0,13729.12,353715
2026-03-11,13850.0,13948.0,13441.0,13497.0,13362.8,392182
2026-03-12,13430.0,13430.0,12966.0,13011.0,12881.63,544683
2026-03-13,12899.0,12962.0,12483.0,12591.0,12465.81,939594
2026-03-16,12532.0,12874.0,12400.0,12757.0,12630.15,1416170
2026-03-17,12790.0,13100.0,12686.0,12972.0,12843.02,1178941
2026-03-18,13100.0,13176.0,13015.0,13048.0,12918.26,458827
2026-03-19,12768.0,12838.0,12505.0,12599.0,12473.73,569346
2026-03-20,12605.0,12756.0,12556.0,12601.0,12475.71,725481
2026-03-23,12501.0,12501.0,12278.0,12355.0,12232.15,517985
2026-03-24,12600.0,12650.0,12332.0,12464.0,12340.07,583568
2026-03-25,12549.0,12780.0,12506.0,12711.0,12584.61,540649
2026-03-27,12626.0,12646.0,12342.0,12389.0,12265.81,775339
2026-03-30,12300.0,12424.0,12201.0,12306.0,12183.64,635675
2026-04-01,12900.0,12900.0,12333.0,12509.0,12384.62,501882
2026-04-02,12389.0,12673.0,12239.0,12631.0,12505.41,438227
2026-04-06,12631.0,12720.0,12420.0,12688.0,12561.84,382650
2026-04-07,12640.0,12835.0,12496.0,12798.0,12670.75,359542
2026-04-08,13350.0,13745.0,13210.0,13602.0,13466.75,1026292
2026-04-09,13570.0,13773.0,13330.0,13589.0,13453.88,549914
2026-04-10,13650.0,13797.0,13590.0,13709.0,13572.69,471921
2026-04-13,13402.0,13420.0,12966.0,13076.0,12945.98,1347910
2026-04-15,13250.0,13473.0,13200.0,13289.0,13156.87,699458
2026-04-16,13380.0,13435.0,13237.0,13335.0,13202.41,527309
2026-04-17,13300.0,13647.0,13256.0,13453.0,13319.23,549308
2026-04-20,13474.0,13533.0,13329.0,13450.0,13316.26,348629
2026-04-21,13456.0,13543.0,13421.0,13461.0,13327.15,292879
2026-04-22,13452.0,13530.0,13300.0,13337.0,13204.39,434640
2026-04-23,13250.0,13358.0,13125.0,13160.0,13029.15,541086
2026-04-24,13200.0,13253.0,12978.0,13048.0,12918.26,464098
2026-04-27,13153.0,13270.0,13043.0,13222.0,13090.53,312786
2026-04-28,13222.0,13307.0,12828.0,12892.0,12763.81,836679
2026-04-29,13090.0,13548.0,13090.0,13257.0,13125.18,754798
2026-04-30,13134.0,13360.0,12970.0,13314.0,13181.62,612975
2026-05-01,13314.0,13314.0,13314.0,13314.0,13181.62,0
2026-05-04,13559.0,13976.0,13435.0,13580.0,13444.97,722127
2026-05-05,13560.0,13568.0,13360.0,13426.0,13292.5,419490
2026-05-06,13555.0,13762.0,13379.0,13722.0,13585.56,435208
2026-05-07,13722.0,13870.0,13672.0,13770.0,13633.08,726199
2026-05-08,13672.0,13789.0,13626.0,13726.0,13589.52,270505
2026-05-11,13547.0,13657.0,13231.0,13483.0,13348.94,634354
2026-05-12,13442.0,13455.0,13150.0,13172.0,13041.03,302512
2026-05-13,13187.0,13285.0,12986.0,13103.0,12972.71,307027
2026-05-14,13234.0,13234.0,12926.0,13075.0,12944.99,286648
2026-05-15,13079.0,13325.0,13079.0,13221.0,13089.54,268206
2026-05-18,13127.0,13139.0,12850.0,13016.0,12886.58,373184
2026-05-19,13034.0,13104.0,12900.0,12956.0,12827.18,342737
2026-05-20,12850.0,13072.0,12753.0,13003.0,12873.71,300695
2026-05-21,13103.0,13150.0,12933.0,13010.0,12880.64,213095
2026-05-22,13100.0,13152.0,12974.0,12987.0,12857.87,387975
2026-05-25,13145.0,13236.0,13101.0,13170.0,13039.05,276553
2026-05-26,13188.0,13329.0,13134.0,13208.0,13076.67,256901
2026-05-27,13208.0,13417.0,13102.0,13364.0,13231.12,322020
2026-05-28,13364.0,13364.0,13364.0,13364.0,13231.12,0
2026-05-29,13456.0,13508.0,13050.0,13127.0,12996.48,963291
2026-06-01,13200.0,13267.0,12913.0,12946.0,12817.28,295359
2026-06-02,12700.0,13051.0,12700.0,13022.0,12892.52,586599
2026-06-03,13014.0,13206.0,12911.0,13044.0,12914.3,607808
2026-06-04,12990.0,13264.0,12949.0,13064.0,12934.1,465070
2026-06-05,13151.0,13175.0,12915.0,13050.0,12920.24,295703
2026-06-08,12900.0,13029.0,12841.0,12912.0,12783.61,372902
2026-06-09,13079.0,13157.0,12851.0,13120.0,12989.54,428323
2026-06-10,13118.0,13205.0,13050.0,13073.0,12943.01,203885
2026-06-11,13070.0,13217.0,12968.0,13098.0,12967.76,308710
2026-06-12,13232.0,13418.0,13130.0,13366.0,13233.1,559038
2026-06-15,13550.0,13961.0,13520.0,13805.0,13667.73,613280
2026-06-16,13861.0,13874.0,13661.0,13691.0,13554.87,280511
2026-06-17,13700.0,13740.0,13560.0,13630.0,13494.47,241534
2026-06-18,13646.0,13714.0,13433.0,13484.0,13349.93,373512
2026-06-19,13484.0,13507.0,13353.0,13395.0,13261.81,719756
2026-06-22,13450.0,13495.0,13380.0,13421.0,13287.55,254533
2026-06-23,13420.0,13549.0,13236.0,13451.0,13317.25,398558
2026-06-24,13440.0,13440.0,13201.0,13248.0,13116.27,327495
2026-06-25,13358.0,13917.0,13326.0,13745.0,13608.33,981556
2026-06-26,13745.0,13745.0,13745.0,13745.0,13608.33,0
2026-06-29,13740.0,13840.0,13371.0,13412.0,13278.64,1358592
2026-06-30,13744.0,14201.0,13510.0,14115.0,13974.65,1511415
2026-07-01,14151.0,14549.0,14070.0,14395.0,14251.87,1397790
2026-07-02,14431.0,14490.0,14275.0,14348.0,14205.33,327088
2026-07-03,14450.0,14520.0,14333.0,14366.0,14223.16,384188
2026-07-06,14348.0,14526.0,14291.0,14456.0,14312.26,214686
2026-07-07,14463.0,14598.0,14414.0,14538.0,14393.45,524759
2026-07-08,14475.0,14500.0,13880.0,13951.0,13812.28,481076
2026-07-09,14000.0,14037.0,13700.0,13728.0,13591.5,576451
2026-07-10,13800.0,13987.0,13776.0,13854.0,13716.25,430154
2026-07-13,13682.0,13841.0,13536.0,13695.0,13558.83,458633
2026-07-14,13619.0,13690.0,13470.0,13489.0,13354.88,368645
2026-07-15,13503.0,13606.0,13435.0,13583.0,13447.94,456369
2026-07-16,13605.0,13845.0,13584.0,13783.0,13645.95,356847
2026-07-17,13750.0,13885.0,13700.0,13803.0,13665.75,237330
2026-07-20,13824.0,13832.0,13377.0,13514.0,13379.63,517730
2026-07-21,13520.0,13655.0,13348.0,13597.0,13461.8,341101
2026-07-22,13596.0,13719.0,13491.0,13545.0,13410.32,299404
2026-07-23,13541.0,13568.0,13372.0,13403.0,13269.73,327912
2026-07-24,13340.0,13495.0,13197.0,13442.0,13308.34,223369
2026-07-27,13579.0,13760.0,13501.0,13730.0,13593.48,333477
2026-07-28,13729.0,13848.0,13669.0,13802.0,13664.76,481068
2026-07-29,13780.0,13980.0,13720.0,13948.0,13809.31,515674
2026-07-30,13939.0,14250.0,13825.0,14188.0,14046.93,626000
2026-07-31,14250.0,14348.0,14124.0,14234.0,14092.47,535417
2026-08-03,14300.0,14440.0,13901.0,14150.0,14009.3,961183
2026-08-04,14124.0,14254.0,14015.0,14168.0,14027.12,619717
2026-08-05,14240.0,14249.0,14089.0,14190.0,14048.91,312540
2026-08-06,14181.0,14181.0,13985.0,14080.0,13940.0,333510
2026-08-07,13811.0,14038.0,13811.0,14037.0,14037.0,324104
2026-08-10,14039.0,14119.0,13954.0,14097.0,14097.0,299446
2026-08-11,14120.0,14175.0,13980.0,13990.0,13990.0,334931
2026-08-12,13990.0,14067.0,13875.0,13875.0,13875.0,354408
2026-08-13,13884.0,13938.0,13825.0,13905.0,13905.0,220061
2026-08-14,13905.0,13943.0,13760.0,13834.0,13834.0,216810
2026-08-17,13834.0,13920.0,13760.0,13760.0,13760.0,177071
2026-08-18,13762.0,13890.0,13691.0,13691.0,13691.0,267433
2026-08-19,13744.0,13745.0,13628.0,13690.0,13690.0,175646
2026-08-20,13758.0,13826.0,13681.0,13809.0,13809.0,186272
2026-08-21,13809.0,13809.0,13565.0,13565.0,13565.0,224951
2026-08-24,13623.0,13694.0,13505.0,13620.0,13620.0,230499
2026-08-25,13609.0,13678.0,13450.0,13678.0,13678.0,296429
2026-08-26,13750.0,13750.0,13514.0,13520.0,13520.0,197113
2026-08-27,13520.0,13580.0,13404.0,13440.0,13440.0,315555
2026-08-28,13500.0,13525.0,13318.0,13376.0,13376.0,277509
2026-08-31,13375.0,13547.0,13268.0,13547.0,13547.0,443131
2026-09-01,13540.0,13540.0,12851.0,12950.0,12950.0,915975
2026-09-02,12763.0,12888.0,12640.0,12849.0,12849.0,614156
2026-09-03,12853.0,12927.0,12780.0,12857.0,12857.0,362982
2026-09-04,12880.0,12880.0,12656.0,12694.0,12694.0,322752
2026-09-07,12691.0,12833.0,12618.0,12760.0,12760.0,413778
2026-09-08,12758.0,12758.0,12582.0,12641.0,12641.0,356860
2026-09-09,12609.0,12692.0,12537.0,12618.0,12618.0,534832
2026-09-10,12679.0,12693.0,12517.0,12590.0,12590.0,338613
2026-09-11,12520.0,12541.0,12381.0,12400.0,12400.0,514868
2026-09-14,12400.0,12400.0,12400.0,12400.0,12400.0,0
2026-09-15,12470.0,12470.0,12231.0,12231.0,12231.0,286167
2026-09-16,12231.0,12367.0,12159.0,12166.0,12166.0,312876
2026-09-17,12165.0,12409.0,12127.0,12338.0,12338.0,249064
2026-09-18,12350.0,12458.0,12103.0,12103.0,12103.0,659773
2026-09-21,12129.0,12229.0,12129.0,12153.0,12153.0,339171
2026-09-22,12155.0,12275.0,12142.0,12190.0,12190.0,246724
2026-09-23,12240.0,12255.0,12106.0,12230.0,12230.0,220483
2026-09-24,12180.0,12184.0,11975.0,11990.0,11990.0,393665
2026-09-25,11997.0,12098.0,11975.0,12065.0,12065.0,283642
2026-09-28,12065.0,12116.0,11944.0,12008.0,12008.0,301830
2026-09-29,12046.0,12046.0,11831.0,11877.0,11877.0,519770
2026-09-30,11901.0,12065.0,11879.0,11967.0,11967.0,430286
2026-10-01,11900.0,11907.0,11305.0,11386.0,11386.0,885820
