date,open,high,low,close,adj_close,volume
2011-01-03,243.44,243.78,240.61,241.29,215.14,10411256
2011-01-04,242.3,246.85,241.68,246.21,219.52,22021878
2011-01-05,246.87,249.16,244.58,245.91,219.26,25943243
2011-01-06,246.41,249.48,245.62,248.15,221.26,21763180
2011-01-07,247.17,248.64,241.84,243.53,217.14,17875107
2011-01-10,243.53,244.69,233.43,236.23,210.63,18478415
2011-01-11,237.73,239.72,228.26,231.73,206.61,21147094
2011-01-12,233.3,236.73,229.27,235.62,210.09,23195000
2011-01-13,235.44,237.53,231.12,232.09,206.94,24336418
2011-01-14,231.79,235.39,228.13,228.93,204.11,19111808
2011-01-17,229.27,230.41,226.77,228.1,203.38,14046519
2011-01-18,229.69,230.41,226.3,227.41,202.76,14871527
2011-01-19,228.49,229.73,222.87,224.05,199.76,23491557
2011-01-20,223.46,223.46,218.19,221.69,197.66,41343304
2011-01-21,222.87,226.87,222.41,225.57,201.12,19528676
2011-01-24,227.46,227.65,220.38,222.09,198.02,22242712
2011-01-25,223.35,225.14,218.58,219.1,195.35,20325555
2011-01-27,220.81,221.13,214.87,215.49,192.13,28105152
2011-01-28,216.01,216.22,206.18,208.7,186.08,33855702
2011-01-31,207.75,212.32,206.43,210.14,187.36,25332450
2011-02-01,211.46,212.06,203.11,204.7,182.51,37898873
2011-02-02,208.01,212.1,207.39,210.59,187.77,28465716
2011-02-03,212.13,216.58,209.15,215.76,192.38,17047728
2011-02-04,216.56,216.56,208.73,210.3,187.5,20715343
2011-02-07,211.6,214.59,209.02,212.37,189.35,14586353
2011-02-08,213.89,213.89,208.3,209.21,186.54,19685333
2011-02-09,207.64,214.23,206.56,208.99,186.34,38228022
2011-02-10,208.58,210.48,202.32,205.64,183.36,28347803
2011-02-11,205.71,209.15,202.99,208.0,185.46,20012347
2011-02-14,207.12,209.9,204.38,209.11,186.44,30145949
2011-02-15,209.02,215.97,208.31,215.26,191.93,27266420
2011-02-16,214.48,217.34,214.43,215.82,192.43,11041551
2011-02-17,216.66,218.4,214.01,218.06,194.42,14091434
2011-02-18,218.54,220.13,213.04,213.85,190.67,15747939
2011-02-21,213.98,219.65,213.54,218.61,194.91,25629860
2011-02-22,226.75,230.73,223.84,225.12,200.72,88922943
2011-02-23,225.47,229.11,225.15,227.59,202.92,31184499
2011-02-24,227.67,228.26,219.06,220.4,196.51,32903650
2011-02-25,224.17,224.53,218.19,220.87,196.93,15101417
2011-02-28,221.77,227.28,219.44,220.41,196.52,22487428
2011-03-01,222.57,226.91,221.09,226.03,201.54,12622459
2011-03-03,222.91,225.15,221.29,223.42,199.2,19518684
2011-03-04,225.07,227.39,223.58,224.51,200.18,15419957
2011-03-07,222.66,224.77,220.35,223.34,199.13,11821324
2011-03-08,223.55,226.85,223.55,225.14,200.74,12057689
2011-03-09,226.0,229.59,221.29,227.18,202.56,32473255
2011-03-10,226.91,226.98,224.47,225.1,200.7,9853822
2011-03-11,223.74,227.42,222.22,226.77,202.19,15000438
2011-03-14,226.97,233.33,226.81,232.78,207.55,28811267
2011-03-15,228.11,239.92,226.05,237.1,211.4,56447390
2011-03-16,238.87,241.16,237.29,239.35,213.41,20605120
2011-03-17,237.57,239.74,234.98,235.63,210.1,12381790
2011-03-18,236.58,236.58,225.52,226.98,202.38,40501886
2011-03-21,228.37,228.58,224.26,226.37,201.83,15546778
2011-03-22,226.99,229.7,226.79,228.5,203.74,9793572
2011-03-23,228.55,232.39,227.62,231.61,206.51,11419987
2011-03-24,232.22,233.6,229.46,230.94,205.91,11233928
2011-03-25,234.05,235.43,230.87,234.66,209.23,15392440
2011-03-28,234.58,236.89,231.85,234.46,209.05,19079527
2011-03-29,233.15,235.9,233.06,233.78,208.45,18101992
2011-03-30,234.87,237.16,234.09,236.01,210.43,12257428
2011-03-31,236.47,241.13,236.47,239.81,213.82,31502965
2011-04-01,239.8,243.65,235.67,236.9,211.23,18772571
2011-04-04,237.73,241.11,235.21,240.16,214.13,13111730
2011-04-05,240.58,242.07,237.73,239.48,213.52,10756797
2011-04-06,238.87,240.98,237.73,238.84,212.95,9083271
2011-04-07,238.88,239.45,236.61,238.16,212.35,10163661
2011-04-08,238.18,240.22,233.3,234.05,208.68,11995738
2011-04-11,231.55,233.03,229.42,229.79,204.89,11296579
2011-04-13,229.01,234.07,227.81,233.57,208.25,19116564
2011-04-15,232.85,234.26,229.73,233.37,208.08,14174275
2011-04-18,232.97,238.8,228.72,230.67,205.67,14793743
2011-04-19,229.66,232.57,228.3,231.25,206.18,12022958
2011-04-20,232.24,235.55,230.46,234.5,209.09,10315413
2011-04-21,236.54,238.69,235.44,237.86,212.08,14934401
2011-04-25,231.78,233.38,229.76,230.72,205.71,18138998
2011-04-26,230.64,230.64,228.02,228.85,204.04,17652410
2011-04-27,229.73,230.66,224.03,225.41,200.98,24710243
2011-04-28,226.75,226.98,221.73,222.27,198.18,35712321
2011-04-29,222.87,225.84,222.02,224.87,200.5,14936357
2011-05-02,224.9,225.57,219.74,220.53,196.62,13609544
2011-05-03,220.61,221.13,215.11,215.76,192.38,22028515
2011-05-04,216.01,218.7,214.87,216.62,193.14,11668233
2011-05-05,216.01,220.25,215.7,217.14,195.4,19582976
2011-05-06,217.84,219.44,216.95,218.31,196.44,12916462
2011-05-09,219.44,220.82,217.47,219.28,197.32,8012908
2011-05-10,219.28,220.33,216.37,217.33,195.56,8143376
2011-05-11,218.07,219.07,215.67,218.4,196.53,8197011
2011-05-12,217.5,218.24,215.1,216.13,194.48,9218985
2011-05-13,216.07,219.9,214.4,216.7,194.99,13906027
2011-05-16,217.15,217.47,215.22,216.01,194.38,7008149
2011-05-17,216.16,216.42,209.67,210.45,189.37,17384039
2011-05-18,210.3,211.18,205.35,206.15,185.5,24814804
2011-05-19,207.64,210.75,206.81,209.27,188.31,18072585
2011-05-20,209.94,211.62,208.08,211.03,189.89,13873483
2011-05-23,210.07,210.75,206.48,207.87,187.05,14836682
2011-05-24,207.1,210.5,207.1,209.33,188.36,11107409
2011-05-25,208.95,208.95,205.95,207.1,186.36,13112272
2011-05-26,208.61,214.15,208.26,213.46,192.08,30001792
2011-05-27,213.52,217.82,213.52,216.11,194.47,15134521
2011-05-30,216.91,217.84,213.55,214.61,193.11,7564463
2011-05-31,216.01,218.5,214.25,217.58,195.79,14083332
2011-06-01,217.61,219.13,215.7,216.42,194.75,8042814
2011-06-02,214.08,218.23,214.08,217.39,195.62,9418728
2011-06-03,219.55,221.04,212.93,213.63,192.24,19110238
2011-06-06,213.65,215.05,212.16,214.35,192.89,6149800
2011-06-07,213.39,219.44,213.39,219.04,197.1,17612490
2011-06-08,218.35,218.51,215.77,216.97,195.24,14205061
2011-06-09,216.58,218.95,216.47,218.07,196.23,9152117
2011-06-10,218.32,218.53,213.05,215.9,194.27,11068775
2011-06-13,215.61,215.61,210.53,211.58,190.39,12923374
2011-06-14,211.51,212.98,208.01,208.32,187.46,18967099
2011-06-15,208.47,210.05,205.4,205.85,185.23,20156715
2011-06-16,205.95,205.95,202.09,202.88,182.56,24969151
2011-06-17,203.74,204.19,197.77,198.58,178.69,22029696
2011-06-20,200.01,200.01,189.29,190.47,171.39,30300033
2011-06-21,191.99,195.44,191.39,193.99,174.56,17413744
2011-06-22,195.06,196.16,190.67,193.34,173.97,20107599
2011-06-23,193.51,199.48,193.36,198.98,179.05,20713868
2011-06-24,199.82,201.08,195.58,199.19,179.24,31670322
2011-06-27,198.11,201.56,197.0,199.22,179.27,14349371
2011-06-28,200.9,200.9,197.04,199.12,179.18,10219645
2011-06-29,200.17,202.98,199.35,202.35,182.09,12430639
2011-06-30,203.14,206.18,202.75,205.38,184.81,21744714
2011-07-01,207.32,207.32,195.83,197.03,177.29,28677893
2011-07-04,199.87,201.02,197.72,198.5,178.62,16499512
2011-07-05,198.71,198.71,192.92,193.37,174.0,33805768
2011-07-06,194.03,196.24,192.17,194.96,175.43,26877909
2011-07-07,196.12,199.99,195.5,199.03,179.09,20137982
2011-07-08,199.55,199.78,194.75,195.4,175.83,20937538
2011-07-11,195.21,196.57,193.61,195.05,175.52,9598807
2011-07-12,193.72,195.99,193.31,193.78,174.37,13066390
2011-07-13,194.99,198.8,194.55,197.83,178.01,17029770
2011-07-14,197.34,200.67,196.43,198.31,178.45,13312532
2011-07-15,198.34,200.24,197.72,199.6,179.61,10206245
2011-07-18,199.3,199.76,197.54,198.32,178.46,6582763
2011-07-19,198.3,201.47,197.95,201.03,180.89,9822813
2011-07-20,202.52,202.71,198.59,200.28,180.23,11180149
2011-07-21,200.23,200.23,196.02,196.78,177.07,7886175
2011-07-22,197.95,200.47,197.15,199.63,179.64,15303807
2011-07-25,203.9,203.9,200.96,201.8,181.59,21905216
2011-07-26,203.04,203.47,198.73,199.21,179.26,20462017
2011-07-27,200.01,200.01,196.39,196.78,177.07,13675826
2011-07-28,195.44,195.44,190.5,191.4,172.23,31299376
2011-07-29,192.01,193.67,188.16,189.26,170.3,21393442
2011-08-01,191.55,191.55,187.75,189.92,170.9,14242019
2011-08-02,189.16,191.76,187.1,191.39,172.22,16570663
2011-08-03,188.98,191.14,188.15,188.59,169.7,14085375
2011-08-04,189.27,190.1,185.16,185.69,167.09,13737415
2011-08-05,182.75,182.75,178.07,181.04,162.91,26222826
2011-08-08,177.54,182.04,175.32,178.44,160.57,22242669
2011-08-09,172.12,178.07,172.12,174.93,157.41,32649029
2011-08-10,179.52,180.58,174.87,176.64,158.95,17746463
2011-08-11,175.63,179.43,174.87,176.51,158.83,10890149
2011-08-12,178.98,178.98,173.27,173.93,156.51,17222470
2011-08-16,173.72,176.53,172.51,173.53,156.15,11286937
2011-08-17,173.84,177.01,171.67,172.58,155.3,13545843
2011-08-18,173.2,173.72,168.47,169.43,152.46,17126872
2011-08-19,167.11,168.92,164.88,167.45,150.68,20399978
2011-08-22,167.09,173.69,165.86,173.04,155.71,15542731
2011-08-23,173.8,176.47,170.87,174.92,157.4,17536780
2011-08-24,174.64,175.89,172.81,174.02,156.59,12987792
2011-08-25,174.09,175.78,171.49,172.24,154.99,21214238
2011-08-26,171.67,172.83,162.75,164.44,147.97,19501819
2011-08-29,167.12,173.7,166.49,172.59,155.31,18316877
2011-08-30,174.87,182.02,174.64,178.89,160.97,34217075
2011-09-02,182.11,186.0,180.45,184.11,165.67,34086257
2011-09-05,181.61,182.64,178.97,180.32,162.26,19981247
2011-09-06,179.03,188.7,177.49,187.78,168.97,31333473
2011-09-07,188.35,192.81,188.28,190.52,171.44,31438175
2011-09-08,190.52,196.35,186.18,194.86,175.34,35284258
2011-09-09,194.79,196.25,188.28,188.75,169.85,29564130
2011-09-12,185.23,188.0,181.78,184.31,165.85,18579499
2011-09-13,185.88,188.52,182.12,185.21,166.66,25400442
2011-09-14,186.04,189.67,184.06,188.67,169.78,20539026
2011-09-15,190.41,191.69,185.96,191.16,172.02,20407052
2011-09-16,194.3,194.3,187.67,188.73,169.83,26810791
2011-09-19,188.58,189.53,186.43,187.79,168.98,12796090
2011-09-20,188.12,195.2,186.59,194.71,175.21,18437927
2011-09-21,194.5,194.5,190.25,191.46,172.29,17030216
2011-09-22,188.34,189.24,178.29,179.75,161.74,27298045
2011-09-23,176.9,181.18,174.66,176.15,158.5,38513013
2011-09-26,175.83,176.17,170.88,173.54,156.16,27202137
2011-09-27,176.92,183.03,176.47,182.23,163.98,22046959
2011-09-28,182.81,184.31,180.37,182.23,163.98,25034598
2011-09-29,180.7,185.78,179.31,184.63,166.14,31511671
2011-09-30,183.67,188.1,181.15,184.78,166.27,34944185
2011-10-03,180.86,182.84,179.23,180.17,162.13,21109422
2011-10-04,179.21,180.76,174.92,176.37,158.71,26251892
2011-10-05,176.59,177.81,174.12,175.32,157.76,20734666
2011-10-07,179.83,184.7,179.41,183.53,165.15,19911027
2011-10-10,183.84,189.93,183.83,189.55,170.57,14846381
2011-10-11,190.87,192.33,188.01,189.04,170.11,15716423
2011-10-12,189.59,194.73,188.82,194.22,174.76,17269967
2011-10-13,194.3,196.12,192.49,193.59,174.2,18353721
2011-10-14,192.47,198.8,192.35,198.16,178.31,17871109
2011-10-17,198.18,198.6,189.99,190.59,171.5,22052401
2011-10-18,188.58,188.9,185.46,187.42,168.65,18299531
2011-10-19,188.7,193.15,188.38,192.7,173.4,11872557
2011-10-20,190.83,192.22,187.9,191.71,172.51,9971735
2011-10-21,192.01,194.11,189.98,191.04,171.91,10342733
2011-10-24,193.84,195.21,192.82,193.5,174.12,9081569
2011-10-25,195.44,201.37,192.5,200.23,180.17,22735907
2011-10-28,205.66,206.64,202.09,205.72,185.12,24528852
2011-10-31,205.27,205.56,199.45,200.59,180.5,15872042
2011-11-01,198.98,200.81,196.03,196.72,177.02,16384499
2011-11-02,195.44,201.37,195.44,199.28,179.32,13751121
2011-11-03,198.35,203.29,197.27,202.5,182.22,16042287
2011-11-04,206.87,206.87,199.47,201.14,181.0,18251373
2011-11-08,200.92,202.3,198.52,202.0,181.77,10120202
2011-11-09,203.45,204.04,196.84,197.71,177.91,11664515
2011-11-11,196.35,203.16,194.32,202.38,182.11,21739364
2011-11-14,203.76,204.81,199.55,200.4,180.33,15996247
2011-11-15,199.1,200.7,195.72,196.91,177.19,9897941
2011-11-16,196.38,196.38,191.4,193.86,174.45,13313254
2011-11-17,193.16,193.99,184.3,185.14,166.6,24227745
2011-11-18,182.94,185.6,179.89,184.72,166.22,21690327
2011-11-21,182.87,182.87,178.64,179.75,161.74,17715656
2011-11-22,180.15,183.88,179.8,181.77,163.56,19171804
2011-11-23,180.56,180.56,172.76,176.79,159.08,23710270
2011-11-24,177.15,177.84,172.16,176.73,159.03,27857321
2011-11-25,175.94,176.29,171.67,172.31,155.05,16185464
2011-11-28,174.87,179.62,174.31,179.16,161.22,11033484
2011-11-29,178.75,178.75,173.53,174.87,157.35,21013969
2011-11-30,172.97,179.05,172.15,177.89,160.08,19988986
2011-12-01,182.64,185.32,181.77,182.64,164.35,20626920
2011-12-02,182.18,186.3,179.79,185.62,167.03,19598467
2011-12-05,184.78,185.66,182.49,184.41,165.94,13827937
2011-12-07,184.47,187.32,183.6,185.11,166.57,15373615
2011-12-08,183.32,184.63,176.49,178.03,160.2,19435800
2011-12-09,175.99,175.99,172.05,172.74,155.44,22070197
2011-12-12,173.85,174.18,165.49,166.29,149.64,22298377
2011-12-13,165.47,170.52,164.81,169.68,152.68,22873371
2011-12-14,168.69,172.33,167.64,169.59,152.6,23206895
2011-12-15,167.3,172.47,165.38,171.47,154.3,28922246
2011-12-16,171.21,193.06,163.68,165.0,148.48,25499308
2011-12-19,164.4,169.13,163.47,168.08,151.24,20623197
2011-12-20,169.54,169.54,162.11,163.08,146.75,24282464
2011-12-21,166.18,172.29,165.2,170.98,153.86,19963870
2011-12-22,169.46,173.79,167.55,172.48,155.2,19571514
2011-12-23,173.72,175.95,169.7,170.61,153.53,15360163
2011-12-26,170.76,174.82,170.42,173.95,156.53,10396517
2011-12-27,175.09,175.71,170.37,172.13,154.9,13449406
2011-12-28,173.2,173.38,168.09,168.93,152.02,12376536
2011-12-29,167.7,168.92,161.65,162.73,146.43,23840441
2011-12-30,162.98,164.71,157.49,158.4,142.53,29146195
2012-01-02,159.28,162.24,157.07,161.51,145.33,18808107
2012-01-03,162.81,166.16,162.37,165.64,149.05,20489219
2012-01-04,166.27,167.08,163.06,163.7,147.31,18541902
2012-01-05,163.44,165.71,158.66,159.89,143.88,28959200
2012-01-06,159.33,165.49,159.24,164.02,147.59,20575210
2012-01-09,163.31,163.31,160.57,161.44,145.27,18386646
2012-01-10,162.75,168.92,162.75,168.28,151.43,19720278
2012-01-11,168.67,172.12,167.21,171.04,153.91,21183286
2012-01-12,170.87,172.11,167.46,168.44,151.57,14225123
2012-01-13,169.61,171.65,166.43,167.28,150.52,20530513
2012-01-16,166.85,166.85,162.52,162.97,146.65,17794345
2012-01-17,163.67,170.16,163.67,169.62,152.63,22738488
2012-01-18,174.18,180.1,173.28,178.24,160.39,40461227
2012-01-19,180.35,181.94,178.77,179.59,161.6,23989114
2012-01-20,180.58,182.87,176.48,181.19,163.04,31725274
2012-01-23,172.65,178.24,172.63,176.36,158.7,28250482
2012-01-24,177.06,180.95,176.1,179.15,161.21,22291662
2012-01-25,180.28,181.72,178.93,180.8,162.69,16786908
2012-01-27,182.87,189.24,182.64,187.53,168.75,24347771
2012-01-30,186.04,187.18,181.08,181.67,163.47,21126187
2012-01-31,183.9,187.62,183.19,186.78,168.07,27405612
2012-02-01,187.19,190.64,186.52,190.0,170.97,16522676
2012-02-02,190.87,192.63,188.39,189.55,170.57,21445055
2012-02-03,189.72,192.01,186.44,191.62,172.43,19989261
2012-02-06,193.36,194.18,188.38,190.41,171.34,17430906
2012-02-07,192.47,194.91,190.7,193.05,173.72,21068816
2012-02-08,193.61,197.66,193.15,196.22,176.56,15957543
2012-02-09,195.84,196.56,192.6,195.18,175.63,18851741
2012-02-10,194.38,196.35,191.55,192.75,173.45,14952871
2012-02-13,192.26,196.31,192.24,194.12,174.68,15284147
2012-02-14,193.59,195.76,192.7,194.04,174.61,13711512
2012-02-15,195.26,195.61,190.42,191.24,172.09,31421021
2012-02-16,189.95,189.95,183.94,185.71,167.11,27747347
2012-02-17,187.91,188.9,185.2,187.03,168.3,35922700
2012-02-21,186.87,194.01,186.32,192.82,173.51,36457910
2012-02-22,193.84,195.99,189.75,190.5,171.42,25146771
2012-02-23,190.18,194.27,188.95,191.92,172.7,19105924
2012-02-24,190.52,192.4,186.18,187.43,168.66,18746068
2012-02-27,187.85,188.72,174.95,178.63,160.74,27772012
2012-02-28,180.36,182.95,180.05,182.07,163.83,23140014
2012-02-29,184.02,189.24,183.82,187.61,168.82,27846970
2012-03-01,185.56,187.14,183.12,185.37,166.8,12960682
2012-03-02,186.58,186.98,184.18,186.09,167.45,12687228
2012-03-05,185.62,186.07,181.55,182.3,164.04,13074509
2012-03-06,182.18,184.92,176.92,177.51,159.73,35129404
2012-03-07,177.51,177.72,171.67,174.13,156.69,28202989
2012-03-09,177.22,178.2,175.83,176.88,159.16,17249418
2012-03-12,180.58,183.55,178.23,182.54,164.25,15041933
2012-03-13,183.66,187.88,183.62,187.43,168.66,16117008
2012-03-14,189.27,189.72,184.4,186.18,167.53,17623820
2012-03-15,186.98,187.71,181.36,182.1,163.86,20258209
2012-03-16,178.29,182.34,175.4,176.55,158.86,25168501
2012-03-19,178.52,178.98,171.69,172.6,155.32,15978638
2012-03-20,172.83,175.19,171.51,173.85,156.44,10455362
2012-03-21,173.72,176.81,172.6,175.56,157.98,14211666
2012-03-22,175.07,176.34,167.32,168.32,151.46,29243875
2012-03-23,170.02,171.32,168.72,170.08,153.04,26956646
2012-03-26,170.04,170.04,166.18,166.89,150.17,23135333
2012-03-27,168.69,168.88,165.75,167.11,150.37,27194700
2012-03-28,166.87,168.21,164.69,165.88,149.27,18072694
2012-03-29,164.12,166.8,164.12,165.64,149.05,23976904
2012-03-30,166.75,172.12,166.2,171.57,154.39,17276879
2012-04-02,171.29,171.63,168.93,169.28,152.32,11220694
2012-04-03,170.12,174.39,170.12,172.05,154.82,17515593
2012-04-04,170.29,173.04,169.94,170.75,153.65,11813695
2012-04-09,169.16,170.98,167.8,169.64,152.65,11411688
2012-04-10,170.52,170.75,168.72,169.76,152.76,8370104
2012-04-11,168.92,168.92,166.02,166.93,150.22,16304095
2012-04-12,167.62,170.43,167.62,169.91,152.89,11779103
2012-04-13,170.53,174.18,168.58,171.79,154.59,14214624
2012-04-16,170.77,172.23,168.24,171.0,153.88,10518035
2012-04-17,172.53,172.53,169.23,170.61,153.53,13893966
2012-04-18,171.44,172.99,169.77,171.12,153.98,14998238
2012-04-19,172.33,172.33,168.81,169.53,152.55,18399192
2012-04-20,169.16,169.38,166.41,167.06,150.33,14922257
2012-04-23,165.92,170.47,165.54,168.31,151.45,22106609
2012-04-24,168.92,169.27,165.43,168.03,151.2,16664900
2012-04-25,167.8,169.81,166.42,168.31,151.45,13586437
2012-04-26,168.49,171.21,167.69,170.31,153.25,15180399
2012-04-27,169.45,170.79,168.35,169.61,152.62,12501799
2012-04-30,168.58,170.96,168.58,170.32,153.26,12147744
2012-05-02,170.96,171.76,169.15,169.96,152.94,12520177
2012-05-03,168.81,170.17,168.04,168.89,151.97,8299657
2012-05-04,167.64,169.15,165.04,166.05,149.42,16529947
2012-05-07,163.44,165.04,161.17,163.6,147.21,20084811
2012-05-08,164.12,164.33,159.78,161.92,145.7,16997816
2012-05-09,160.47,161.91,157.96,158.89,142.98,16058311
2012-05-10,159.38,161.93,157.85,158.67,142.78,14838445
2012-05-11,158.41,160.69,157.33,159.37,143.41,13310297
2012-05-14,159.55,160.65,155.11,155.73,140.14,17853868
2012-05-15,155.21,157.27,154.09,155.81,140.21,16170682
2012-05-16,154.29,156.08,153.85,154.55,139.07,13569502
2012-05-17,155.49,157.69,154.93,156.61,140.93,15576334
2012-05-18,154.73,159.19,154.29,157.39,141.63,10341793
2012-05-21,156.92,160.17,156.81,158.98,143.06,10211280
2012-05-22,161.06,161.06,157.44,157.97,142.15,12853294
2012-05-23,156.63,157.71,155.33,157.0,141.28,11301566
2012-05-24,158.64,160.01,156.83,158.93,143.02,10498664
2012-05-25,158.87,158.93,157.39,158.0,142.17,13496281
2012-05-28,158.18,160.69,158.18,160.39,144.32,11265492
2012-05-29,160.51,162.25,159.45,160.43,144.36,15024360
2012-05-30,159.93,161.99,158.9,161.44,145.27,15403723
2012-05-31,159.32,166.65,155.97,161.29,147.05,39482174
2012-06-01,161.69,162.17,154.99,156.64,142.81,17921568
2012-06-04,154.75,159.32,153.93,158.35,144.37,14269847
2012-06-05,159.09,161.38,158.89,160.59,146.42,13284608
2012-06-06,161.03,164.12,159.67,163.64,149.2,23252900
2012-06-07,164.82,167.3,163.72,164.87,150.31,27944820
2012-06-08,164.12,167.3,162.82,166.8,152.08,12717493
2012-06-11,167.48,168.33,164.15,165.09,150.52,9954345
2012-06-12,163.44,165.95,163.3,165.25,150.67,11961991
2012-06-13,165.09,165.48,162.84,163.73,149.28,9950023
2012-06-14,163.67,164.76,162.53,163.75,149.29,7479627
2012-06-15,164.24,166.82,164.24,166.12,151.46,9936719
2012-06-18,166.95,167.89,162.75,164.33,149.82,10034412
2012-06-19,163.89,169.01,163.89,168.57,153.69,7804051
2012-06-20,168.69,169.83,167.55,168.56,153.68,10313366
2012-06-21,167.78,167.78,162.39,164.28,149.78,22609240
2012-06-22,163.11,163.41,160.82,162.52,148.18,19130296
2012-06-25,163.25,165.25,162.75,163.71,149.26,11114641
2012-06-26,164.01,165.84,163.31,165.38,150.78,16084241
2012-06-27,166.04,166.77,164.12,165.15,150.57,7708056
2012-06-28,165.59,166.36,163.81,164.56,150.03,11903391
2012-06-29,165.75,169.36,165.75,168.66,153.77,16771028
2012-07-02,168.12,169.33,166.9,168.56,153.68,6831968
2012-07-03,169.14,169.76,167.16,168.32,153.46,10294922
2012-07-04,169.15,169.15,166.6,167.84,153.02,9347118
2012-07-05,168.0,169.7,167.33,168.85,153.95,7805552
2012-07-06,168.69,168.69,166.75,167.97,153.15,9259557
2012-07-09,166.64,167.73,165.97,167.28,152.51,7798797
2012-07-10,167.2,169.61,167.05,169.08,154.16,5974354
2012-07-11,167.65,168.37,165.04,165.87,151.23,11937173
2012-07-12,165.01,166.82,163.92,164.85,150.3,10066480
2012-07-13,164.58,166.07,163.44,164.24,149.74,11373177
2012-07-16,164.58,165.53,163.45,164.66,150.13,7307313
2012-07-17,165.68,166.4,163.96,164.43,149.92,11396875
2012-07-18,164.12,165.0,162.8,163.62,149.18,8552746
2012-07-19,164.63,166.84,164.12,166.36,151.68,11681226
2012-07-20,165.11,166.6,163.91,165.19,150.61,12406980
2012-07-23,163.44,165.91,163.05,164.35,149.85,10221032
2012-07-24,164.81,166.15,164.2,165.61,150.99,8035118
2012-07-25,164.67,165.62,162.79,164.41,149.9,8748220
2012-07-26,164.79,164.79,161.53,162.33,148.0,14016845
2012-07-27,164.35,166.13,163.7,164.81,150.26,13466410
2012-07-30,165.27,167.28,165.0,166.77,152.05,6963876
2012-07-31,167.23,170.55,164.81,169.97,154.97,13479810
2012-08-01,169.21,171.64,168.83,170.69,155.63,14431906
2012-08-02,169.63,170.89,168.41,169.05,154.13,7974567
2012-08-03,168.01,170.98,166.99,169.73,154.75,10943814
2012-08-06,170.99,180.44,170.99,179.68,163.82,37384710
2012-08-07,179.68,181.94,177.78,179.15,163.34,19670296
2012-08-08,179.45,182.64,178.88,180.76,164.81,18370923
2012-08-09,180.33,182.04,177.53,178.33,162.59,12750067
2012-08-10,177.76,180.35,176.96,178.77,163.0,10678248
2012-08-13,178.18,180.58,178.18,180.16,164.26,6183560
2012-08-14,180.1,183.32,179.89,182.76,166.63,16508712
2012-08-16,183.34,187.86,182.66,186.56,170.09,21632112
2012-08-17,186.96,188.56,185.07,186.55,170.08,14330179
2012-08-21,186.52,188.33,185.68,186.12,169.7,11057384
2012-08-22,184.97,186.41,184.17,184.65,168.35,8748439
2012-08-23,185.28,185.47,180.11,181.61,165.58,16661033
2012-08-24,180.98,181.61,178.0,178.77,163.0,15117604
2012-08-27,179.67,182.0,179.09,179.97,164.09,9154343
2012-08-28,179.86,181.47,177.96,180.63,164.68,8774153
2012-08-29,180.81,182.3,178.36,178.79,163.01,8842299
2012-08-30,178.24,181.0,175.69,179.07,163.27,27245709
2012-08-31,178.29,179.3,174.34,175.19,159.72,14781765
2012-09-03,175.55,176.0,173.73,174.42,159.03,9790138
2012-09-04,174.63,178.56,174.23,178.2,162.47,8754970
2012-09-05,177.21,178.28,174.68,176.27,160.71,13179587
2012-09-06,175.16,177.06,174.64,175.6,160.1,5302686
2012-09-07,178.0,182.07,177.95,180.98,165.01,13821905
2012-09-10,182.87,183.63,180.39,181.05,165.07,8776096
2012-09-11,180.47,181.92,179.03,180.81,164.85,13658914
2012-09-12,181.38,182.8,180.45,182.43,166.33,7772894
2012-09-13,182.43,184.81,181.56,182.67,166.55,11677889
2012-09-14,185.84,193.31,185.05,192.41,175.43,36312698
2012-09-17,193.86,201.52,193.86,199.72,182.1,42430663
2012-09-18,198.91,199.76,194.59,195.58,178.31,17296128
2012-09-20,192.17,193.91,189.32,190.3,173.5,15310116
2012-09-21,190.41,195.37,190.18,194.36,177.21,35935601
2012-09-24,194.3,196.08,190.35,191.18,174.3,14905003
2012-09-25,191.55,193.11,189.78,191.95,175.01,13838236
2012-09-26,191.55,194.23,190.6,193.1,176.05,16657879
2012-09-27,193.2,193.84,188.41,189.69,172.95,30420370
2012-09-28,191.32,193.82,190.72,191.37,174.48,14117613
2012-10-01,192.01,192.54,189.55,190.52,173.71,8712229
2012-10-03,190.74,195.08,190.7,193.4,176.33,21902919
2012-10-04,194.42,196.33,194.09,194.96,177.75,12626615
2012-10-05,196.56,197.04,155.97,196.08,178.77,15714795
2012-10-08,195.34,195.34,186.58,187.3,170.77,20893020
2012-10-09,188.7,188.97,185.86,186.36,169.91,11601732
2012-10-10,185.38,187.96,184.56,186.52,170.06,9380939
2012-10-11,187.21,187.9,184.99,187.43,170.88,11857119
2012-10-12,187.16,188.9,186.54,187.19,170.67,10626525
2012-10-15,187.21,189.7,187.21,188.14,171.53,11181159
2012-10-16,191.76,192.0,185.15,185.71,169.32,22171959
2012-10-17,186.54,186.84,183.22,184.04,167.8,20915414
2012-10-18,184.52,186.52,182.18,185.45,169.08,26601633
2012-10-19,184.63,185.27,182.72,183.51,167.31,12648708
2012-10-22,181.77,186.74,180.97,186.43,169.98,14165351
2012-10-23,185.95,186.25,183.96,185.14,168.8,9493730
2012-10-25,185.18,187.14,184.51,185.24,168.89,18056661
2012-10-29,183.4,186.16,183.4,185.43,169.06,10986118
2012-10-30,185.15,185.56,182.67,183.61,167.4,9337388
2012-10-31,183.59,184.55,182.41,184.12,167.87,9422473
2012-11-01,181.72,184.88,180.28,184.49,168.21,18379112
2012-11-02,185.61,186.27,183.44,184.68,168.38,11547717
2012-11-05,183.7,184.91,183.29,184.27,168.01,5066549
2012-11-06,183.78,184.56,182.01,184.11,167.86,15450143
2012-11-07,183.32,184.08,182.41,183.06,166.9,10418019
2012-11-08,181.27,182.48,180.52,182.09,166.02,12414461
2012-11-09,181.35,183.67,179.44,180.04,164.15,10595311
2012-11-12,179.63,180.44,178.07,179.81,163.94,12661154
2012-11-15,180.32,180.32,177.62,179.35,163.52,15252390
2012-11-16,179.99,181.19,176.24,177.19,161.55,14357871
2012-11-19,177.21,177.89,174.03,176.99,161.37,20723808
2012-11-20,178.45,178.45,174.23,174.95,159.5,9434023
2012-11-21,175.21,176.9,173.97,176.28,160.72,8612899
2012-11-22,176.71,176.85,174.04,175.06,159.61,10486909
2012-11-23,175.09,177.33,175.09,176.87,161.26,7469469
2012-11-26,177.13,178.17,176.24,176.84,161.23,4542818
2012-11-27,177.61,180.12,176.92,179.85,163.98,10808581
2012-11-29,179.67,183.78,178.9,182.48,166.37,19614256
2012-11-30,181.96,184.7,180.58,181.43,165.41,18244916
2012-12-03,181.72,184.47,180.52,183.78,167.56,10320168
2012-12-04,184.27,188.74,184.24,188.51,171.87,15279225
2012-12-05,189.32,191.35,187.58,190.32,173.52,13516432
2012-12-06,191.08,193.35,187.9,192.9,175.88,11534903
2012-12-07,192.25,194.23,189.83,190.78,173.94,13188809
2012-12-10,190.78,191.54,187.72,189.34,172.62,8177837
2012-12-11,190.18,191.63,186.18,187.45,170.9,16253418
2012-12-12,188.58,190.82,187.29,190.32,173.52,10123422
2012-12-13,190.32,192.24,189.82,190.7,173.86,11603084
2012-12-14,190.75,193.56,189.38,191.84,174.91,8950431
2012-12-17,190.75,193.02,189.95,190.67,173.84,7246381
2012-12-18,190.75,191.88,188.81,190.04,173.27,7996183
2012-12-19,190.91,192.71,190.65,191.9,174.96,8718992
2012-12-20,192.46,192.46,189.61,191.52,174.61,9577572
2012-12-21,190.41,190.75,187.94,188.64,171.99,9402708
2012-12-24,188.72,189.12,186.43,187.6,171.04,5704037
2012-12-26,187.9,191.07,187.9,189.32,172.61,5823779
2012-12-27,189.79,190.18,186.32,186.91,170.42,16101867
2012-12-28,188.24,193.38,187.79,192.07,175.11,14550602
2012-12-31,192.08,194.25,191.28,191.91,174.97,9730755
2013-01-01,192.92,193.52,191.8,192.17,175.21,6831351
2013-01-02,192.92,195.67,192.59,193.83,176.72,13441898
2013-01-03,193.98,197.04,193.06,196.75,179.39,17266808
2013-01-04,197.02,197.63,195.11,197.0,179.62,13306377
2013-01-07,197.88,199.1,194.71,195.8,178.52,15307180
2013-01-08,195.46,196.15,193.82,194.44,177.28,13973797
2013-01-09,194.84,196.55,193.99,194.91,177.71,17071824
2013-01-10,196.07,196.34,193.61,194.31,177.16,9239813
2013-01-11,194.87,194.98,191.15,191.99,175.04,8050294
2013-01-14,192.24,194.98,191.78,193.74,176.64,7060887
2013-01-15,193.42,194.71,191.55,193.64,176.55,10387846
2013-01-16,193.39,199.07,193.39,196.89,179.51,19551254
2013-01-17,197.06,204.25,196.52,203.44,185.48,22117537
2013-01-18,204.58,206.4,202.44,205.77,187.61,22754714
2013-01-21,214.43,218.3,209.85,210.29,191.72,43957346
2013-01-22,210.3,212.74,209.28,210.31,191.75,18664413
2013-01-23,210.78,212.31,209.43,210.99,192.37,11701950
2013-01-24,211.44,212.21,207.32,209.28,190.81,13438049
2013-01-25,209.44,209.69,206.89,208.51,190.11,14088477
2013-01-28,208.32,208.73,204.58,205.16,187.06,13400981
2013-01-29,204.58,206.18,201.18,201.8,183.99,15439403
2013-01-30,202.87,206.5,202.87,205.59,187.44,17641932
2013-01-31,204.96,205.27,201.86,202.67,184.78,16733589
2013-02-01,203.75,205.68,201.98,204.35,186.32,8152817
2013-02-04,204.82,205.95,202.09,202.68,184.8,13697044
2013-02-05,202.07,202.5,199.55,199.95,182.3,9708430
2013-02-06,201.26,201.82,199.05,200.16,182.49,9876509
2013-02-07,199.23,201.61,198.49,199.53,181.92,8542570
2013-02-08,198.86,199.78,195.9,197.39,179.97,9584217
2013-02-11,197.72,200.01,196.72,198.5,180.98,8329895
2013-02-12,198.55,201.23,197.77,200.11,182.45,9728703
2013-02-13,202.07,202.98,199.44,200.92,183.19,10533233
2013-02-14,201.15,201.94,194.52,195.68,178.41,12284945
2013-02-15,195.42,195.99,190.66,193.34,176.27,14390520
2013-02-18,193.84,195.35,192.74,193.72,176.63,5310071
2013-02-19,194.07,195.44,190.7,193.93,176.81,9677020
2013-02-20,196.11,200.89,195.8,199.96,182.32,14873246
2013-02-21,198.64,200.42,195.13,196.4,179.06,16214530
2013-02-22,196.24,199.32,196.12,197.18,179.77,9725304
2013-02-25,197.5,197.71,194.52,195.29,178.05,9878487
2013-02-26,194.23,194.23,187.15,188.24,171.62,13474915
2013-02-27,189.72,192.23,189.07,190.02,173.25,17709146
2013-02-28,191.37,191.91,184.18,186.03,169.61,27667849
2013-03-01,186.52,187.1,184.12,185.24,168.89,13906688
2013-03-04,184.9,187.04,183.99,185.75,169.35,14948007
2013-03-05,187.23,190.74,187.23,188.89,172.22,13159371
2013-03-06,190.16,191.64,188.97,190.92,174.07,10778102
2013-03-07,190.01,192.35,188.36,191.21,174.33,10529882
2013-03-08,192.7,195.37,192.01,194.59,177.42,10131948
2013-03-11,194.78,196.72,192.02,193.04,176.0,10569010
2013-03-12,194.41,195.32,192.82,193.8,176.7,8552523
2013-03-13,192.51,195.8,192.06,193.15,176.1,9401899
2013-03-14,192.92,197.37,190.92,196.59,179.24,14790357
2013-03-15,197.67,198.73,191.62,192.84,175.82,12793329
2013-03-18,190.87,192.81,189.91,190.71,173.87,8023328
2013-03-19,191.23,191.78,185.59,188.58,171.94,17970333
2013-03-20,189.59,189.68,185.92,188.06,171.46,20179135
2013-03-21,188.58,190.36,183.95,185.75,169.35,16660114
2013-03-22,184.76,187.67,183.86,185.29,168.94,11876985
2013-03-25,187.58,188.2,183.38,184.98,168.65,14058667
2013-03-26,183.44,184.01,178.29,179.06,163.26,19465627
2013-03-28,179.44,179.65,174.73,176.67,161.08,26513604
2013-04-01,178.52,180.76,176.88,178.01,162.3,8326610
2013-04-02,178.34,182.07,177.91,181.47,165.45,11110756
2013-04-03,182.36,182.64,176.24,177.51,161.84,9321547
2013-04-04,176.58,177.83,174.68,175.45,159.96,11915658
2013-04-05,175.78,178.84,175.48,178.32,162.58,12989770
2013-04-08,177.86,181.58,177.84,180.44,164.52,8878601
2013-04-09,181.06,181.86,176.26,177.6,161.92,13081885
2013-04-10,178.32,179.2,176.37,178.16,162.43,12190258
2013-04-11,179.21,179.46,174.67,176.26,160.7,11428531
2013-04-12,175.32,178.39,174.87,177.23,161.59,11349794
2013-04-15,176.71,182.86,176.71,181.4,165.39,16184406
2013-04-16,182.18,185.15,179.53,184.0,167.76,17774606
2013-04-17,184.2,185.06,175.83,176.85,161.25,32105722
2013-04-18,177.49,179.48,176.61,178.66,162.89,13793320
2013-04-22,179.67,181.66,177.91,180.52,164.59,12790893
2013-04-23,180.92,184.19,179.68,183.71,167.5,12356228
2013-04-25,184.6,188.95,184.6,187.36,170.82,25921526
2013-04-26,185.84,188.58,180.51,181.13,165.14,20852076
2013-04-29,181.29,182.62,180.23,181.19,165.19,20968563
2013-04-30,181.42,182.1,177.64,180.17,164.27,17548959
2013-05-02,179.99,184.47,179.07,183.53,167.33,27236264
2013-05-03,183.55,186.5,181.7,182.98,166.83,12917135
2013-05-06,183.37,188.57,183.37,187.8,171.23,9358282
2013-05-07,187.78,191.07,187.36,189.3,172.59,16529868
2013-05-08,189.75,190.39,187.91,189.64,172.91,11858396
2013-05-09,189.36,190.1,186.3,187.0,170.5,8182539
2013-05-10,186.23,187.55,184.97,185.83,171.47,9081731
2013-05-13,185.92,188.7,182.59,183.55,169.37,9087230
2013-05-14,182.99,184.92,181.86,182.44,168.35,8828077
2013-05-15,183.32,187.62,183.32,187.21,172.74,11255447
2013-05-16,186.52,192.88,186.41,192.16,177.31,15197535
2013-05-17,192.16,193.08,188.19,190.98,176.23,12484982
2013-05-20,191.42,195.44,189.44,189.99,175.31,13237846
2013-05-21,189.98,192.01,188.65,189.4,174.77,10594235
2013-05-22,189.75,190.64,185.95,187.15,172.69,12579289
2013-05-23,185.53,186.52,178.32,179.31,165.46,12798137
2013-05-24,181.36,181.66,178.11,179.77,165.88,7975390
2013-05-27,183.5,190.36,183.1,189.34,174.71,18956469
2013-05-28,189.72,193.59,188.86,192.79,177.89,21734556
2013-05-29,192.12,194.25,190.51,193.82,178.84,25752389
2013-05-30,193.15,193.38,189.72,191.28,176.5,18225094
2013-05-31,190.66,191.04,183.35,184.31,170.07,17159386
2013-06-03,183.71,184.09,179.49,180.1,166.19,14165128
2013-06-04,180.72,182.82,178.1,178.34,164.56,14752690
2013-06-05,178.41,183.85,178.41,183.32,169.16,12748842
2013-06-06,182.87,183.76,180.15,181.04,167.05,17113393
2013-06-07,181.54,183.32,178.52,179.12,165.28,9420701
2013-06-10,180.35,181.84,178.75,180.43,166.49,11361378
2013-06-11,179.09,180.92,177.22,179.57,165.7,13242164
2013-06-12,178.99,182.3,178.8,180.76,166.8,12774566
2013-06-13,178.98,181.24,178.42,180.53,166.59,9726275
2013-06-14,182.0,187.4,181.98,186.22,171.83,17575615
2013-06-17,186.41,189.24,185.4,188.71,174.13,11089648
2013-06-18,188.28,191.44,186.86,188.22,173.67,15658352
2013-06-19,187.9,190.47,186.27,190.11,175.42,17331546
2013-06-20,186.96,186.96,181.72,182.41,168.32,17422410
2013-06-21,182.84,185.23,179.12,181.23,167.23,20486223
2013-06-24,180.58,181.99,177.95,181.19,167.19,16311628
2013-06-25,182.8,187.42,181.72,183.74,169.54,19232377
2013-06-26,185.03,186.17,183.12,183.69,169.5,16661304
2013-06-27,186.64,191.31,186.16,189.72,175.07,25751492
2013-06-28,198.75,199.55,193.38,197.18,181.94,48133694
2013-07-01,197.04,202.98,195.59,202.46,186.81,20497553
2013-07-02,201.86,203.85,198.58,199.29,183.89,17779689
2013-07-03,196.7,197.35,193.96,194.49,179.46,12816463
2013-07-04,195.0,199.0,193.69,196.96,181.74,13233510
2013-07-05,198.03,202.24,198.03,201.23,185.68,12756629
2013-07-08,198.87,199.66,196.16,198.17,182.86,14253091
2013-07-09,198.66,201.56,198.19,199.96,184.51,12922258
2013-07-10,199.84,201.12,191.78,195.67,180.55,22237458
2013-07-11,197.72,199.62,196.41,198.88,183.51,11368001
2013-07-12,199.84,204.81,198.78,203.43,187.71,14371976
2013-07-15,202.52,205.7,202.52,205.0,189.17,12913233
2013-07-16,202.75,206.74,201.85,205.86,189.96,12974694
2013-07-17,206.41,209.82,206.41,209.14,192.98,23132227
2013-07-18,209.84,210.29,207.83,209.67,193.47,12303560
2013-07-19,210.08,212.1,208.71,211.14,194.83,14298611
2013-07-22,209.15,209.15,205.48,207.79,191.74,16958736
2013-07-23,208.48,211.44,207.38,207.91,191.84,12430954
2013-07-24,207.55,209.59,204.62,207.86,191.8,13788582
2013-07-25,207.08,208.51,200.57,203.61,187.88,15831296
2013-07-26,203.94,206.57,202.4,203.47,187.75,9565406
2013-07-29,202.76,205.42,201.74,202.46,186.81,9151355
2013-07-30,202.76,203.9,195.19,195.98,180.83,11393034
2013-07-31,196.27,201.08,192.6,199.34,183.93,15795755
2013-08-01,200.04,201.8,193.12,194.3,179.28,11071339
2013-08-02,196.58,199.31,194.3,195.98,180.83,12821918
2013-08-05,196.58,199.53,195.61,196.94,181.72,12559130
2013-08-06,196.23,197.54,189.76,192.25,177.4,12415511
2013-08-07,193.15,201.58,189.95,199.43,184.02,18794821
2013-08-08,198.26,199.43,195.93,197.87,182.58,11367214
2013-08-12,198.64,199.52,192.11,193.3,178.37,8728866
2013-08-13,192.7,196.57,190.87,194.96,179.9,11537003
2013-08-14,195.67,198.41,193.71,197.72,182.45,11260259
2013-08-16,197.72,198.18,186.79,188.97,174.37,27321905
2013-08-19,188.12,190.64,184.59,187.5,173.01,16150138
2013-08-20,185.4,189.91,184.02,188.66,174.08,11418893
2013-08-21,190.41,190.8,178.34,179.12,165.28,15711357
2013-08-22,178.85,184.84,176.97,184.26,170.02,22293762
2013-08-23,186.0,188.51,184.81,187.32,172.85,14332191
2013-08-26,188.01,190.06,184.79,188.03,173.5,9916035
2013-08-27,186.07,188.56,182.87,183.61,169.42,13094883
2013-08-28,181.75,187.11,174.61,185.56,171.23,25813146
2013-08-29,186.52,195.07,185.72,193.21,178.28,30837833
2013-08-30,192.88,196.58,189.34,195.18,180.1,21443760
2013-09-02,195.03,203.44,195.03,202.7,187.03,21052445
2013-09-03,203.03,203.83,189.34,189.95,175.28,17326878
2013-09-04,190.58,197.62,190.41,194.15,179.15,13323596
2013-09-05,197.27,198.81,194.55,197.16,181.93,14254145
2013-09-06,198.87,199.67,192.35,198.41,183.08,15048312
2013-09-10,199.53,204.25,198.01,203.52,187.79,18493766
2013-09-11,203.21,204.1,199.82,202.92,187.25,14860857
2013-09-12,202.98,205.95,199.13,200.1,184.64,17979275
2013-09-13,198.41,202.0,198.19,199.55,184.13,9825959
2013-09-16,202.51,202.91,195.21,196.98,181.76,12050423
2013-09-17,195.75,197.5,194.89,196.16,181.0,10930099
2013-09-18,196.7,200.01,195.85,199.31,183.91,13704245
2013-09-19,202.99,204.8,201.28,203.58,187.85,18935509
2013-09-20,202.52,205.95,198.98,201.59,186.01,18362492
2013-09-23,199.34,201.38,197.72,199.86,184.42,8875005
2013-09-24,199.32,202.19,198.44,199.92,184.47,12352943
2013-09-25,199.42,199.99,192.51,194.08,179.08,17472523
2013-09-26,193.53,194.33,190.92,191.61,176.81,19874983
2013-09-27,192.47,195.32,191.32,191.99,177.15,12006474
2013-09-30,190.19,193.04,187.23,187.99,173.46,15922812
2013-10-01,188.88,189.7,186.91,187.77,173.26,9108666
2013-10-03,188.22,194.04,188.22,193.6,178.64,9108321
2013-10-04,192.14,196.51,191.55,195.3,180.21,9909849
2013-10-07,193.75,194.84,191.1,192.94,178.03,11265723
2013-10-08,194.23,195.37,191.83,193.14,178.22,12119312
2013-10-09,192.0,198.33,191.44,196.79,181.58,11954619
2013-10-10,196.35,197.22,193.85,196.58,181.39,9371240
2013-10-11,197.72,198.41,195.28,197.35,182.1,9773103
2013-10-14,197.72,200.01,197.31,198.94,183.57,12156983
2013-10-15,205.11,205.42,197.5,198.36,183.04,23041721
2013-10-17,198.87,202.98,197.64,201.23,185.68,17613513
2013-10-18,201.52,207.55,201.52,207.02,191.02,22177371
2013-10-21,207.02,209.27,204.84,208.74,192.61,15143599
2013-10-22,207.42,208.23,205.15,206.68,190.72,10246173
2013-10-23,206.91,207.83,202.9,204.98,189.14,8945093
2013-10-24,203.91,208.24,201.46,202.18,186.56,11717100
2013-10-25,202.09,204.08,201.0,202.75,187.09,9945744
2013-10-28,202.98,206.83,202.95,203.61,187.88,15374364
2013-10-29,203.23,206.63,202.04,204.99,189.15,14450634
2013-10-30,204.92,206.39,204.51,205.3,189.44,9614780
2013-10-31,205.72,209.84,204.81,209.09,192.93,19779731
2013-11-01,208.03,211.79,206.49,207.61,191.57,11890914
2013-11-05,206.49,210.69,206.49,207.94,191.88,10955587
2013-11-06,208.01,210.27,204.57,205.4,189.53,9619806
2013-11-07,205.5,207.05,201.63,202.5,186.86,9792601
2013-11-08,202.52,202.98,199.13,200.23,184.76,8755784
2013-11-11,199.78,201.63,196.63,197.47,182.22,8901228
2013-11-12,197.72,199.23,194.34,194.89,179.83,12169801
2013-11-13,194.27,196.9,192.49,193.02,178.1,8391536
2013-11-14,194.58,197.5,194.39,194.67,179.63,8031378
2013-11-18,196.15,200.64,195.7,199.95,184.5,12073167
2013-11-19,200.01,202.27,200.01,200.78,185.26,8434885
2013-11-20,199.98,201.84,195.9,197.15,181.92,13090661
2013-11-21,196.56,196.58,192.8,193.75,178.78,11465699
2013-11-22,194.52,195.77,191.8,192.87,177.97,7482129
2013-11-25,193.69,195.86,192.94,194.68,179.64,10078405
2013-11-26,194.41,195.85,191.45,192.3,177.44,13965988
2013-11-27,193.04,194.18,190.92,191.54,176.74,11421820
2013-11-28,192.72,195.76,192.72,193.83,178.85,12546701
2013-11-29,194.51,195.78,193.98,195.03,179.96,9884161
2013-12-02,194.98,197.26,194.82,195.51,180.4,7221751
2013-12-03,195.44,197.84,194.44,197.02,181.79,9184625
2013-12-04,196.79,198.3,195.03,195.68,180.56,8761077
2013-12-05,199.32,200.47,198.42,199.1,183.71,12534404
2013-12-06,198.9,199.93,196.86,198.11,182.81,7301066
2013-12-09,201.63,202.98,200.28,200.91,185.39,12704841
2013-12-10,200.81,203.14,200.81,202.22,186.59,8718563
2013-12-11,201.72,202.28,199.44,201.75,186.16,4977570
2013-12-12,200.7,201.15,198.41,198.91,183.54,5690033
2013-12-13,198.18,198.43,196.04,197.66,182.38,8926111
2013-12-16,196.58,197.1,192.74,193.16,178.24,10046119
2013-12-17,194.0,194.96,191.27,191.83,177.01,10089421
2013-12-18,191.83,197.46,191.83,196.57,181.38,12009855
2013-12-19,197.59,197.59,192.86,195.22,180.14,13450539
2013-12-20,199.32,205.27,197.06,204.62,188.81,20508621
2013-12-23,205.5,207.78,203.44,204.87,189.04,16191974
2013-12-24,204.92,206.87,204.6,205.28,189.42,7306775
2013-12-26,204.47,205.72,201.63,202.88,187.2,14619868
2013-12-27,203.12,204.33,200.44,200.89,185.37,7744563
2013-12-30,201.38,203.4,200.2,202.78,187.11,10315527
2013-12-31,202.98,205.32,202.78,204.63,188.82,5706010
2014-01-01,205.14,205.32,202.89,203.16,187.47,5849398
2014-01-02,202.91,204.81,198.89,200.01,184.56,6023632
2014-01-03,199.23,199.63,195.44,197.55,182.29,12833897
2014-01-06,197.06,197.32,194.3,195.43,180.33,13315857
2014-01-07,195.35,196.57,192.02,192.49,177.62,17311470
2014-01-08,193.02,195.98,193.02,194.08,179.08,12726430
2014-01-09,194.4,195.16,193.16,194.46,179.43,8309185
2014-01-10,193.92,200.31,193.84,196.16,181.0,14839980
2014-01-13,198.47,201.84,198.41,201.24,185.7,12058586
2014-01-14,200.81,202.19,199.43,201.5,185.93,12075547
2014-01-15,202.23,204.58,201.38,202.4,186.76,12660424
2014-01-16,203.14,204.19,201.62,202.56,186.91,18038361
2014-01-17,203.24,205.02,201.21,202.24,186.61,15463211
2014-01-20,202.73,203.21,197.98,198.81,183.45,16576057
2014-01-21,199.47,199.69,197.04,197.28,182.04,9806364
2014-01-22,197.38,200.09,196.16,199.43,184.02,8517726
2014-01-23,196.72,199.16,196.72,197.91,182.62,13767334
2014-01-24,197.04,199.93,196.83,198.33,183.01,11879019
2014-01-27,195.67,196.76,192.09,192.73,177.84,12345838
2014-01-28,193.61,195.67,192.63,193.12,178.2,11573795
2014-01-29,194.25,194.87,190.87,191.23,176.46,12374165
2014-01-30,190.04,190.6,187.94,188.58,174.01,14102043
2014-01-31,189.04,190.51,188.84,189.99,175.31,11038353
2014-02-03,188.86,189.68,187.31,187.64,173.15,8227762
2014-02-04,186.18,188.96,185.87,187.79,173.28,12362252
2014-02-05,187.46,187.78,184.44,186.81,172.38,11298451
2014-02-06,187.44,188.38,184.73,186.49,172.08,10826505
2014-02-07,187.92,188.31,185.29,186.17,171.79,8459052
2014-02-10,186.35,188.72,185.42,187.88,173.37,10345205
2014-02-11,188.12,188.58,183.5,184.07,169.84,12609169
2014-02-12,184.7,187.87,184.56,186.96,172.51,9828890
2014-02-13,187.19,187.19,184.02,184.56,170.3,8657303
2014-02-14,185.59,188.35,184.7,187.91,173.39,9218744
2014-02-17,186.9,187.9,184.48,185.68,171.33,9058505
2014-02-18,184.49,186.95,184.49,185.87,171.51,5741275
2014-02-19,185.84,187.44,185.15,185.67,171.32,6130140
2014-02-20,185.45,186.0,183.58,184.11,169.89,8041497
2014-02-21,184.49,186.52,184.15,185.5,171.16,6256274
2014-02-24,184.71,186.28,184.08,185.69,171.34,6800627
2014-02-25,186.14,186.52,184.59,185.28,170.96,7039336
2014-02-26,185.38,186.72,184.75,185.31,170.99,13608048
2014-02-28,185.31,186.38,181.29,182.86,168.73,18949872
2014-03-03,182.89,184.42,182.22,183.64,169.45,11635479
2014-03-04,183.55,186.22,183.46,185.83,171.47,8997053
2014-03-05,186.42,186.98,184.04,184.47,170.21,11827655
2014-03-06,185.0,188.44,184.99,188.0,173.47,10172590
2014-03-07,188.58,199.78,188.58,198.73,183.38,33597187
2014-03-10,197.75,206.56,197.36,202.4,186.76,32869474
2014-03-11,202.3,202.94,199.35,199.95,184.5,12780183
2014-03-12,199.78,201.82,198.33,199.18,183.79,9431389
2014-03-13,200.01,204.52,199.94,201.05,185.52,17221827
2014-03-14,199.78,203.43,198.65,202.56,186.91,16540547
2014-03-18,203.32,207.74,203.32,204.91,189.08,19034847
2014-03-19,205.72,207.99,204.64,206.41,190.46,16376397
2014-03-20,206.09,207.44,205.3,207.1,191.1,29711945
2014-03-21,207.32,208.78,201.64,202.48,186.83,22050970
2014-03-24,203.72,207.72,203.69,206.96,190.97,28815466
2014-03-25,200.92,201.72,199.44,200.99,185.46,31299573
2014-03-26,201.44,206.4,201.42,203.71,187.97,13811011
2014-03-27,204.55,206.84,203.92,205.9,189.99,55407935
2014-03-28,205.72,210.29,205.72,209.42,193.24,18667646
2014-03-31,209.44,214.82,208.74,212.75,196.32,18751896
2014-04-01,213.95,216.01,212.42,215.46,198.81,15640608
2014-04-02,216.01,219.9,214.43,219.03,202.11,26780181
2014-04-03,218.71,220.11,214.96,217.76,200.93,26550895
2014-04-04,217.61,217.9,215.22,215.84,199.16,12513877
2014-04-07,215.78,218.29,213.58,215.82,199.14,12905249
2014-04-09,217.15,220.97,216.5,219.93,202.94,13438946
2014-04-10,220.51,222.62,219.94,221.51,204.39,10649501
2014-04-11,219.97,221.97,217.29,218.01,201.17,11691621
2014-04-15,217.15,218.07,214.09,216.95,200.19,9264526
2014-04-16,216.35,219.21,214.43,215.17,198.54,12381278
2014-04-17,216.01,219.85,215.74,219.23,202.3,7845800
2014-04-21,221.71,221.71,218.55,219.35,202.4,11817203
2014-04-22,219.44,226.01,218.55,221.21,204.12,19331824
2014-04-23,221.5,224.47,220.41,221.07,203.99,15288495
2014-04-24,221.07,221.07,221.07,221.07,203.99,0
2014-04-25,221.27,221.5,216.24,216.75,200.01,13252156
2014-04-28,217.11,218.53,215.18,216.01,199.32,16610579
2014-04-29,216.25,217.55,214.41,214.94,198.33,8396497
2014-04-30,215.76,219.44,212.38,213.91,197.38,14391181
2014-05-02,214.87,216.56,211.67,212.15,195.76,9070553
2014-05-05,211.44,219.1,211.44,216.43,199.71,15199246
2014-05-06,216.67,221.04,216.59,220.21,203.19,12392211
2014-05-07,219.46,222.05,218.77,219.63,202.66,10571569
2014-05-08,220.15,221.75,217.33,219.51,202.55,11949181
2014-05-09,218.48,228.35,218.48,228.03,210.42,18452114
2014-05-12,227.42,239.78,227.23,235.14,216.98,30847764
2014-05-13,237.73,244.31,236.47,243.08,224.29,26863271
2014-05-14,243.21,244.13,237.98,238.98,220.52,19375695
2014-05-15,238.98,242.3,237.56,240.79,222.19,20864719
2014-05-16,249.18,261.78,242.78,246.7,229.88,52633579
2014-05-19,249.38,257.1,248.45,256.02,238.57,23797958
2014-05-20,257.82,258.07,245.89,246.84,230.01,22509088
2014-05-21,246.84,252.12,245.44,246.5,229.7,21991587
2014-05-22,248.24,254.5,247.94,251.62,234.47,18745180
2014-05-23,254.08,258.76,251.9,257.72,240.15,16566818
2014-05-26,258.87,260.58,245.73,251.83,234.67,16073584
2014-05-27,252.13,253.27,245.75,248.69,231.74,11273379
2014-05-28,249.06,252.95,247.96,248.9,231.94,11351815
2014-05-29,249.73,249.93,244.21,245.4,228.67,27659174
2014-05-30,248.01,249.09,242.3,243.37,226.78,17293884
2014-06-02,245.67,248.76,243.51,247.37,230.51,8806299
2014-06-03,247.62,251.9,246.26,250.39,233.32,10874352
2014-06-04,249.76,251.85,246.01,246.3,229.51,8826406
2014-06-05,246.53,250.28,243.27,249.13,232.15,19974435
2014-06-06,253.13,258.98,252.38,256.56,239.07,29319340
2014-06-09,258.3,258.92,254.21,256.62,239.13,13497804
2014-06-10,258.4,258.4,251.54,255.62,238.2,15760599
2014-06-11,256.01,256.01,249.73,251.92,234.75,15164409
2014-06-12,251.11,254.53,247.81,250.1,233.06,11767348
2014-06-13,251.51,253.04,245.2,247.3,230.45,14646904
2014-06-16,247.78,247.78,241.65,243.54,226.94,14371376
2014-06-17,241.86,249.91,241.86,249.17,232.18,15824961
2014-06-18,248.7,251.82,242.45,243.84,227.22,19212704
2014-06-19,245.5,245.72,235.81,238.21,221.97,23126286
2014-06-20,239.08,239.88,236.41,236.93,220.78,12855084
2014-06-23,237.04,238.85,234.07,237.26,221.09,14768300
2014-06-24,238.87,242.94,238.87,242.26,225.75,11890148
2014-06-25,241.76,242.15,239.59,240.24,223.87,10564797
2014-06-26,234.3,234.73,230.11,231.3,215.54,24480677
2014-06-27,230.87,233.95,230.23,231.35,215.58,9225499
2014-06-30,231.45,233.15,228.58,232.1,216.28,20656550
2014-07-01,232.51,233.28,230.17,230.41,214.71,9653273
2014-07-02,232.47,234.83,231.33,232.75,216.89,12293489
2014-07-03,233.15,234.3,229.38,230.07,214.39,11575392
2014-07-04,229.73,237.0,229.34,235.89,219.81,12957117
2014-07-07,236.13,237.04,233.38,234.8,218.8,14019093
2014-07-08,234.53,236.47,226.3,227.45,211.95,17484768
2014-07-09,229.04,230.85,226.87,228.8,213.21,14903156
2014-07-10,228.64,233.5,224.25,227.94,212.41,18600100
2014-07-11,227.49,229.04,220.27,220.93,205.87,17783841
2014-07-14,221.41,222.85,219.1,219.84,204.86,13764770
2014-07-15,220.22,224.01,220.14,222.23,207.08,15345123
2014-07-16,222.64,226.98,222.64,226.23,210.81,13957671
2014-07-17,225.84,228.17,224.08,224.58,209.28,9426887
2014-07-18,224.01,224.82,221.57,223.27,208.05,9332698
2014-07-21,228.58,230.41,227.45,228.05,212.5,16987269
2014-07-22,229.5,236.33,228.83,235.66,219.6,28489939
2014-07-23,236.6,237.68,233.39,236.18,220.09,13721398
2014-07-24,235.44,238.46,234.07,237.97,221.75,9673900
2014-07-25,238.16,238.48,230.19,233.58,217.66,13532588
2014-07-28,233.38,233.97,228.95,229.86,214.2,9372911
2014-07-30,229.5,231.1,226.98,229.99,214.31,18616706
2014-07-31,230.4,233.13,229.04,230.06,214.38,17722817
2014-08-01,227.44,228.35,222.87,223.17,207.95,15826199
2014-08-04,224.24,226.23,223.11,225.15,209.81,14672155
2014-08-05,225.18,225.81,221.95,224.89,209.56,12233949
2014-08-06,225.13,228.26,223.9,225.87,210.48,16358373
2014-08-07,226.07,227.83,224.78,226.14,210.72,10844144
2014-08-08,223.91,224.81,222.43,224.13,208.85,9118453
2014-08-11,225.19,225.67,223.42,224.13,208.85,6696796
2014-08-12,225.38,225.6,223.18,225.02,209.68,9556263
2014-08-13,224.77,227.81,224.01,226.33,210.9,14113750
2014-08-14,227.44,229.73,226.7,229.26,213.63,12062077
2014-08-18,228.83,232.11,228.01,231.57,215.78,7643510
2014-08-19,232.01,233.84,229.98,230.71,214.98,14559347
2014-08-20,231.1,232.8,227.52,228.21,212.65,13022078
2014-08-21,228.58,229.5,226.32,227.46,211.96,16449220
2014-08-22,228.61,230.18,227.51,228.19,212.64,8571614
2014-08-25,228.58,230.53,227.09,227.62,212.11,7455233
2014-08-26,227.67,227.89,224.7,227.06,211.59,9548209
2014-08-27,227.94,228.99,225.58,227.14,211.66,8391614
2014-08-28,227.35,229.5,227.35,228.29,212.73,15914040
2014-09-01,229.58,233.38,227.58,231.81,216.01,16197464
2014-09-02,232.81,235.79,231.01,234.02,218.07,16556769
2014-09-03,234.33,236.8,233.41,235.73,219.66,21922291
2014-09-04,235.21,236.33,232.72,234.5,218.52,9346763
2014-09-05,234.91,236.23,233.29,234.45,218.47,9078852
2014-09-08,236.33,237.58,234.98,237.2,221.03,13886787
2014-09-09,235.92,238.02,235.03,236.13,220.03,9166689
2014-09-10,235.02,235.23,231.46,232.21,216.38,9459033
2014-09-11,233.22,235.44,230.41,233.02,217.14,10619105
2014-09-12,232.81,234.07,231.2,232.15,216.33,8749882
2014-09-15,230.66,231.33,228.81,229.21,213.59,8738403
2014-09-16,228.9,229.53,223.21,223.87,208.62,13242995
2014-09-17,225.13,226.42,223.77,225.99,210.59,10887270
2014-09-18,225.15,230.87,224.86,229.7,214.05,9089107
2014-09-19,229.95,232.19,226.53,227.54,212.03,17169819
2014-09-22,226.98,227.67,225.77,226.65,211.2,7900222
2014-09-23,226.69,227.54,220.14,220.78,205.73,17694403
2014-09-24,221.38,222.66,218.39,220.59,205.56,15393998
2014-09-25,220.83,221.22,210.9,212.55,198.06,33092058
2014-09-26,212.35,215.25,209.68,213.33,198.79,15904980
2014-09-29,214.17,215.49,212.49,213.3,198.76,12481132
2014-09-30,212.13,216.8,211.45,216.17,201.44,17642155
2014-10-01,215.69,216.15,211.67,211.94,197.5,8656245
2014-10-07,211.95,213.7,211.09,211.7,197.27,12404189
2014-10-08,210.56,215.21,210.56,214.11,199.52,9827783
2014-10-09,214.46,218.81,214.46,218.22,203.34,11164671
2014-10-10,216.47,221.5,213.98,219.59,204.62,15465656
2014-10-13,219.85,220.53,216.71,218.96,204.04,13881865
2014-10-14,223.78,223.78,219.12,219.73,204.75,19077913
2014-10-15,219.73,219.73,219.73,219.73,204.75,0
2014-10-16,217.53,218.73,212.13,212.81,198.31,19017182
2014-10-17,213.95,215.02,211.49,214.39,199.78,15313270
2014-10-20,214.53,215.01,208.36,213.74,199.17,21187302
2014-10-21,213.55,214.18,211.92,212.43,197.95,17621790
2014-10-22,213.75,217.34,213.3,216.16,201.43,13384016
2014-10-27,220.34,220.34,214.14,215.18,200.51,10072622
2014-10-28,215.12,215.33,211.69,213.51,198.96,22023470
2014-10-29,214.09,217.93,213.53,217.52,202.69,17516848
2014-10-30,216.7,224.37,216.49,223.84,208.58,32745121
2014-10-31,224.43,229.43,224.43,228.71,213.12,14086084
2014-11-03,229.5,230.64,226.33,229.12,213.5,12376151
2014-11-05,229.04,230.53,225.93,226.59,211.15,15730002
2014-11-07,226.4,227.52,223.57,224.13,208.85,11633677
2014-11-10,224.65,226.25,221.1,221.58,206.47,10482542
2014-11-11,222.27,225.79,220.87,223.49,208.25,10100100
2014-11-12,224.46,224.7,221.43,222.65,207.48,9286081
2014-11-13,222.64,223.97,220.22,221.55,206.45,7041533
2014-11-14,221.5,223.5,220.59,221.53,206.43,8424014
2014-11-17,220.81,225.74,220.81,225.2,209.85,10224348
2014-11-18,225.26,228.06,225.2,225.99,210.59,13410579
2014-11-19,225.99,226.75,223.21,223.59,208.35,8099318
2014-11-20,223.55,224.86,221.79,224.18,208.9,11342020
2014-11-21,224.06,228.81,224.06,228.06,212.51,11739875
2014-11-24,228.63,229.53,224.4,225.23,209.88,12426216
2014-11-25,225.18,227.42,222.48,226.98,211.51,14606201
2014-11-26,226.74,226.98,224.61,225.62,210.24,13155281
2014-11-27,226.3,226.98,224.71,225.99,210.59,12279963
2014-11-28,226.23,232.55,224.74,226.66,211.21,20881173
2014-12-01,226.07,226.74,219.11,219.81,204.82,17382184
2014-12-02,219.9,222.01,218.98,220.05,205.05,9453044
2014-12-03,219.11,222.64,219.11,221.35,206.26,9789854
2014-12-04,221.29,222.86,218.46,219.11,204.17,10775294
2014-12-05,219.67,221.04,218.32,218.83,203.92,10048267
2014-12-08,219.44,220.09,215.38,215.92,201.2,10238784
2014-12-09,215.1,217.31,212.81,214.83,200.19,10598750
2014-12-10,212.91,215.09,212.58,213.17,198.64,13242754
2014-12-11,212.35,212.35,206.49,207.13,193.01,22620658
2014-12-12,207.32,208.24,201.0,201.69,187.94,17874849
2014-12-15,200.68,201.56,199.32,200.88,187.19,12647964
2014-12-16,200.42,201.9,196.51,197.63,184.16,20886278
2014-12-17,197.78,199.99,197.6,198.75,185.21,20779949
2014-12-18,201.51,202.25,197.64,201.18,187.46,14970699
2014-12-19,202.32,207.64,201.72,205.85,191.82,20073537
2014-12-22,206.18,207.28,203.67,206.84,192.75,8305143
2014-12-23,206.26,206.67,203.85,204.3,190.37,10583206
2014-12-24,204.3,205.07,201.15,202.1,188.33,22479751
2014-12-26,202.66,204.04,201.18,203.18,189.33,4890141
2014-12-29,203.1,205.51,202.74,205.04,191.06,6931660
2014-12-30,205.06,205.36,200.49,201.19,187.47,11627412
2014-12-31,201.15,204.33,200.94,203.7,189.82,8464992
2015-01-01,202.59,203.9,201.99,202.96,189.13,2963643
2015-01-02,203.0,204.82,202.14,202.42,188.62,7331366
2015-01-05,202.3,203.64,199.8,200.2,186.56,10103941
2015-01-06,198.87,199.55,190.18,191.12,178.09,18627980
2015-01-07,191.35,196.31,191.32,195.28,181.97,20720312
2015-01-08,196.6,197.24,192.04,192.48,179.36,19872227
2015-01-09,193.93,197.04,193.15,196.65,183.25,13392787
2015-01-12,196.7,196.81,192.38,194.36,181.12,10100113
2015-01-13,194.98,195.43,192.12,192.73,179.59,9948711
2015-01-14,192.7,193.61,190.0,190.86,177.85,11380041
2015-01-15,192.01,199.12,192.01,197.55,184.09,16927085
2015-01-16,196.58,200.01,194.76,198.8,185.25,19136963
2015-01-19,198.91,202.52,196.3,201.07,187.37,13339962
2015-01-20,201.5,206.99,200.89,206.42,192.35,13361320
2015-01-21,206.87,208.33,203.91,207.27,193.14,17084297
2015-01-22,206.9,207.37,201.04,202.01,188.24,23721627
2015-01-23,203.44,205.22,200.47,202.73,188.91,18080494
2015-01-27,204.1,204.97,201.27,203.22,189.37,17939876
2015-01-28,202.55,207.96,202.55,207.29,193.16,19298126
2015-01-29,207.35,213.61,207.3,212.45,197.96,36117653
2015-01-30,212.58,212.87,207.78,209.21,194.95,21746801
2015-02-02,209.39,210.27,207.03,207.56,193.42,19302710
2015-02-03,208.74,215.06,208.74,214.32,199.71,17092333
2015-02-04,214.66,215.74,211.65,212.31,197.84,14072894
2015-02-05,213.95,214.85,209.75,211.14,196.75,12365643
2015-02-06,211.23,212.58,206.41,207.99,193.81,9045844
2015-02-09,206.0,209.84,203.9,204.97,191.0,8839692
2015-02-10,205.27,206.75,196.88,201.61,187.87,13651008
2015-02-11,202.52,206.81,201.84,205.88,191.85,9781008
2015-02-12,207.55,208.91,202.81,207.82,193.65,8709626
2015-02-13,208.93,210.48,207.79,209.73,195.43,7393680
2015-02-16,210.0,211.26,205.72,206.36,192.3,12266698
2015-02-18,205.72,207.55,204.44,206.1,192.05,9835036
2015-02-19,207.31,207.46,202.88,206.19,192.14,9550637
2015-02-20,204.64,204.81,199.16,199.58,185.97,18717199
2015-02-23,198.86,200.41,193.63,194.63,181.36,14104463
2015-02-24,195.27,195.85,191.32,192.34,179.23,19946218
2015-02-25,194.02,195.78,192.25,192.73,179.59,15274116
2015-02-26,193.4,194.3,191.23,192.47,179.35,21459750
2015-02-27,193.74,196.81,193.06,195.56,182.23,18659378
2015-03-02,198.64,200.12,195.56,197.55,184.09,14579511
2015-03-03,198.64,207.2,198.27,205.91,191.87,20636925
2015-03-04,207.1,207.93,201.16,202.95,189.11,14476047
2015-03-05,204.01,205.44,200.73,202.28,188.5,10716702
2015-03-09,202.32,203.84,197.53,198.79,185.24,14065391
2015-03-10,198.63,200.19,195.53,196.39,183.0,15234060
2015-03-11,196.8,198.78,194.84,195.66,182.32,11635873
2015-03-12,196.12,198.27,195.58,197.45,183.99,11782380
2015-03-13,198.64,198.78,193.61,194.32,181.07,12936157
2015-03-16,194.64,195.2,192.08,192.49,179.37,13839990
2015-03-17,194.42,196.56,192.24,195.86,182.51,19070082
2015-03-18,195.9,199.38,195.37,198.56,185.03,9269885
2015-03-19,200.14,200.4,195.23,195.7,182.36,13934612
2015-03-20,196.1,196.84,193.98,195.23,181.93,10405717
2015-03-23,195.78,197.5,191.58,192.46,179.34,13251683
2015-03-24,192.49,195.28,192.49,193.83,180.62,9238431
2015-03-25,194.07,194.18,192.24,193.13,179.97,10264941
2015-03-26,192.26,194.12,188.38,189.56,176.64,20621346
2015-03-27,190.62,190.87,183.2,185.54,172.89,23326922
2015-03-30,186.66,186.91,182.06,185.32,172.69,17330588
2015-03-31,186.98,190.39,186.98,188.81,175.94,20235395
2015-04-01,188.56,191.78,185.86,191.11,178.08,14588531
2015-04-06,191.1,191.55,187.76,188.5,175.65,12334096
2015-04-07,188.82,191.12,188.82,190.38,177.4,21275454
2015-04-08,190.52,198.75,190.39,197.93,184.44,24821205
2015-04-09,197.84,205.5,196.31,204.6,190.66,27276420
2015-04-10,204.57,207.74,203.23,206.72,192.63,25323219
2015-04-13,207.28,211.38,205.44,210.87,196.5,20177342
2015-04-15,210.53,214.78,207.37,211.13,196.74,22231264
2015-04-16,211.33,214.41,210.07,212.21,197.74,20177302
2015-04-17,213.74,215.85,210.89,211.86,197.42,23958678
2015-04-20,214.25,214.29,200.81,202.44,188.65,37628162
2015-04-21,203.47,204.7,199.43,200.34,186.69,17707007
2015-04-22,201.59,202.7,198.18,201.1,187.39,14761313
2015-04-23,202.03,203.3,198.65,200.48,186.81,13337818
2015-04-24,200.47,202.17,198.56,200.9,187.21,12709854
2015-04-27,201.16,202.87,199.2,200.08,186.44,11042925
2015-04-28,199.94,201.61,196.25,197.77,184.29,14687371
2015-04-29,197.04,198.99,193.7,194.3,181.05,16387960
2015-04-30,194.3,197.93,193.83,197.12,183.68,34802149
2015-05-04,198.0,204.33,196.7,203.66,189.78,15078502
2015-05-05,204.28,206.14,202.32,203.93,190.03,17846755
2015-05-06,203.44,204.98,199.32,201.21,187.5,22438208
2015-05-07,200.01,200.8,196.58,199.04,185.47,16735535
2015-05-08,199.1,204.3,196.83,203.37,191.9,17104443
2015-05-11,204.09,205.6,201.93,204.8,193.24,14214007
2015-05-12,204.56,204.56,197.76,198.57,187.37,16650201
2015-05-13,199.63,203.13,195.94,202.32,190.9,16701434
2015-05-14,202.52,202.57,198.94,200.74,189.42,12329713
2015-05-15,201.59,202.74,198.89,199.77,188.5,8331715
2015-05-18,199.99,204.35,199.37,203.79,192.3,9847540
2015-05-19,203.72,206.81,202.66,204.71,193.16,14513036
2015-05-20,205.82,208.24,205.2,207.75,196.03,8708891
2015-05-21,208.3,209.25,204.38,204.98,193.42,10759523
2015-05-22,205.04,207.0,205.04,206.6,194.95,8349048
2015-05-25,205.72,207.55,203.98,204.47,192.93,6617337
2015-05-26,204.58,204.81,201.77,202.2,190.8,9510249
2015-05-27,202.52,203.64,201.2,202.36,190.95,8078236
2015-05-28,202.49,204.41,199.32,200.19,188.9,26538868
2015-05-29,201.13,202.63,199.58,200.47,189.16,29277517
2015-06-01,201.15,206.84,200.7,206.24,194.6,19594976
2015-06-02,207.04,210.02,203.77,205.42,193.83,20178960
2015-06-03,205.5,208.11,203.1,204.89,193.33,15546279
2015-06-04,206.68,209.43,204.02,208.63,196.86,15931395
2015-06-05,207.99,209.6,206.74,207.5,195.79,13066337
2015-06-08,207.28,208.01,201.86,202.4,190.98,10846953
2015-06-09,201.96,203.59,200.55,202.0,190.6,9153355
2015-06-10,202.52,207.99,202.3,207.05,195.37,13509379
2015-06-11,207.1,207.9,199.7,200.5,189.19,14676438
2015-06-12,200.92,204.06,200.75,203.4,191.93,21543824
2015-06-15,204.56,206.87,203.44,206.12,194.5,12858570
2015-06-16,205.5,206.87,204.17,206.63,194.97,13929305
2015-06-17,206.88,215.41,204.35,212.86,200.85,26232634
2015-06-18,213.17,224.47,213.15,223.77,211.15,49366799
2015-06-19,224.58,230.05,224.58,227.82,214.96,45710935
2015-06-22,227.89,230.57,225.5,226.69,213.9,19394187
2015-06-23,226.9,229.2,226.53,227.44,214.61,16007498
2015-06-24,227.44,230.06,225.53,226.5,213.72,18603004
2015-06-25,225.61,230.64,225.15,229.62,216.67,27175118
2015-06-26,228.56,231.81,227.53,228.74,215.84,20966796
2015-06-29,225.82,227.18,222.18,226.49,213.71,20168946
2015-06-30,226.27,229.23,225.84,228.61,215.71,23184864
2015-07-01,228.81,230.97,228.81,229.87,216.91,14824266
2015-07-02,230.64,233.1,230.21,231.06,218.03,15931202
2015-07-03,230.81,231.74,229.28,230.23,217.24,13831096
2015-07-06,227.69,232.9,227.49,232.14,219.04,12237733
2015-07-07,231.1,232.38,228.58,229.33,216.39,11294999
2015-07-08,227.63,230.57,226.67,227.81,214.95,15190654
2015-07-09,227.67,228.81,224.73,225.7,212.97,16245867
2015-07-10,226.55,229.5,226.35,228.99,216.07,16110573
2015-07-13,228.99,231.44,227.47,230.18,217.2,9860248
2015-07-14,230.62,231.21,227.49,228.08,215.21,9942927
2015-07-15,228.53,231.87,228.48,231.13,218.09,13532911
2015-07-16,231.33,234.94,231.13,234.0,220.8,14854295
2015-07-17,234.35,235.7,232.7,233.54,220.37,10195142
2015-07-20,234.94,235.43,232.67,234.24,221.02,6348354
2015-07-21,234.98,235.09,229.21,230.37,217.37,7923338
2015-07-22,229.73,240.92,229.63,240.1,226.56,17309440
2015-07-23,240.81,244.09,238.0,238.94,225.46,18642915
2015-07-24,239.56,239.93,233.41,234.31,221.09,13099664
2015-07-27,234.27,235.42,228.98,229.81,216.84,20118553
2015-07-28,230.48,232.4,228.61,230.93,217.9,13382878
2015-07-29,230.75,231.49,226.78,227.67,214.82,14790821
2015-07-30,228.61,230.41,226.82,228.62,215.72,11701228
2015-07-31,228.58,230.39,226.3,229.01,216.09,16634259
2015-08-03,228.81,231.75,228.45,229.14,216.22,9887787
2015-08-04,229.36,229.87,224.01,225.84,213.1,12006872
2015-08-05,225.9,228.77,224.95,225.78,213.04,14345010
2015-08-06,226.53,226.75,223.44,223.77,211.15,8708037
2015-08-07,223.78,227.21,223.36,225.01,212.31,8608888
2015-08-10,225.04,226.02,220.47,221.47,208.98,9288894
2015-08-11,221.95,222.56,218.98,220.81,208.35,8762464
2015-08-12,220.26,220.81,214.99,215.53,203.37,9650325
2015-08-13,216.47,218.06,212.45,213.35,201.31,9340350
2015-08-14,214.93,222.18,213.57,221.03,208.56,12739366
2015-08-17,220.81,220.81,216.25,217.31,205.05,10857430
2015-08-18,218.53,218.53,215.37,215.81,203.63,6630334
2015-08-19,215.78,219.67,214.74,218.21,205.89,8877298
2015-08-20,219.43,219.43,208.87,209.45,197.63,19008087
2015-08-21,208.01,208.45,205.04,207.54,195.83,20050521
2015-08-24,201.15,201.15,186.98,189.62,178.92,35635706
2015-08-25,192.2,196.73,188.17,193.87,182.93,49504268
2015-08-26,193.79,199.96,192.01,195.07,184.07,18955515
2015-08-27,198.14,201.44,195.91,198.67,187.46,26997546
2015-08-28,200.01,201.84,197.98,199.42,188.17,10770215
2015-08-31,199.52,199.52,195.16,195.64,184.61,20708942
2015-09-01,195.19,195.19,190.89,191.98,181.14,21645696
2015-09-02,194.3,195.92,192.6,194.19,183.24,19652369
2015-09-03,195.22,196.75,193.02,195.18,184.16,11659978
2015-09-04,194.23,194.23,188.6,191.07,180.29,16199949
2015-09-07,191.61,192.92,189.2,190.46,179.71,10234633
2015-09-08,191.1,194.97,188.6,193.98,183.03,12900468
2015-09-09,196.81,200.86,194.41,199.79,188.52,17340694
2015-09-10,196.81,198.98,195.55,198.18,187.0,11074406
2015-09-11,199.32,200.26,195.71,196.8,185.7,10634833
2015-09-14,196.98,197.88,194.73,197.46,186.32,7964072
2015-09-15,197.04,198.87,195.58,198.18,187.0,11509788
2015-09-16,199.35,200.55,197.77,199.45,188.2,13424811
2015-09-18,200.8,205.61,200.5,204.67,193.13,34261453
2015-09-21,201.15,203.03,200.25,200.72,189.39,12732187
2015-09-22,201.15,202.27,193.04,193.82,182.88,15745524
2015-09-23,192.7,195.85,192.01,194.38,183.41,15221260
2015-09-24,193.84,193.84,190.81,191.4,180.61,29076982
2015-09-28,191.96,192.22,189.43,190.7,179.94,11624639
2015-09-29,189.72,194.35,188.83,192.18,181.34,15853471
2015-09-30,194.52,197.68,191.67,197.11,185.99,17292020
2015-10-01,199.77,199.77,196.26,197.66,186.5,8663393
2015-10-05,197.22,203.44,197.0,202.98,191.53,16015412
2015-10-06,204.73,205.84,202.47,205.28,193.7,12330294
2015-10-07,204.51,209.85,203.67,208.88,197.09,11515191
2015-10-08,209.13,209.13,202.58,203.23,191.77,10753149
2015-10-09,204.36,206.97,201.5,202.83,191.39,9327873
2015-10-12,202.98,206.09,202.98,203.84,192.34,6212395
2015-10-13,202.31,204.88,201.82,204.26,192.74,6162561
2015-10-14,204.76,206.87,204.34,206.4,194.75,8002587
2015-10-15,207.48,208.24,205.75,206.57,194.92,9048478
2015-10-16,206.75,209.11,206.57,209.11,197.31,15246935
2015-10-19,215.1,220.7,215.1,220.24,207.81,33505855
2015-10-20,220.58,220.97,217.84,218.69,206.35,18091895
2015-10-21,218.41,222.82,217.84,218.3,205.98,14404450
2015-10-23,220.34,222.42,215.13,218.45,206.12,12153422
2015-10-26,219.87,220.13,215.17,215.52,203.36,10938775
2015-10-27,214.59,216.75,214.27,214.77,202.65,11601798
2015-10-28,214.16,215.99,212.56,214.17,202.09,11958727
2015-10-29,213.95,216.01,213.71,215.1,202.96,13280382
2015-10-30,215.35,218.5,214.89,216.63,204.41,13366359
2015-11-02,216.93,219.78,216.06,219.39,207.02,7222044
2015-11-03,220.18,221.83,219.73,221.09,208.61,11373522
2015-11-04,221.27,222.87,216.29,217.45,205.18,10033187
2015-11-05,216.93,217.38,213.27,214.09,202.01,10767454
2015-11-06,214.74,218.24,214.39,217.7,205.42,8367190
2015-11-09,213.38,220.58,211.09,219.73,207.33,17031699
2015-11-10,218.75,219.33,209.45,210.93,199.02,11486238
2015-11-13,209.17,214.54,209.04,213.28,201.25,13682323
2015-11-16,211.67,215.33,211.38,213.57,201.52,15346549
2015-11-17,214.42,214.62,211.71,212.07,200.1,8588142
2015-11-18,212.03,212.88,208.0,208.47,196.71,11249222
2015-11-19,210.05,214.57,209.67,213.67,201.61,12183206
2015-11-20,213.5,217.79,211.57,216.43,204.22,11304265
2015-11-23,217.15,218.96,216.29,218.01,205.71,10499517
2015-11-24,217.84,222.09,217.39,221.2,208.72,14806176
2015-11-26,221.95,226.74,221.33,225.99,213.24,23805828
2015-11-27,226.07,226.87,222.66,223.79,211.17,10891864
2015-11-30,223.67,225.02,219.97,221.06,208.59,29919205
2015-12-01,220.35,223.74,219.73,220.79,208.33,12981379
2015-12-02,220.87,223.94,220.47,223.54,210.93,7573628
2015-12-03,222.85,226.06,222.66,223.37,210.77,11361395
2015-12-04,222.25,223.14,219.76,220.69,208.23,13443688
2015-12-07,220.69,222.41,217.1,217.62,205.34,14483909
2015-12-08,216.9,217.98,213.98,215.07,202.94,7532164
2015-12-09,214.0,215.66,208.66,209.36,197.55,9174419
2015-12-10,210.87,218.02,210.3,217.23,204.98,18592203
2015-12-11,217.55,219.21,215.53,217.83,205.54,18155513
2015-12-14,216.61,220.24,216.24,218.32,206.0,10563900
2015-12-15,218.75,223.54,217.99,223.07,210.49,15718833
2015-12-16,223.07,225.74,222.53,223.7,211.08,12097338
2015-12-17,224.02,232.01,223.55,230.8,217.78,19369032
2015-12-18,229.45,230.64,226.3,226.73,213.94,16016139
2015-12-21,225.82,228.35,225.01,226.78,213.98,12331769
2015-12-22,226.94,229.18,224.93,225.68,212.95,11579277
2015-12-23,226.71,230.16,226.3,229.45,216.51,12919467
2015-12-24,229.47,230.23,227.74,228.71,215.81,11901877
2015-12-28,228.72,231.73,228.58,230.96,217.93,12885935
2015-12-29,230.96,232.86,230.22,232.1,219.01,14913870
2015-12-30,232.01,232.24,229.04,229.61,216.66,8151610
2015-12-31,229.36,233.09,228.38,231.92,218.84,18483713
2016-01-01,230.82,232.9,230.46,232.09,219.0,5416562
2016-01-04,229.73,231.74,225.54,227.51,214.67,30170947
2016-01-05,228.65,230.87,227.9,229.76,216.8,14946239
2016-01-06,230.32,237.36,228.67,235.94,222.63,26759864
2016-01-07,233.39,234.98,230.42,231.61,218.54,19739943
2016-01-08,233.15,236.1,232.4,234.47,221.24,21313199
2016-01-11,232.23,242.48,231.1,240.38,226.82,29016443
2016-01-12,241.16,243.53,237.98,238.97,225.49,23373377
2016-01-13,240.72,249.1,239.37,246.15,232.26,71802356
2016-01-14,243.18,247.1,240.71,242.68,228.98,27823189
2016-01-15,244.53,249.04,243.58,245.34,231.5,28767318
2016-01-18,245.73,247.77,230.43,232.43,219.32,27254669
2016-01-19,235.21,239.97,231.81,238.55,225.09,21489315
2016-01-20,236.56,236.56,226.3,229.62,216.67,45114225
2016-01-21,232.59,234.47,223.26,224.97,212.28,31768619
2016-01-22,227.22,231.1,227.22,229.53,216.58,23682648
2016-01-25,230.87,232.87,228.58,229.49,216.54,13099564
2016-01-27,230.43,230.87,227.89,228.43,215.55,17251028
2016-01-28,228.81,233.57,227.92,232.45,219.33,23074633
2016-01-29,232.91,237.73,232.7,236.68,223.32,19177163
2016-02-01,237.72,238.14,234.42,235.51,222.22,9918809
2016-02-02,235.51,236.08,226.41,228.85,215.93,14771279
2016-02-03,225.84,227.21,222.87,224.33,211.67,15691478
2016-02-04,225.84,228.81,220.74,222.42,209.87,18203784
2016-02-05,223.81,224.47,219.76,221.93,209.41,20998404
2016-02-08,221.98,225.11,218.97,219.68,207.29,12078110
2016-02-09,217.82,221.45,217.15,218.87,206.52,19603494
2016-02-10,217.54,222.41,216.85,220.05,207.63,16883350
2016-02-11,220.09,220.8,209.27,211.34,199.41,17114833
2016-02-12,213.47,213.47,203.0,207.22,195.53,29319458
2016-02-15,209.84,217.46,209.84,216.41,204.2,19283523
2016-02-16,217.41,218.98,211.9,212.71,200.71,13024856
2016-02-17,213.75,218.86,209.47,217.75,205.46,15442221
2016-02-18,220.11,221.43,213.95,214.89,202.77,14433087
2016-02-19,214.87,217.78,214.26,215.86,203.68,10235503
2016-02-22,215.81,221.34,215.81,219.97,207.56,12770834
2016-02-23,220.15,221.09,215.5,217.07,204.83,18989787
2016-02-24,215.99,219.11,215.33,217.76,205.47,15186204
2016-02-25,218.11,218.65,215.06,215.81,203.63,24826958
2016-02-26,217.84,219.15,215.85,217.23,204.98,8349402
2016-02-29,217.45,227.35,213.73,220.96,208.49,31032353
2016-03-01,220.51,225.17,220.5,224.31,211.65,16453192
2016-03-02,226.96,229.9,225.67,228.93,216.01,20105967
2016-03-03,230.87,232.7,228.01,231.52,218.46,15880459
2016-03-04,231.78,232.01,229.38,230.05,217.07,8987660
2016-03-08,230.3,235.65,230.3,234.75,221.51,13222993
2016-03-09,233.15,238.62,232.83,238.12,224.68,11854901
2016-03-10,238.2,239.08,230.64,231.27,218.22,20706353
2016-03-11,231.99,235.34,231.01,231.9,218.81,15319044
2016-03-14,232.95,234.62,231.54,233.1,219.95,11880095
2016-03-15,234.07,234.95,232.03,233.27,220.11,10487788
2016-03-16,233.38,234.48,229.83,233.55,220.38,11064129
2016-03-17,234.75,237.02,231.33,232.24,221.6,16832997
2016-03-18,232.75,235.47,232.17,234.8,224.05,14030979
2016-03-21,234.97,238.07,233.78,237.11,226.25,12708074
2016-03-22,237.04,240.53,236.73,239.52,228.55,15333442
2016-03-23,239.3,239.3,233.7,235.26,224.48,16806372
2016-03-28,235.44,235.83,232.16,233.25,222.56,18070240
2016-03-29,234.02,238.18,233.2,236.87,226.02,15871250
2016-03-30,238.34,240.41,238.34,239.34,228.38,14453294
2016-03-31,237.96,241.38,236.06,238.92,227.97,30833349
2016-04-01,237.52,239.17,234.3,236.46,225.63,12381116
2016-04-04,237.73,238.23,234.37,236.6,225.76,8632568
2016-04-05,235.75,238.28,233.66,234.74,223.99,10259495
2016-04-06,235.92,236.97,233.75,236.3,225.48,6990781
2016-04-07,236.56,239.56,233.63,237.1,226.24,8789163
2016-04-08,236.79,241.03,235.71,236.89,226.04,13411752
2016-04-11,237.04,238.98,236.13,237.8,226.91,10308361
2016-04-12,237.8,241.72,237.28,239.42,228.45,11164859
2016-04-13,240.6,244.56,240.6,243.68,232.52,16038542
2016-04-18,243.62,243.85,241.25,243.38,232.24,19065716
2016-04-20,244.4,244.4,236.77,237.11,226.25,21687934
2016-04-21,238.05,240.47,236.58,237.99,227.09,11380697
2016-04-22,237.5,239.44,235.28,237.49,226.61,11705087
2016-04-25,238.74,238.74,231.39,232.45,221.8,61157544
2016-04-26,232.1,234.05,230.3,232.46,221.81,26429236
2016-04-27,232.67,234.51,232.24,233.02,222.35,14502641
2016-04-28,231.78,232.97,226.51,227.83,217.4,61949033
2016-04-29,227.09,228.25,223.75,224.63,214.34,23479680
2016-05-02,223.78,226.85,223.55,225.6,215.27,10620873
2016-05-03,225.84,227.43,222.35,223.05,212.84,17571826
2016-05-04,222.65,224.86,222.41,223.58,213.34,13546285
2016-05-05,224.01,224.8,221.93,222.93,212.72,21665684
2016-05-06,222.41,223.28,221.04,221.49,211.34,14748329
2016-05-09,222.87,225.38,222.37,224.72,214.43,15347096
2016-05-10,224.72,225.09,223.55,224.59,214.31,7248302
2016-05-11,222.14,224.18,221.73,222.96,212.75,12339923
2016-05-12,223.1,227.26,222.88,226.94,216.54,12786216
2016-05-13,226.06,226.42,222.87,223.59,213.35,14648291
2016-05-16,223.33,224.58,221.98,223.09,212.87,9327335
2016-05-17,224.07,224.72,220.89,221.53,211.39,12157600
2016-05-18,220.79,222.3,220.38,221.85,211.69,8228838
2016-05-19,222.11,222.16,216.15,217.43,207.47,9134784
2016-05-20,217.61,218.18,212.89,213.54,203.76,18544619
2016-05-23,214.26,215.03,211.59,212.58,202.85,18365734
2016-05-24,212.14,215.78,212.14,214.97,205.13,12283217
2016-05-25,217.12,217.79,215.13,217.43,207.47,9240115
2016-05-26,217.15,217.7,215.81,216.43,206.52,14190024
2016-05-27,216.94,223.3,216.87,222.8,212.6,13401594
2016-05-30,223.19,224.35,220.58,221.43,211.29,9633652
2016-05-31,221.5,222.41,218.64,218.95,208.92,23332727
2016-06-01,218.97,220.83,217.57,217.98,207.99,9042808
2016-06-02,218.18,218.79,216.03,218.58,208.57,10253825
2016-06-03,219.44,220.1,218.49,219.36,209.31,8643295
2016-06-06,219.67,220.13,217.74,218.25,208.26,8672842
2016-06-07,218.81,219.66,217.52,218.31,208.31,18954268
2016-06-08,218.98,218.98,216.96,218.09,208.1,12135516
2016-06-09,219.44,223.2,218.57,221.99,211.82,15643495
2016-06-10,222.64,225.02,221.34,223.26,213.03,16316760
2016-06-13,221.7,224.8,220.14,224.26,213.99,10214469
2016-06-14,224.23,225.25,221.57,223.15,212.93,10923848
2016-06-15,224.01,225.5,222.58,225.06,214.76,11129082
2016-06-16,224.24,224.85,221.05,223.17,212.95,9372207
2016-06-17,223.33,223.7,221.75,222.85,212.64,10534878
2016-06-20,222.22,226.89,221.27,226.34,215.98,10758608
2016-06-21,227.23,227.25,223.94,225.63,215.3,13933068
2016-06-22,225.15,225.36,223.35,224.13,213.86,12788710
2016-06-23,224.0,224.47,221.73,224.11,213.85,9837526
2016-06-24,220.56,220.56,213.36,217.49,207.53,24985097
2016-06-27,214.98,219.07,214.98,218.45,208.44,9163399
2016-06-28,218.62,219.79,218.3,218.94,208.91,7604977
2016-06-29,219.9,221.49,219.44,221.02,210.9,7523987
2016-06-30,222.18,223.44,221.05,221.53,211.39,12758283
2016-07-01,222.35,223.28,221.73,222.51,212.32,6610193
2016-07-04,222.98,227.12,222.98,225.54,215.21,7803505
2016-07-05,225.41,229.25,224.08,227.01,216.61,11359882
2016-07-07,226.87,228.7,225.42,225.82,215.48,12029091
2016-07-08,225.61,226.07,223.18,223.65,213.4,7140617
2016-07-11,226.53,227.43,225.27,226.87,216.48,8266601
2016-07-12,227.5,229.73,226.53,229.36,218.86,9767494
2016-07-13,229.77,232.4,229.53,230.58,220.02,14915296
2016-07-14,230.43,231.81,228.18,229.7,219.18,10758372
2016-07-15,230.64,233.38,229.38,231.37,220.78,13992989
2016-07-18,234.98,237.44,228.98,230.01,219.48,32106850
2016-07-19,229.95,233.83,227.51,232.65,222.0,16649300
2016-07-20,233.14,235.05,232.37,233.84,223.13,12265316
2016-07-21,234.07,234.3,229.73,230.03,219.5,6711097
2016-07-22,229.95,232.65,229.75,231.98,221.35,6899519
2016-07-25,231.78,234.01,230.26,233.78,223.08,8241568
2016-07-26,233.84,236.54,232.06,234.08,223.36,10516399
2016-07-27,233.85,234.53,230.63,231.58,220.97,11030767
2016-07-28,232.0,235.55,231.57,234.61,223.86,15610838
2016-07-29,234.07,234.27,231.33,231.99,221.37,9629597
2016-08-01,232.7,233.22,229.74,230.75,220.19,7978251
2016-08-02,230.41,233.15,230.02,231.51,220.91,7710138
2016-08-03,231.87,231.87,226.64,227.2,216.8,11872282
2016-08-04,228.35,228.58,224.79,226.98,216.59,10187608
2016-08-05,228.13,232.93,227.91,232.3,221.66,12109001
2016-08-08,233.13,236.36,232.85,235.27,224.5,13556347
2016-08-09,234.75,236.47,233.38,235.6,224.81,13290768
2016-08-10,235.73,236.48,229.04,229.42,218.91,13471958
2016-08-11,229.03,233.81,228.49,231.81,221.19,14169454
2016-08-12,232.47,238.39,232.47,236.77,225.92,16365425
2016-08-16,236.87,238.82,232.13,234.27,223.55,13367575
2016-08-17,234.09,235.17,230.23,231.62,221.02,15486572
2016-08-18,232.24,233.99,232.24,232.71,222.05,7749690
2016-08-19,232.7,233.61,230.21,231.99,221.37,8177802
2016-08-22,231.33,233.09,230.23,231.29,220.7,6684236
2016-08-23,231.33,232.01,229.73,230.97,220.39,7320433
2016-08-24,231.26,233.6,231.1,233.27,222.59,8719596
2016-08-25,233.43,235.21,230.64,231.49,220.89,14960746
2016-08-26,232.67,235.62,231.92,234.96,224.2,9639663
2016-08-29,234.81,242.24,234.55,241.72,230.65,16193208
2016-08-30,242.76,244.24,240.7,243.76,232.6,18170724
2016-08-31,243.42,245.5,239.33,242.3,231.2,23295502
2016-09-01,240.7,245.21,234.46,235.26,224.48,42621045
2016-09-02,235.69,236.02,229.11,231.63,221.03,28124615
2016-09-06,233.13,234.3,232.01,233.13,222.46,11510431
2016-09-07,233.61,234.77,231.57,232.62,221.96,12927438
2016-09-08,233.85,236.8,233.2,236.22,225.4,12206479
2016-09-09,236.58,239.99,235.44,238.77,227.83,15269894
2016-09-12,235.53,241.38,235.25,239.21,228.26,33684893
2016-09-14,239.56,242.07,237.93,238.81,227.88,18604842
2016-09-15,239.33,244.63,239.33,243.44,232.29,31371009
2016-09-16,243.9,250.04,242.09,245.85,234.59,39324529
2016-09-19,245.17,248.7,244.81,247.42,236.09,16678060
2016-09-20,247.78,247.96,244.37,245.54,234.3,11531268
2016-09-21,245.5,247.99,244.36,245.1,233.87,10943394
2016-09-22,247.56,250.48,246.64,248.92,237.52,18761415
2016-09-23,248.93,253.6,248.93,252.08,240.54,31085948
2016-09-26,252.22,258.2,251.5,253.09,241.5,38213411
2016-09-27,255.33,257.37,252.95,253.84,242.22,19374535
2016-09-28,253.25,253.27,248.31,249.3,237.89,24820234
2016-09-29,250.3,253.9,243.99,245.14,233.92,21260295
2016-09-30,244.13,250.2,243.74,247.72,236.37,11199883
2016-10-03,248.47,253.26,246.01,249.32,237.9,18125170
2016-10-04,249.85,253.34,249.61,250.61,239.13,13113580
2016-10-05,252.36,252.93,248.2,249.02,237.61,10789932
2016-10-06,249.61,257.44,249.61,253.91,242.28,21111045
2016-10-07,254.64,256.71,252.93,253.5,241.89,15280380
2016-10-10,254.64,256.47,250.07,250.61,239.13,11553662
2016-10-13,248.93,248.94,240.47,241.65,230.58,21938040
2016-10-14,242.98,247.33,242.68,246.33,235.05,15265659
2016-10-17,246.87,247.05,242.01,242.45,231.34,9826781
2016-10-18,243.67,247.5,242.77,247.12,235.8,11073137
2016-10-19,247.89,250.23,247.19,248.55,237.17,17073242
2016-10-20,250.06,250.98,247.8,248.6,237.21,10125508
2016-10-21,250.76,250.76,241.93,243.26,232.12,43608816
2016-10-24,244.58,245.5,242.45,243.05,231.92,10513017
2016-10-25,243.44,243.5,240.97,242.49,231.39,7658966
2016-10-26,241.4,242.17,240.49,240.94,229.9,10945927
2016-10-27,240.26,240.9,238.5,239.72,228.74,12842476
2016-10-28,240.01,241.84,238.6,241.14,230.1,8127969
2016-11-01,240.31,241.37,239.42,240.24,229.24,10223897
2016-11-02,237.96,238.38,233.38,234.01,223.3,7039997
2016-11-03,234.03,236.53,233.29,234.06,223.34,7311872
2016-11-04,233.21,234.73,228.58,229.85,219.33,11535892
2016-11-07,231.78,232.37,228.37,228.85,218.37,9506040
2016-11-08,229.89,229.89,228.19,229.38,218.88,13432073
2016-11-09,217.15,230.64,212.58,229.63,219.12,21640144
2016-11-10,232.83,235.2,230.18,230.96,220.38,9764091
2016-11-11,228.09,232.58,227.46,228.98,218.5,14775330
2016-11-15,227.78,228.58,223.91,225.25,214.93,14487470
2016-11-16,227.44,227.85,224.17,225.51,215.18,16550762
2016-11-17,225.38,228.16,222.73,223.5,213.26,12628378
2016-11-18,225.15,226.91,224.47,225.73,215.39,18163751
2016-11-21,225.74,227.11,224.74,226.64,216.26,13232434
2016-11-22,228.06,230.37,227.05,228.91,218.43,17646355
2016-11-23,229.73,230.98,228.48,230.64,220.08,13107911
2016-11-24,229.85,229.85,224.51,225.69,215.36,18913793
2016-11-25,226.3,227.65,225.01,227.14,216.74,10454964
2016-11-28,226.98,228.72,224.95,225.53,215.2,8312777
2016-11-29,226.07,229.57,225.85,228.06,217.61,9885281
2016-11-30,228.57,228.57,225.53,226.31,215.94,27596098
2016-12-01,228.58,232.01,227.44,228.07,217.62,12627845
2016-12-02,227.65,229.73,226.71,227.38,216.97,12481430
2016-12-05,227.44,228.51,225.5,227.18,216.77,3987213
2016-12-06,227.67,230.08,227.35,229.77,219.25,6726369
2016-12-07,229.5,230.32,227.75,228.39,217.93,4930865
2016-12-08,229.74,233.57,229.58,233.17,222.49,8750556
2016-12-09,233.61,235.86,233.22,235.2,224.43,8239158
2016-12-12,233.27,238.12,233.27,234.8,224.05,9023848
2016-12-13,234.98,237.96,234.88,237.68,226.8,10365823
2016-12-14,237.68,243.32,237.32,242.18,231.09,24139260
2016-12-15,240.56,244.04,239.7,240.69,229.66,19331986
2016-12-16,240.47,242.76,240.47,241.65,230.58,14942206
2016-12-19,241.16,243.89,241.01,242.88,231.76,15009634
2016-12-20,241.09,242.53,240.73,241.82,230.74,11688169
2016-12-21,242.32,243.97,241.66,243.04,231.91,20367894
2016-12-22,241.84,242.9,240.23,240.78,229.75,28892834
2016-12-23,240.47,244.34,240.47,241.68,230.61,10265033
2016-12-26,241.01,243.67,238.79,239.43,228.46,15321770
2016-12-27,239.52,243.92,239.33,243.37,232.23,17442849
2016-12-28,244.1,244.48,239.35,239.94,228.96,9637310
2016-12-29,240.01,244.31,239.9,243.54,232.39,8772325
2016-12-30,243.4,248.01,243.01,247.42,236.09,15711974
2017-01-02,247.78,249.16,245.12,248.04,236.68,7097888
2017-01-03,249.12,250.76,247.12,249.02,237.61,6434204
2017-01-04,249.82,249.84,243.28,243.93,232.76,10392483
2017-01-05,244.81,246.85,244.3,246.28,235.0,8734164
2017-01-06,245.54,248.01,245.29,245.72,234.46,7845839
2017-01-09,246.18,248.24,244.81,246.34,235.06,5228980
2017-01-10,246.87,250.16,246.87,249.12,237.71,11349916
2017-01-11,250.3,250.46,247.78,248.25,236.88,11475958
2017-01-12,248.47,249.24,246.82,247.62,236.28,4371992
2017-01-13,247.91,250.87,247.91,249.25,237.83,7234429
2017-01-16,249.14,250.06,245.49,246.01,234.75,12013154
2017-01-17,243.44,244.13,237.38,238.01,227.11,39234251
2017-01-18,238.32,239.56,235.15,236.02,225.21,15867619
2017-01-19,236.62,238.94,235.67,236.29,225.47,15284274
2017-01-20,236.34,237.14,234.05,234.48,223.74,8784907
2017-01-23,233.57,235.67,231.51,232.22,221.58,13708502
2017-01-24,232.47,235.17,232.47,234.82,224.07,9419288
2017-01-25,235.9,236.06,232.27,232.54,221.89,23856654
2017-01-27,233.21,235.19,232.93,234.32,223.59,21861796
2017-01-30,234.29,239.2,234.25,238.82,227.89,15678126
2017-01-31,239.29,240.88,237.8,238.92,227.97,15125194
2017-02-01,239.12,240.22,236.63,239.93,228.94,11312284
2017-02-02,240.01,240.2,237.33,238.53,227.6,9099129
2017-02-03,239.1,240.12,235.46,236.28,225.45,13219481
2017-02-06,237.04,238.85,235.91,238.1,227.2,9991907
2017-02-07,238.18,238.26,234.8,235.65,224.85,9905562
2017-02-08,235.65,237.33,233.61,234.33,223.6,16230826
2017-02-09,234.98,236.36,234.71,236.07,225.26,9861688
2017-02-10,236.58,236.71,234.42,235.47,224.69,12518554
2017-02-13,236.13,236.36,233.61,235.41,224.63,8565757
2017-02-14,236.58,240.68,235.42,239.97,228.98,18244623
2017-02-15,240.68,241.73,238.93,240.31,229.3,15236663
2017-02-16,240.6,244.46,240.6,244.01,232.84,19655195
2017-02-17,243.78,246.46,241.94,245.84,234.58,14847356
2017-02-20,244.71,246.61,243.78,245.82,234.56,11650581
2017-02-21,245.77,249.37,245.28,248.74,237.35,14186476
2017-02-22,249.84,276.96,249.61,276.01,263.37,127323130
2017-02-23,277.41,279.33,269.58,270.36,257.98,62249698
2017-02-27,272.13,287.28,272.09,283.19,270.22,83422197
2017-02-28,281.61,285.27,280.81,283.0,270.04,36111716
2017-03-01,283.47,284.45,281.16,282.19,269.26,24385665
2017-03-02,282.96,286.8,280.48,282.7,269.75,18063590
2017-03-03,283.8,294.37,283.8,287.68,274.51,84305639
2017-03-06,290.07,299.9,289.21,298.38,284.72,66724743
2017-03-07,301.47,303.33,296.28,298.29,284.63,42071555
2017-03-08,298.92,298.92,293.98,295.15,281.63,43336972
2017-03-09,294.87,296.7,292.93,294.13,280.66,31094457
2017-03-10,294.93,296.24,288.29,292.96,279.55,24785585
2017-03-14,301.44,301.5,293.79,294.76,281.26,27765035
2017-03-15,295.11,300.88,294.96,298.29,284.63,24107889
2017-03-16,299.44,299.54,295.7,296.62,283.04,15924023
2017-03-17,298.99,301.72,296.71,297.32,283.7,22727289
2017-03-20,298.53,298.59,292.21,292.77,279.36,12869337
2017-03-21,293.09,293.48,287.85,288.88,275.65,22596181
2017-03-22,286.19,289.36,284.94,287.95,274.76,20291685
2017-03-23,288.73,292.03,287.56,291.05,277.73,11807911
2017-03-24,291.24,295.33,289.95,294.13,280.66,16282523
2017-03-27,290.55,292.3,285.09,285.98,272.88,32452615
2017-03-28,287.56,288.93,283.92,284.76,271.72,21707345
2017-03-29,286.12,288.01,281.92,287.25,274.09,18924345
2017-03-30,286.87,291.39,286.41,290.45,277.15,27862325
2017-03-31,289.39,305.76,289.39,301.94,288.11,45390562
2017-04-03,306.76,315.56,305.63,314.22,299.83,44886623
2017-04-05,318.92,324.13,315.47,323.45,308.63,40323877
2017-04-06,322.07,331.19,320.52,328.82,313.76,50620850
2017-04-07,324.89,327.79,320.6,321.53,306.8,31875272
2017-04-10,322.3,325.71,314.83,315.75,301.29,30768410
2017-04-11,317.24,320.12,313.18,313.7,299.33,32249647
2017-04-12,316.08,316.92,308.85,309.5,295.33,27448279
2017-04-13,309.5,313.94,307.98,311.97,297.68,12713918
2017-04-17,312.02,319.0,312.02,318.15,303.58,11837502
2017-04-18,320.01,322.3,312.47,313.2,298.86,16016414
2017-04-19,312.93,316.03,310.31,312.88,298.56,11572557
2017-04-20,315.22,317.0,311.81,313.06,298.72,8393496
2017-04-21,315.56,324.82,315.11,320.59,305.91,30230907
2017-04-24,322.09,328.02,320.06,323.99,309.16,25512511
2017-04-25,333.73,335.5,325.98,327.51,312.52,36764315
2017-04-26,328.02,329.17,320.61,323.78,308.95,16763153
2017-04-27,323.9,325.54,320.52,322.19,307.43,12571594
2017-04-28,322.25,324.66,317.96,318.92,304.31,11848658
2017-05-02,320.47,320.47,312.31,313.28,298.94,18591411
2017-05-03,314.74,315.62,312.02,313.18,298.84,9500038
2017-05-04,314.3,315.35,309.51,310.4,296.19,14365934
2017-05-05,311.24,312.55,302.87,303.62,289.71,15598448
2017-05-08,304.02,306.19,301.35,302.05,288.22,16066733
2017-05-09,302.64,304.85,301.79,304.1,290.17,21106150
2017-05-10,305.11,311.7,304.16,310.67,296.44,22906024
2017-05-11,311.81,313.1,308.96,310.77,296.54,13783848
2017-05-12,310.88,311.79,307.23,308.69,294.55,7523427
2017-05-15,310.05,310.05,304.82,307.24,293.17,6738085
2017-05-16,307.68,314.74,306.53,310.03,295.83,12655992
2017-05-17,309.27,312.23,308.07,309.3,295.13,9844573
2017-05-18,306.36,308.59,302.67,303.41,289.52,9790379
2017-05-19,304.7,305.32,299.44,301.47,287.66,12813204
2017-05-22,303.22,304.84,300.63,302.68,288.82,8801430
2017-05-23,303.03,303.98,297.62,298.43,284.76,9223001
2017-05-24,298.87,300.29,296.04,296.63,283.05,14326531
2017-05-25,297.16,299.99,296.35,297.72,284.08,25922008
2017-05-26,298.06,307.31,297.16,305.68,291.69,21430443
2017-05-29,305.62,312.12,305.3,310.16,295.96,24022633
2017-05-30,309.94,311.95,308.24,310.72,296.49,9658309
2017-05-31,312.47,312.69,305.34,306.46,292.43,16423338
2017-06-01,304.63,306.3,302.42,303.62,289.71,9534069
2017-06-02,305.16,306.0,301.04,302.82,288.95,11495005
2017-06-05,303.16,306.53,300.78,303.87,289.95,10835031
2017-06-06,304.92,304.92,299.67,300.08,286.34,9591064
2017-06-07,299.72,306.76,299.22,306.07,292.06,11199223
2017-06-08,306.3,307.4,303.57,304.4,290.46,7903123
2017-06-09,307.47,309.26,304.24,305.32,291.34,13836547
2017-06-12,303.23,303.96,301.04,301.6,287.79,8432435
2017-06-13,301.87,303.33,299.67,300.44,286.68,6025338
2017-06-14,300.79,310.87,300.79,310.3,296.09,52939271
2017-06-15,310.87,318.87,310.67,316.35,301.86,28290813
2017-06-16,317.52,319.06,313.0,317.46,302.92,32710880
2017-06-19,317.78,323.63,317.78,322.13,307.38,15236956
2017-06-20,322.07,325.07,321.72,322.84,308.05,10142474
2017-06-21,321.8,326.42,320.99,325.05,310.16,19992472
2017-06-22,326.75,330.39,326.35,327.48,312.48,22118609
2017-06-23,328.25,329.62,327.01,328.21,313.18,31143289
2017-06-27,327.33,329.85,325.73,328.51,313.46,32591540
2017-06-28,329.15,329.15,319.0,319.67,305.03,15567803
2017-06-29,320.02,322.3,317.75,318.35,303.77,12898245
2017-06-30,318.19,318.28,314.31,315.44,301.0,7814271
2017-07-03,317.32,318.8,313.39,315.68,301.23,9195278
2017-07-04,317.73,326.21,317.5,325.03,310.15,18816782
2017-07-05,326.75,330.86,325.5,329.77,314.66,27209010
2017-07-06,331.15,331.45,328.7,329.74,314.64,13590313
2017-07-07,329.85,342.36,329.16,340.85,325.24,35845310
2017-07-10,341.75,343.08,340.38,341.24,325.61,3504540
2017-07-11,343.1,343.88,339.9,341.58,325.94,20995547
2017-07-12,342.74,348.59,342.3,345.41,329.59,17104482
2017-07-13,344.87,348.59,344.28,347.93,334.63,23010262
2017-07-14,347.45,351.1,346.43,350.59,337.19,20530867
2017-07-17,351.33,356.5,351.33,354.7,341.15,18749450
2017-07-18,353.57,354.72,345.39,347.42,334.15,19640167
2017-07-19,345.75,351.56,345.75,350.41,337.02,11790198
2017-07-20,351.96,354.3,348.29,349.48,336.13,13626050
2017-07-21,354.3,363.84,353.15,362.3,348.46,97142371
2017-07-24,365.73,371.42,362.3,369.22,355.11,43429394
2017-07-25,371.38,371.44,365.18,366.22,352.23,20063064
2017-07-26,366.69,372.57,365.98,370.93,356.76,21954323
2017-07-27,372.13,372.93,363.07,364.54,350.62,18409364
2017-07-28,363.73,367.09,360.7,364.46,350.54,14331863
2017-07-31,366.18,370.03,364.82,369.21,355.1,16567422
2017-08-01,370.93,370.93,363.79,366.56,352.55,12311920
2017-08-02,368.02,373.89,367.58,372.41,358.18,20786240
2017-08-03,371.87,380.57,369.63,377.19,362.77,19707381
2017-08-04,380.13,380.13,369.18,370.8,356.63,18579866
2017-08-07,372.96,372.96,368.6,369.47,355.35,9537088
2017-08-08,369.85,370.54,362.72,366.32,352.32,10961296
2017-08-09,366.08,370.3,362.3,365.46,351.49,10436651
2017-08-10,364.14,367.25,360.69,362.16,348.32,10188164
2017-08-11,354.52,361.16,350.42,353.45,339.94,16996281
2017-08-14,356.82,362.19,356.82,359.57,345.83,13440617
2017-08-16,359.33,360.25,354.35,357.98,344.31,13576650
2017-08-17,358.65,365.2,356.85,358.21,344.53,15828719
2017-08-18,357.5,360.66,355.02,360.11,346.35,7935890
2017-08-21,360.48,362.11,356.65,357.6,343.93,7573558
2017-08-22,359.33,361.14,355.69,356.6,342.98,9533641
2017-08-23,357.7,362.66,355.02,361.63,347.81,8320052
2017-08-24,363.45,364.16,357.62,358.43,344.73,12654347
2017-08-28,360.94,361.61,356.86,358.09,344.4,12316426
2017-08-29,357.01,358.3,349.73,350.22,336.84,15164812
2017-08-30,353.74,358.6,352.3,357.53,343.87,10334911
2017-08-31,360.02,365.15,359.79,364.48,350.55,25104625
2017-09-01,365.7,369.53,365.5,368.04,353.98,15431918
2017-09-04,369.28,374.0,364.78,368.78,354.69,21560532
2017-09-05,372.59,373.7,370.54,373.18,358.93,25216776
2017-09-06,371.77,377.73,370.94,376.11,361.74,48745984
2017-09-07,376.25,380.59,372.59,374.01,359.72,16205339
2017-09-08,374.88,376.36,371.26,373.46,359.19,13248413
2017-09-11,375.47,378.01,373.3,373.92,359.63,12690592
2017-09-12,376.13,377.16,373.5,376.59,362.2,6500191
2017-09-13,376.71,393.12,375.79,388.13,373.3,29377106
2017-09-14,391.24,393.85,384.93,385.78,371.04,11867640
2017-09-15,384.93,389.89,381.62,384.84,370.14,28595395
2017-09-18,388.59,389.07,385.44,386.56,371.79,5061995
2017-09-19,388.0,388.02,382.65,383.38,368.73,7718697
2017-09-20,391.38,398.88,386.35,387.29,372.49,24942703
2017-09-21,387.22,389.37,382.31,384.64,369.94,12950541
2017-09-22,383.97,383.97,371.77,373.69,359.41,12294087
2017-09-25,372.59,378.51,368.11,375.59,361.23,14229631
2017-09-26,375.65,378.1,371.31,374.92,360.6,10564143
2017-09-27,377.44,377.48,363.68,365.34,351.38,18448855
2017-09-28,365.57,367.06,356.68,359.54,345.8,29547622
2017-09-29,361.96,362.72,356.18,357.0,343.36,16666208
2017-10-03,363.45,367.49,359.04,364.98,351.03,18345748
2017-10-04,365.37,377.14,363.72,374.35,360.05,18907611
2017-10-05,377.16,378.74,374.26,376.77,362.38,10631751
2017-10-06,376.71,383.72,376.07,382.67,368.05,12997688
2017-10-09,383.56,383.93,378.53,379.75,365.24,8850408
2017-10-10,379.91,387.36,379.91,385.48,370.75,14732024
2017-10-11,386.44,392.43,382.19,384.09,369.41,15420644
2017-10-12,384.98,400.84,384.98,398.99,383.75,18642942
2017-10-13,401.99,407.2,399.27,400.68,385.37,21509701
2017-10-16,401.85,407.79,393.76,400.84,385.53,32009221
2017-10-17,401.39,404.14,396.45,399.72,384.45,13898844
2017-10-18,401.12,419.63,400.02,418.08,402.1,36671941
2017-10-19,418.67,421.46,412.82,415.98,400.08,8014767
2017-10-23,417.35,431.89,415.61,429.62,413.21,27455320
2017-10-24,433.26,433.26,424.34,427.11,410.79,13857773
2017-10-25,429.78,432.43,424.94,429.69,413.27,10011782
2017-10-26,429.74,437.87,425.62,433.12,416.57,16840049
2017-10-27,434.31,437.37,423.2,425.1,408.85,11498547
2017-10-30,426.99,432.27,425.44,430.88,414.42,7823263
2017-10-31,432.0,432.37,426.17,430.12,413.69,9504986
2017-11-01,433.28,437.87,432.37,435.47,418.83,17571371
2017-11-02,435.59,437.28,431.68,432.75,416.22,10277678
2017-11-03,437.03,437.03,429.8,432.16,415.65,4798537
2017-11-06,430.88,430.88,424.71,426.31,410.02,9757496
2017-11-07,426.7,427.45,412.84,414.51,398.67,20447574
2017-11-08,412.59,414.19,404.18,405.87,390.36,17752793
2017-11-09,409.05,415.98,407.82,411.68,395.95,15007224
2017-11-10,411.88,411.88,401.94,404.07,388.63,13923102
2017-11-13,404.59,407.75,399.33,400.13,384.85,9088619
2017-11-14,400.02,409.16,399.11,405.37,389.88,12481463
2017-11-15,404.36,407.15,401.37,404.0,388.56,15272059
2017-11-16,404.82,414.19,404.82,413.21,397.42,15160866
2017-11-17,420.11,422.83,415.34,416.89,400.96,12219276
2017-11-20,414.28,422.58,413.74,420.98,404.9,9231195
2017-11-21,423.7,429.58,423.11,426.33,410.04,13082246
2017-11-22,428.57,429.12,422.17,425.51,409.25,11058315
2017-11-23,425.62,434.26,423.63,432.94,416.39,16031638
2017-11-24,434.31,438.65,433.12,434.81,418.2,13987125
2017-11-27,433.05,437.74,431.57,434.93,418.31,10237135
2017-11-28,434.24,434.93,428.87,431.27,414.79,10153618
2017-11-29,430.58,434.31,430.19,432.48,415.95,8038351
2017-11-30,430.4,430.4,420.36,421.3,405.2,20637767
2017-12-01,422.63,425.74,414.97,416.07,400.17,11114967
2017-12-04,417.62,417.76,410.24,412.18,396.43,10103208
2017-12-05,411.93,420.94,409.37,417.71,401.75,18306627
2017-12-06,416.02,425.3,415.47,423.63,407.45,24078081
2017-12-07,425.19,427.91,421.96,425.87,409.6,12095301
2017-12-08,426.92,428.34,420.16,421.05,404.96,12224184
2017-12-11,421.71,423.34,417.64,418.83,402.83,10792248
2017-12-12,418.74,424.71,415.11,418.58,402.59,15782031
2017-12-13,419.18,422.86,416.34,418.15,402.17,9147866
2017-12-14,420.14,422.83,415.45,421.28,405.18,10983157
2017-12-15,425.62,426.51,419.54,420.48,404.41,24408414
2017-12-18,416.91,426.38,394.37,421.05,404.96,18581421
2017-12-19,422.24,423.79,420.59,423.31,407.14,8891691
2017-12-20,423.29,423.98,419.22,419.75,403.71,10443493
2017-12-21,419.88,422.4,416.02,417.37,401.42,9071450
2017-12-22,418.15,421.69,415.7,420.78,404.7,10658428
2017-12-26,422.81,429.23,419.75,425.07,408.83,11596338
2017-12-27,426.54,428.59,420.14,422.31,406.17,9520350
2017-12-28,422.99,427.18,420.18,422.51,406.37,15511891
2017-12-29,423.56,426.22,419.91,421.07,404.98,11089700
2018-01-01,421.83,421.83,414.88,415.91,400.02,9453202
2018-01-02,417.39,420.39,414.38,416.55,400.63,9499419
2018-01-03,422.88,423.34,417.42,418.22,402.24,13507800
2018-01-04,419.75,421.42,418.63,420.73,404.65,9008932
2018-01-05,421.42,423.75,420.71,422.08,405.95,7441284
2018-01-08,423.38,425.62,422.19,424.5,408.28,8827020
2018-01-09,424.32,431.52,422.42,430.17,413.73,14294571
2018-01-10,431.11,433.12,427.68,430.81,414.35,11727682
2018-01-11,430.56,430.95,427.45,428.71,412.33,7849171
2018-01-12,431.11,435.59,428.94,433.85,417.27,15071161
2018-01-15,434.31,438.19,432.11,433.92,417.34,11120925
2018-01-16,433.26,433.26,420.59,421.94,405.82,10825151
2018-01-17,423.34,424.71,414.65,422.65,406.5,13204016
2018-01-18,424.71,424.98,418.35,420.46,404.39,9381821
2018-01-19,421.96,427.18,421.55,425.76,409.49,9973533
2018-01-22,433.39,445.42,429.74,444.14,427.17,45700733
2018-01-23,445.74,453.03,445.74,449.51,432.33,22526810
2018-01-24,448.82,448.82,440.09,441.78,424.9,14289485
2018-01-25,442.49,444.37,437.12,441.58,424.7,13669901
2018-01-29,441.71,446.79,438.56,440.94,424.09,9897064
2018-01-30,441.53,441.53,433.85,434.49,417.89,9182956
2018-01-31,434.31,440.94,430.44,439.47,422.68,12551686
2018-02-01,440.37,444.64,428.18,431.5,415.01,16524809
2018-02-02,427.45,431.54,411.91,413.44,397.64,28965593
2018-02-05,408.71,417.16,403.13,412.43,396.67,19191099
2018-02-06,400.93,410.54,398.19,407.84,392.25,24062503
2018-02-07,412.62,413.92,406.88,408.89,393.27,15532284
2018-02-08,410.49,416.32,407.95,413.53,397.73,13825894
2018-02-09,406.42,412.36,405.05,410.47,394.78,11580639
2018-02-12,412.82,419.77,412.39,418.54,402.54,11877059
2018-02-14,421.96,430.88,421.05,426.83,410.52,22247829
2018-02-15,428.66,432.37,424.32,427.75,411.4,13363743
2018-02-16,429.55,430.93,419.72,421.19,405.09,9628162
2018-02-19,421.05,426.08,417.64,423.79,407.6,8941900
2018-02-20,424.71,424.96,420.04,421.1,405.01,8458450
2018-02-21,425.16,426.31,421.58,424.87,408.63,11917390
2018-02-22,421.51,425.62,420.59,422.58,406.43,11196908
2018-02-23,423.06,428.82,421.85,427.11,410.79,10610664
2018-02-26,429.28,431.98,428.18,429.14,412.74,8435611
2018-02-27,429.28,436.96,428.98,434.54,417.93,14021366
2018-02-28,432.46,437.55,431.2,436.39,419.71,56650480
2018-03-01,434.19,438.83,432.46,433.58,417.01,8956590
2018-03-05,431.11,434.38,421.32,422.47,406.33,12325694
2018-03-06,424.71,428.0,413.78,416.41,400.5,16019726
2018-03-07,415.68,415.68,405.99,406.76,391.22,15853546
2018-03-08,410.38,418.08,408.39,416.68,400.76,13283967
2018-03-09,418.26,420.3,416.5,417.44,401.49,10638527
2018-03-12,420.59,426.58,419.47,425.3,409.05,8315150
2018-03-13,426.03,427.91,421.21,426.01,409.73,11148731
2018-03-14,424.62,426.1,420.23,424.73,408.5,14724464
2018-03-15,422.88,424.91,416.02,416.84,400.92,12711836
2018-03-16,415.56,415.88,405.07,411.47,395.75,30814962
2018-03-19,411.91,414.6,407.79,409.39,393.75,12630833
2018-03-20,408.39,413.28,405.53,406.79,391.24,15192983
2018-03-21,409.1,412.52,408.39,410.03,394.37,14715126
2018-03-22,409.62,416.91,409.51,415.18,399.31,22129723
2018-03-23,407.15,411.45,406.47,408.66,393.05,23469999
2018-03-26,408.68,413.42,408.02,411.95,396.21,13227705
2018-03-27,414.74,416.36,410.08,411.36,395.64,15179544
2018-03-28,409.53,409.55,402.31,403.54,388.12,19160609
2018-04-02,408.25,411.88,405.28,408.23,392.63,12494499
2018-04-03,407.34,412.23,404.71,411.24,395.53,13922126
2018-04-04,413.6,416.84,407.82,409.12,393.49,14214534
2018-04-05,413.78,416.02,413.05,415.2,399.33,8527915
2018-04-06,415.11,419.91,413.74,416.48,400.56,9664888
2018-04-09,417.19,420.14,417.19,418.76,402.76,7813897
2018-04-10,419.86,422.38,417.92,419.24,403.23,8455132
2018-04-11,421.42,426.42,418.79,425.55,409.29,13140816
2018-04-12,425.1,428.2,422.51,424.57,408.35,10822592
2018-04-13,426.4,430.51,424.57,429.21,412.81,12616816
2018-04-16,427.2,429.74,424.48,428.39,412.02,8934275
2018-04-17,429.74,433.03,427.91,431.68,415.18,9599816
2018-04-18,432.14,433.49,427.47,428.82,412.44,7360987
2018-04-19,429.32,432.02,427.45,430.79,414.33,9802587
2018-04-20,428.82,430.58,421.14,424.2,408.0,7326696
2018-04-23,425.16,431.73,424.48,427.91,411.56,7674482
2018-04-24,427.82,446.06,427.45,443.47,426.53,19921115
2018-04-25,445.12,448.85,440.5,443.68,426.73,14079382
2018-04-26,444.82,451.68,439.91,445.9,428.86,34096999
2018-04-27,452.5,462.2,450.54,455.47,438.07,25518647
2018-04-30,448.94,453.78,438.88,440.39,423.56,19406069
2018-05-02,442.08,447.66,441.19,444.69,427.69,13381914
2018-05-03,447.06,447.06,438.54,439.61,422.81,8634812
2018-05-04,440.18,441.03,434.31,436.11,419.45,8302649
2018-05-07,438.35,444.94,437.21,443.91,426.95,7683268
2018-05-08,446.88,448.94,441.26,442.13,425.23,10792648
2018-05-09,441.58,449.99,439.91,446.51,429.45,9831044
2018-05-10,448.02,450.13,445.39,448.55,431.41,8781584
2018-05-11,448.59,453.19,446.99,452.25,434.97,8774740
2018-05-14,453.49,453.49,446.51,451.04,433.81,5642499
2018-05-15,449.42,457.17,446.49,447.54,430.44,10501479
2018-05-16,445.28,445.28,435.43,437.12,420.42,18840763
2018-05-17,438.58,438.88,430.42,432.18,415.67,10353948
2018-05-18,432.3,435.91,426.08,426.92,410.61,11440117
2018-05-21,425.51,427.77,421.55,425.78,409.51,14491208
2018-05-22,426.6,426.99,422.88,423.68,407.49,11310073
2018-05-23,423.34,423.34,415.63,417.05,401.11,9991028
2018-05-24,417.85,421.05,416.09,418.7,402.7,11632489
2018-05-25,418.76,422.15,418.06,420.96,404.87,17782410
2018-05-28,422.83,423.79,419.72,420.78,404.7,11369679
2018-05-29,421.28,424.25,418.03,419.43,403.4,17878384
2018-05-30,418.24,422.06,414.47,418.81,402.81,13105124
2018-05-31,421.05,421.64,418.1,421.21,405.12,37080158
2018-06-01,420.59,427.79,419.88,425.42,409.16,19174278
2018-06-04,426.72,431.57,425.42,430.12,413.69,12250151
2018-06-05,431.02,436.59,430.19,433.23,416.68,17436812
2018-06-06,432.94,437.05,430.95,436.32,419.65,9164022
2018-06-07,436.55,446.19,436.34,444.07,427.1,14999572
2018-06-08,441.78,451.02,439.15,450.01,432.82,14289325
2018-06-11,451.27,457.14,447.59,449.23,432.07,15018718
2018-06-12,449.58,457.17,448.16,455.86,438.44,16285583
2018-06-13,457.17,459.86,452.37,458.31,440.8,12962502
2018-06-14,456.0,462.56,451.41,460.8,443.19,11997529
2018-06-15,459.91,467.91,456.82,463.66,445.94,24705890
2018-06-18,461.19,466.52,460.37,464.28,446.54,12363932
2018-06-19,463.52,463.93,454.26,455.36,437.96,13881382
2018-06-20,455.34,467.64,454.81,465.97,448.16,15735681
2018-06-21,467.89,473.62,466.9,471.77,453.75,22988909
2018-06-22,470.15,470.52,461.03,462.88,445.19,35370008
2018-06-25,462.38,464.71,458.22,459.2,441.65,11369371
2018-06-26,459.91,459.91,445.85,447.54,430.44,17649122
2018-06-27,447.34,450.49,440.11,441.55,427.52,19595831
2018-06-28,439.79,442.77,429.87,432.0,418.27,18770484
2018-06-29,433.9,445.97,433.85,444.57,430.44,17425606
2018-07-02,444.53,444.53,437.51,439.15,425.2,14570004
2018-07-03,441.17,447.31,439.04,444.05,429.93,11084063
2018-07-04,444.27,453.51,443.91,452.64,438.26,10938521
2018-07-05,455.79,461.01,438.24,440.94,426.92,40946479
2018-07-06,441.05,449.39,440.94,446.9,432.7,20039239
2018-07-09,451.27,457.17,449.62,455.84,441.35,11309207
2018-07-10,458.42,470.2,457.17,468.92,454.01,22846197
2018-07-11,468.6,475.86,465.33,474.9,459.81,18953870
2018-07-12,477.44,502.43,476.64,494.81,479.09,52736376
2018-07-13,493.97,507.0,493.74,502.79,486.81,39301408
2018-07-16,502.79,506.95,490.56,492.0,476.37,14427529
2018-07-17,492.96,501.03,488.99,499.39,483.51,14150770
2018-07-18,502.15,504.99,492.51,499.48,483.6,10241565
2018-07-19,499.82,509.74,496.64,505.1,489.05,11885426
2018-07-20,509.01,520.48,508.32,515.98,499.58,17538801
2018-07-23,516.51,516.51,508.87,512.16,495.89,12779803
2018-07-24,512.94,515.11,506.27,507.89,491.75,9775749
2018-07-25,507.45,513.4,504.8,509.81,493.61,13014255
2018-07-26,507.5,512.71,506.45,507.75,491.62,14053674
2018-07-27,511.8,519.98,508.44,516.53,500.11,14610585
2018-07-30,516.6,529.08,515.68,526.38,509.65,30344461
2018-07-31,526.2,544.21,524.44,542.2,524.97,30350826
2018-08-01,544.21,549.93,541.92,545.1,527.78,21227054
2018-08-02,544.71,544.71,533.03,534.13,517.16,13668930
2018-08-03,537.17,541.06,534.68,538.06,520.96,14536058
2018-08-06,537.95,546.77,537.33,545.22,527.89,8785462
2018-08-07,546.27,549.24,538.08,541.38,524.17,8879612
2018-08-08,541.74,558.89,541.74,556.69,539.0,17307566
2018-08-09,558.43,563.09,554.09,556.81,539.11,14976885
2018-08-10,553.63,555.46,549.65,550.52,533.02,7833494
2018-08-13,547.48,548.58,540.69,542.98,525.72,10211072
2018-08-14,544.03,556.46,541.42,553.45,535.86,11592139
2018-08-16,550.09,555.91,546.54,548.97,531.52,13086024
2018-08-17,552.71,555.64,548.62,550.31,532.82,8379864
2018-08-20,552.21,565.42,552.1,564.55,546.61,16639535
2018-08-21,565.63,572.14,560.94,570.18,552.06,15923396
2018-08-23,569.77,582.43,566.15,580.35,561.91,17429373
2018-08-24,578.43,585.15,576.05,584.03,565.47,14550512
2018-08-27,584.9,592.42,584.6,590.43,571.67,12188510
2018-08-28,592.49,604.83,592.03,603.0,583.84,19018790
2018-08-29,601.77,607.57,589.84,591.66,572.86,24230135
2018-08-30,591.39,593.01,580.81,582.64,564.12,21545859
2018-08-31,580.6,580.6,565.33,567.64,549.6,33479841
2018-09-03,569.17,575.07,560.51,561.93,544.07,26686176
2018-09-04,564.67,573.65,561.86,567.78,549.73,19333815
2018-09-05,568.03,572.67,552.49,560.94,543.12,22584608
2018-09-06,562.38,578.64,560.19,576.67,558.34,24487897
2018-09-07,578.27,585.79,573.52,584.53,565.96,23389269
2018-09-10,582.89,583.8,571.5,574.13,555.89,15440786
2018-09-11,575.57,579.87,564.26,565.83,547.85,23787332
2018-09-12,572.28,575.44,561.79,572.6,554.4,17642490
2018-09-14,575.76,583.16,570.38,572.9,554.69,17233514
2018-09-17,571.8,571.8,558.47,560.44,542.63,14773803
2018-09-18,560.49,566.61,555.16,556.44,538.76,16660044
2018-09-19,559.57,559.57,549.06,553.51,535.92,24642640
2018-09-21,557.29,565.7,541.06,556.6,538.91,41713856
2018-09-24,555.21,566.84,550.66,563.25,545.35,22098277
2018-09-25,564.83,569.17,546.31,562.59,544.71,21250513
2018-09-26,566.43,573.26,561.01,572.1,553.92,13992341
2018-09-27,573.74,577.4,565.74,573.17,554.96,23642923
2018-09-28,575.98,581.38,570.22,575.09,556.82,24220992
2018-10-01,574.98,574.98,550.43,563.09,545.2,16039441
2018-10-03,562.09,566.7,548.62,550.93,533.42,16135428
2018-10-04,543.8,544.21,505.63,513.05,496.75,50774608
2018-10-05,502.65,509.88,474.61,479.5,464.26,47998260
2018-10-08,480.02,510.65,468.85,507.18,491.06,53983473
2018-10-09,512.78,513.53,494.29,498.33,482.5,24042005
2018-10-10,500.09,510.13,495.71,503.84,487.83,20784941
2018-10-11,486.43,509.63,476.82,497.31,481.5,28926389
2018-10-12,505.15,516.14,503.75,515.02,498.65,19814528
2018-10-15,516.55,524.32,511.18,521.06,504.5,19406012
2018-10-16,523.91,533.7,521.17,532.05,515.14,16358598
2018-10-17,539.0,539.16,521.17,526.34,509.61,27967162
2018-10-19,502.88,507.91,489.28,503.48,487.48,55606079
2018-10-22,507.45,509.65,483.38,485.81,470.37,28798142
2018-10-23,481.28,486.75,477.12,482.17,466.85,23128845
2018-10-24,491.41,491.89,471.52,478.08,462.89,29869514
2018-10-25,473.62,475.75,464.66,471.25,456.27,30833933
2018-10-26,472.21,483.22,467.22,477.69,462.51,20085933
2018-10-29,478.2,500.07,478.2,497.31,481.5,16781215
2018-10-30,496.25,496.25,480.98,483.22,467.87,19263668
2018-10-31,484.14,487.27,478.65,485.17,469.75,35999348
2018-11-01,488.21,488.21,480.02,482.88,467.54,20552752
2018-11-02,487.8,494.2,486.04,491.41,475.79,36739798
2018-11-05,490.75,499.55,486.88,498.45,482.61,16585905
2018-11-06,500.14,508.37,499.04,504.76,488.72,18886485
2018-11-07,509.74,509.74,505.95,507.77,491.64,2808599
2018-11-09,505.74,509.19,496.03,499.89,484.0,23712291
2018-11-12,501.83,502.33,491.25,493.74,478.05,12690610
2018-11-13,491.0,504.25,489.19,502.63,486.66,14899604
2018-11-14,505.19,508.67,496.25,501.95,485.99,17034346
2018-11-15,501.49,504.25,496.71,501.44,485.51,14943663
2018-11-16,501.95,516.58,501.56,515.41,499.03,24131016
2018-11-19,517.92,526.52,517.06,525.74,509.03,15987574
2018-11-20,523.46,528.44,516.6,519.98,503.46,12511640
2018-11-21,520.03,523.68,506.11,508.78,492.61,16422494
2018-11-22,509.51,514.47,502.93,504.19,488.16,12670591
2018-11-26,507.0,510.88,501.69,507.34,491.22,13969873
2018-11-27,506.49,516.6,505.37,515.78,499.38,14896607
2018-11-28,517.72,529.28,514.91,526.95,510.21,17507771
2018-11-29,530.77,539.41,530.31,534.2,517.22,27640198
2018-11-30,535.94,542.2,531.36,533.76,516.8,23443212
2018-12-03,537.12,537.12,525.06,528.69,511.89,12182825
2018-12-04,529.4,529.4,522.18,526.79,510.05,11358720
2018-12-05,522.88,529.76,520.85,528.1,511.31,12729759
2018-12-06,525.28,525.28,511.23,513.7,497.37,12831451
2018-12-07,516.35,519.78,506.7,518.34,501.86,15779984
2018-12-10,507.45,509.42,495.16,498.43,482.59,20521072
2018-12-11,487.34,503.84,482.31,501.76,485.82,29518062
2018-12-12,502.43,509.05,497.28,507.68,491.55,27572962
2018-12-13,515.68,515.68,500.62,506.11,490.02,20337275
2018-12-14,504.3,509.69,499.13,508.46,492.3,15795834
2018-12-17,510.17,517.97,508.14,516.55,500.14,11077711
2018-12-18,513.53,520.71,512.25,519.52,503.01,12841994
2018-12-19,521.86,524.51,518.06,519.71,503.19,16118419
2018-12-20,512.48,517.74,510.27,515.89,499.49,12609700
2018-12-21,514.31,517.17,501.05,502.97,486.99,18115814
2018-12-24,503.29,504.35,496.73,497.92,482.1,9065704
2018-12-26,496.39,502.88,487.18,502.13,486.17,15771193
2018-12-27,506.17,515.23,504.71,512.12,495.84,27294221
2018-12-28,514.54,519.0,512.57,514.56,498.21,16768547
2018-12-31,517.03,518.36,510.29,512.6,496.31,15799099
2019-01-01,514.43,515.36,507.5,512.48,496.2,9746670
2019-01-02,509.51,515.23,503.34,505.81,489.73,15628818
2019-01-03,506.31,509.56,498.36,499.57,483.69,16288287
2019-01-04,501.69,504.92,494.24,502.27,486.3,18516544
2019-01-07,506.08,511.32,503.34,505.05,489.0,12060290
2019-01-08,505.21,507.43,501.05,505.01,488.96,12304389
2019-01-09,508.37,510.65,502.29,507.8,491.66,12614237
2019-01-10,506.43,507.91,504.25,506.31,490.22,8925160
2019-01-11,506.36,509.19,497.67,501.99,486.04,14139060
2019-01-14,500.6,503.11,496.67,501.42,485.48,8994060
2019-01-15,505.17,517.51,505.17,516.44,500.03,22011407
2019-01-16,518.88,523.46,516.76,519.3,502.79,13961606
2019-01-17,523.2,524.78,516.6,518.63,502.15,16379077
2019-01-18,525.19,543.98,519.0,541.44,524.24,56181172
2019-01-21,545.86,566.86,543.41,565.83,547.85,48206814
2019-01-22,563.62,570.06,557.56,564.67,546.72,36207430
2019-01-23,563.82,568.81,558.66,560.62,542.81,19313542
2019-01-24,560.03,572.92,557.79,570.29,552.17,28775487
2019-01-25,571.66,578.18,564.78,569.63,551.53,18703992
2019-01-28,571.69,574.18,558.84,562.11,544.24,18744303
2019-01-29,562.77,563.07,549.22,553.47,535.88,20405845
2019-01-30,555.46,560.03,544.53,546.63,529.26,17164298
2019-01-31,549.51,562.18,549.06,561.01,543.18,22279301
2019-02-01,564.14,573.74,560.97,571.44,553.27,20187323
2019-02-04,570.09,592.92,567.82,590.16,571.4,25528059
2019-02-05,590.66,596.33,584.53,590.45,571.69,20479210
2019-02-06,592.6,602.39,591.69,599.0,579.97,20586783
2019-02-07,599.0,604.01,587.96,589.93,571.18,20150710
2019-02-08,587.37,594.54,581.63,584.12,565.56,14230054
2019-02-11,583.3,583.34,571.92,572.94,554.74,16457901
2019-02-12,572.14,581.68,572.14,574.38,556.13,13998153
2019-02-14,567.34,567.34,556.83,559.66,541.88,14496604
2019-02-15,562.2,571.41,555.0,568.92,550.84,20994460
2019-02-18,571.46,572.6,555.46,557.79,540.06,21106139
2019-02-19,556.83,566.75,553.72,555.96,538.29,13658461
2019-02-20,559.5,566.89,557.29,564.3,546.37,13776558
2019-02-21,565.06,575.02,562.02,570.04,551.92,23142949
2019-02-22,568.99,569.31,560.49,563.39,545.48,19152470
2019-02-25,565.06,568.26,558.04,563.37,545.46,17176522
2019-02-26,552.94,564.51,551.34,557.86,540.13,22160532
2019-02-27,561.42,569.13,552.71,559.34,541.57,24308835
2019-02-28,564.03,566.82,560.74,562.79,544.91,24688859
2019-03-01,565.51,567.96,558.77,560.51,542.7,17329606
2019-03-05,559.3,566.79,557.1,565.81,547.83,15577500
2019-03-06,566.79,582.02,564.65,578.22,559.85,26332276
2019-03-07,577.86,585.08,575.18,580.72,562.26,17738092
2019-03-08,578.8,582.64,576.94,579.28,560.87,13211934
2019-03-11,580.62,599.8,579.69,596.19,577.24,21258869
2019-03-12,602.04,609.86,600.83,608.65,589.31,24561597
2019-03-13,611.23,621.75,607.16,615.94,596.37,24577591
2019-03-14,617.06,622.66,610.82,613.31,593.82,22753310
2019-03-15,614.89,621.2,599.44,604.21,585.01,34764353
2019-03-18,608.49,620.81,607.57,617.2,597.58,22104063
2019-03-19,621.75,630.89,614.02,629.31,609.31,21448030
2019-03-20,629.88,634.55,623.57,628.81,608.83,21639437
2019-03-22,627.46,631.3,611.09,613.4,593.91,25078643
2019-03-25,608.31,611.16,601.95,605.49,586.25,17394088
2019-03-26,608.17,627.05,608.03,625.06,605.2,20734876
2019-03-27,629.95,629.95,614.55,616.83,597.23,22079870
2019-03-28,617.29,626.23,613.88,621.75,601.99,22930248
2019-04-01,626.32,643.14,622.91,636.31,616.08,22088854
2019-04-02,639.12,641.45,630.94,635.32,615.13,17526740
2019-04-03,636.72,641.4,627.23,628.7,608.71,17169813
2019-04-04,630.43,632.58,615.92,618.57,598.91,18320845
2019-04-05,622.18,623.53,613.97,618.96,599.29,14717266
2019-04-08,619.92,620.6,605.15,607.69,588.38,19081843
2019-04-09,607.53,612.92,603.92,610.07,590.68,20774977
2019-04-10,611.67,616.26,606.43,608.67,589.33,16651949
2019-04-11,609.38,618.55,607.57,615.71,596.14,12558520
2019-04-12,617.17,620.33,611.07,614.02,594.51,12948769
2019-04-15,614.89,616.69,610.32,612.67,593.2,9285737
2019-04-16,614.89,621.75,612.6,614.32,594.79,17360317
2019-04-18,628.6,635.35,624.03,633.61,613.47,39286534
2019-04-22,621.75,624.95,613.2,615.05,595.5,23607922
2019-04-23,616.26,627.69,615.35,623.51,603.69,19807450
2019-04-24,626.46,637.66,624.6,635.23,615.04,16101112
2019-04-25,635.05,645.7,622.93,627.42,607.48,30469914
2019-04-26,628.6,638.18,626.64,636.74,616.51,15069884
2019-04-30,638.39,638.39,624.85,636.74,616.51,22348580
2019-05-02,636.38,646.39,631.85,642.34,621.93,18992003
2019-05-03,643.67,648.03,641.24,644.08,623.61,14240262
2019-05-06,639.12,641.31,630.02,633.13,613.01,15832114
2019-05-07,637.66,637.75,612.69,614.2,594.68,19417647
2019-05-08,612.6,612.6,590.75,594.06,575.19,31958919
2019-05-09,589.2,589.2,572.26,574.41,556.15,42670173
2019-05-10,578.32,584.12,569.17,571.98,553.81,24557430
2019-05-13,570.5,576.4,561.17,563.25,545.35,17603659
2019-05-14,565.29,580.3,563.0,576.24,557.92,28438234
2019-05-15,581.97,584.26,571.73,574.61,556.35,24419559
2019-05-16,576.01,581.47,575.16,578.48,560.09,14451308
2019-05-17,579.23,583.78,572.37,579.41,561.0,17276949
2019-05-20,600.53,611.55,595.92,606.16,586.89,26979100
2019-05-21,609.04,624.95,608.05,612.51,593.05,30343560
2019-05-22,615.19,621.61,610.36,612.79,593.31,24689918
2019-05-23,627.23,636.38,605.75,609.81,590.43,38766006
2019-05-24,616.26,618.91,601.86,611.16,591.74,22269265
2019-05-27,611.28,611.46,597.52,599.19,580.14,16076686
2019-05-28,603.37,610.23,600.42,605.17,585.94,42594251
2019-05-29,603.92,609.54,596.21,600.28,581.21,15558515
2019-05-30,601.75,613.52,601.75,607.92,588.6,23494381
2019-05-31,611.64,613.47,603.55,608.1,588.77,25724066
2019-06-03,610.32,625.06,604.01,621.84,602.08,18556942
2019-06-04,620.58,628.26,616.31,617.93,598.29,15442761
2019-06-06,622.61,622.61,603.96,606.82,587.53,16764835
2019-06-07,606.18,606.77,596.88,601.13,582.02,14722419
2019-06-10,603.87,606.66,598.93,603.07,583.9,11768468
2019-06-11,604.31,610.09,602.55,607.64,588.33,11492074
2019-06-12,610.18,611.87,605.75,609.01,589.66,10297599
2019-06-13,608.03,610.18,598.27,606.77,587.49,15686169
2019-06-14,604.33,605.75,598.61,602.34,583.2,14942768
2019-06-17,603.46,603.46,584.49,586.22,567.59,14908257
2019-06-18,584.67,588.81,580.19,585.63,567.02,16797371
2019-06-19,588.33,595.23,577.22,583.96,565.4,14492763
2019-06-20,585.17,594.32,584.26,592.83,573.99,10748848
2019-06-21,592.46,592.49,583.14,584.94,566.35,23236832
2019-06-24,581.58,583.55,574.7,577.13,558.79,11267228
2019-06-25,575.53,593.4,573.4,592.42,573.59,14966899
2019-06-26,590.2,596.42,588.08,591.64,572.84,11593027
2019-06-27,591.18,592.9,581.06,582.5,563.99,24905533
2019-06-28,583.85,586.48,570.84,572.88,554.67,18942165
2019-07-01,575.14,581.81,569.84,580.08,561.64,13478857
2019-07-02,582.41,585.63,577.54,584.49,565.91,10146746
2019-07-03,586.5,588.14,582.91,586.34,567.7,8806492
2019-07-04,585.81,590.2,585.17,587.0,568.35,9351405
2019-07-05,587.5,589.97,576.03,577.56,559.21,10926753
2019-07-08,575.12,579.73,570.64,572.4,554.2,14009219
2019-07-09,570.98,586.77,569.4,585.22,566.62,17535754
2019-07-10,585.2,589.45,580.01,584.65,566.07,12018196
2019-07-11,588.37,589.65,584.85,585.88,567.26,8608376
2019-07-12,586.54,594.32,584.28,585.4,566.8,15692436
2019-07-15,587.46,589.52,580.76,583.39,564.85,10659498
2019-07-16,585.15,591.98,583.82,591.12,572.33,10070773
2019-07-17,591.71,592.94,585.17,586.02,567.39,9482233
2019-07-18,586.09,588.1,575.12,576.88,558.54,11942908
2019-07-19,579.78,581.95,568.12,571.0,552.85,16336536
2019-07-22,571.92,587.23,561.08,585.4,566.8,29092589
2019-07-23,587.46,591.53,576.21,582.22,563.72,20316348
2019-07-24,582.2,584.62,573.08,575.62,557.32,15189179
2019-07-25,577.86,580.17,560.94,563.0,545.11,21805071
2019-07-26,563.0,568.03,553.17,554.91,537.27,20387504
2019-07-29,556.33,558.66,550.93,553.61,536.01,17626045
2019-07-30,554.98,557.74,537.6,539.87,522.71,20853117
2019-07-31,537.51,541.74,531.41,533.17,516.23,21229950
2019-08-01,531.87,543.21,525.9,539.57,522.42,22628222
2019-08-02,537.49,547.8,531.27,541.44,527.38,23766807
2019-08-05,533.51,533.51,515.68,522.7,509.13,30399133
2019-08-06,518.77,525.56,512.94,515.82,502.43,29067994
2019-08-07,515.0,520.51,504.3,507.18,494.01,25349369
2019-08-08,506.7,529.4,500.73,526.82,513.13,31198568
2019-08-09,531.16,537.4,526.79,531.27,517.48,21970009
2019-08-13,563.75,595.6,560.49,582.77,567.64,104827144
2019-08-14,596.14,596.35,585.33,588.94,573.65,31688983
2019-08-16,590.29,590.57,581.97,584.26,569.09,21977767
2019-08-19,585.65,592.85,585.17,590.93,575.59,16317602
2019-08-20,589.65,590.93,581.79,583.32,568.17,14969299
2019-08-21,583.18,584.56,579.0,581.04,565.95,10677848
2019-08-22,581.04,581.06,566.38,569.97,555.17,14031953
2019-08-23,566.43,587.0,560.71,583.28,568.13,21307915
2019-08-26,591.57,591.57,575.57,579.14,564.1,19202504
2019-08-27,587.46,587.46,576.58,582.82,567.68,28401906
2019-08-28,582.32,585.63,574.22,577.54,562.54,11605488
2019-08-29,574.41,576.14,564.74,567.69,552.94,18890222
2019-08-30,569.4,573.47,558.2,570.8,555.97,24735240
2019-09-03,567.91,568.26,548.6,551.53,537.2,18730619
2019-09-04,548.85,551.0,542.22,549.13,534.87,32949395
2019-09-05,551.71,554.63,545.54,547.96,533.73,22995486
2019-09-06,549.97,561.86,546.43,558.89,544.37,23186819
2019-09-09,558.04,563.69,554.61,558.75,544.24,11747929
2019-09-11,558.89,566.89,558.89,564.33,549.67,12127900
2019-09-12,564.6,567.09,551.21,553.33,538.96,11880005
2019-09-13,554.09,561.63,551.75,560.3,545.75,12947715
2019-09-16,543.57,557.33,542.24,553.51,539.14,20547730
2019-09-17,553.63,553.63,545.63,547.43,533.22,15640772
2019-09-18,550.86,556.05,547.32,551.21,536.89,14933909
2019-09-19,552.19,553.03,536.1,539.02,525.02,13766222
2019-09-20,543.09,580.56,536.85,573.45,558.55,48165560
2019-09-23,582.5,585.63,564.6,566.52,551.81,21610844
2019-09-24,568.53,593.77,568.14,584.58,569.4,34958974
2019-09-25,587.0,592.03,580.08,584.97,569.78,18192270
2019-09-26,590.66,593.77,586.77,592.85,577.46,18350457
2019-09-27,590.89,601.17,587.0,598.45,582.91,19058663
2019-09-30,598.89,610.66,596.85,609.06,593.24,25263770
2019-10-01,611.23,613.52,591.25,596.56,581.06,17920384
2019-10-03,587.92,601.04,585.77,599.37,583.8,13524851
2019-10-04,603.41,607.39,596.08,598.02,582.49,14992253
2019-10-07,598.02,603.83,595.09,598.93,583.38,10061584
2019-10-09,598.29,608.01,590.89,605.63,589.9,17588647
2019-10-10,605.75,625.86,603.92,623.0,606.82,35006390
2019-10-11,623.44,624.31,611.03,618.36,602.3,16597126
2019-10-14,624.01,624.01,617.56,620.83,604.71,13394275
2019-10-15,622.89,626.32,619.14,623.64,607.45,9672791
2019-10-16,626.27,630.73,623.44,627.39,611.1,19403660
2019-10-17,628.6,639.58,627.23,638.43,621.85,16038940
2019-10-18,641.86,652.79,639.44,647.51,630.69,28121951
2019-10-22,651.46,656.88,641.56,646.5,629.71,27786502
2019-10-23,647.48,651.9,632.33,636.56,620.03,18446160
2019-10-24,640.49,658.96,633.88,656.7,639.64,22642488
2019-10-25,658.82,658.98,645.18,654.3,637.31,13539957
2019-10-27,658.78,660.61,653.75,655.69,638.66,3014841
2019-10-29,660.83,676.61,659.28,670.69,653.27,25768505
2019-10-30,676.61,678.69,667.6,676.19,658.63,16341366
2019-10-31,678.43,681.02,668.24,669.45,652.07,19463741
2019-11-01,665.18,668.29,658.78,666.05,648.75,13904301
2019-11-04,670.16,672.49,660.65,666.39,649.08,14063434
2019-11-05,668.88,671.55,658.78,661.66,644.47,12685356
2019-11-06,659.55,661.27,653.06,655.99,638.95,14625505
2019-11-07,656.03,668.83,654.75,666.82,649.51,14084039
2019-11-08,662.43,667.3,658.91,660.83,643.67,12019353
2019-11-11,657.91,660.26,650.34,652.74,635.79,11357841
2019-11-13,653.75,674.73,653.75,673.09,655.61,25225749
2019-11-14,674.78,677.34,665.54,668.72,651.35,14258133
2019-11-15,670.05,679.71,668.9,672.42,654.96,15691605
2019-11-18,673.25,679.35,665.36,667.1,649.77,14076051
2019-11-19,670.66,692.56,669.75,690.21,672.28,30176255
2019-11-20,710.92,718.85,705.5,707.53,689.16,43538120
2019-11-21,706.32,711.35,698.8,702.94,684.68,14897371
2019-11-22,705.0,717.52,702.94,707.01,688.65,22352865
2019-11-25,709.13,715.37,709.07,713.89,695.35,15146156
2019-11-26,716.88,720.65,711.35,713.29,694.77,35330983
2019-11-27,713.16,720.27,711.4,717.68,699.05,9642739
2019-11-28,718.96,724.22,714.99,722.46,703.7,13747479
2019-11-29,723.21,723.21,707.62,709.13,690.72,18559594
2019-12-02,731.47,738.07,720.95,725.29,706.46,31225364
2019-12-03,728.15,728.72,718.94,721.82,703.08,12990426
2019-12-04,719.12,721.18,701.18,709.84,691.41,20987607
2019-12-05,719.58,722.21,705.86,709.0,690.58,19942460
2019-12-06,709.98,716.84,704.54,710.85,692.39,13085234
2019-12-09,711.42,721.13,707.01,718.94,700.27,12642677
2019-12-10,718.69,719.4,710.51,714.07,695.53,10173333
2019-12-11,711.17,719.81,708.88,714.28,695.73,12364641
2019-12-12,717.87,719.51,711.65,716.93,698.31,10326606
2019-12-13,722.32,726.89,718.85,723.65,704.86,12668303
2019-12-16,727.81,728.68,715.17,716.2,697.6,11892718
2019-12-17,716.27,721.87,711.15,714.41,695.86,20324601
2019-12-18,714.55,722.32,714.09,720.43,701.72,14742077
2019-12-19,719.44,738.28,718.57,736.01,716.9,20507816
2019-12-20,738.32,739.49,729.68,731.05,712.07,21271510
2019-12-23,713.23,721.2,712.17,718.39,699.74,25107772
2019-12-24,717.25,718.69,705.18,706.98,688.63,18048449
2019-12-26,704.79,709.96,690.39,692.79,674.8,29761019
2019-12-27,698.09,706.87,695.49,705.11,686.8,17677571
2019-12-30,706.76,707.53,698.57,705.96,687.62,17123749
2019-12-31,704.95,705.73,689.43,692.17,674.2,22203005
2020-01-01,693.98,698.14,688.26,690.14,672.22,14004468
2020-01-02,691.24,704.47,691.24,701.89,683.66,17710316
2020-01-03,700.84,704.79,696.26,702.73,684.48,20984698
2020-01-06,694.89,698.5,684.84,686.44,668.61,24519177
2020-01-07,694.44,701.52,691.92,697.0,678.9,16683622
2020-01-08,692.61,701.5,690.32,691.76,673.8,16047902
2020-01-09,703.4,708.61,700.04,707.69,689.32,14982742
2020-01-10,709.48,712.24,703.88,707.53,689.16,12478359
2020-01-13,706.34,712.59,703.3,705.73,687.4,18282382
2020-01-14,704.04,708.61,695.74,699.19,681.03,15816535
2020-01-15,702.14,703.99,694.09,696.65,678.56,15817859
2020-01-16,699.01,705.57,698.55,703.08,684.82,12847975
2020-01-17,710.21,724.59,710.07,722.78,704.01,29463471
2020-01-20,735.58,735.58,697.82,700.54,682.35,32545850
2020-01-21,698.82,706.71,695.81,701.25,683.04,18922720
2020-01-22,705.86,707.12,699.97,701.0,682.79,10322817
2020-01-23,702.44,704.93,695.21,698.02,679.9,11247739
2020-01-24,698.09,702.37,694.23,695.6,677.54,14628445
2020-01-27,692.56,696.93,688.04,688.74,670.86,13387750
2020-01-28,689.68,690.32,669.11,672.83,655.36,24532236
2020-01-29,673.89,683.19,669.31,676.54,658.97,24746565
2020-01-30,676.15,676.47,658.32,660.03,642.89,22402689
2020-01-31,664.26,664.38,643.32,645.36,628.6,34750310
2020-02-03,626.27,640.01,623.14,633.4,616.96,30712290
2020-02-04,640.03,654.89,639.03,652.1,635.17,25383901
2020-02-05,655.99,664.17,653.89,662.21,645.01,18472100
2020-02-06,664.77,670.66,658.37,666.46,649.15,15538577
2020-02-07,663.35,663.97,652.97,655.42,638.4,12209212
2020-02-10,652.83,660.83,644.81,656.31,639.26,15142476
2020-02-11,661.7,670.3,660.63,664.15,646.9,13999816
2020-02-12,665.7,674.25,665.18,672.17,654.72,13533565
2020-02-13,675.58,675.58,668.65,673.93,656.43,13565659
2020-02-14,675.35,686.41,664.31,680.08,662.42,21227841
2020-02-17,680.72,688.56,674.0,675.81,658.26,13149130
2020-02-18,674.73,674.73,666.27,670.85,653.42,11127161
2020-02-19,676.31,688.7,674.37,687.49,669.63,14084409
2020-02-20,684.38,689.41,678.34,679.33,661.68,16892268
2020-02-24,671.92,675.23,658.11,660.58,643.43,21370214
2020-02-25,663.53,663.53,644.6,647.53,630.71,27745062
2020-02-26,644.6,645.68,634.25,636.38,619.85,29362748
2020-02-27,634.55,637.2,625.86,633.75,617.29,25054993
2020-02-28,619.41,620.37,605.75,607.41,591.64,39315769
2020-03-02,619.51,625.86,594.82,601.7,586.07,29500495
2020-03-03,607.89,618.96,604.37,613.91,597.96,27398798
2020-03-04,618.09,618.91,597.93,612.47,596.56,22105261
2020-03-05,618.18,620.81,597.06,599.41,583.85,30510390
2020-03-06,580.6,588.9,567.39,581.06,565.97,33734039
2020-03-09,566.91,567.34,500.6,509.35,496.12,88187018
2020-03-11,506.54,538.75,506.54,527.36,513.67,59578576
2020-03-12,496.03,503.34,479.43,485.97,473.35,55970485
2020-03-13,456.25,521.17,430.83,505.31,492.18,73297403
2020-03-16,484.85,493.6,459.45,464.34,452.29,38482258
2020-03-17,478.77,484.6,458.63,460.82,448.86,45445979
2020-03-18,468.73,473.58,439.34,442.77,431.27,44730415
2020-03-19,420.64,442.08,407.88,419.54,408.65,61404010
2020-03-20,429.51,473.12,425.16,465.37,453.29,63360475
2020-03-23,418.86,434.31,400.32,404.16,393.66,40670949
2020-03-24,425.16,443.45,409.53,431.29,420.09,45734887
2020-03-25,440.62,526.45,440.37,494.77,481.92,73130298
2020-03-26,500.96,510.61,476.53,487.43,474.77,45744488
2020-03-27,500.6,506.22,478.29,487.16,474.51,41657940
2020-03-30,475.73,491.36,466.31,471.09,458.85,30229866
2020-03-31,490.97,516.51,479.11,509.17,495.95,44292810
2020-04-01,513.05,514.13,477.83,493.95,481.12,41597459
2020-04-03,518.63,518.63,482.9,492.57,479.78,41367807
2020-04-07,503.84,555.0,502.88,551.39,537.07,54373624
2020-04-08,539.46,561.86,530.31,545.01,530.86,49880330
2020-04-09,555.0,563.59,545.4,557.72,543.24,33032857
2020-04-13,550.41,555.46,539.46,543.64,529.52,23673784
2020-04-15,547.25,565.06,522.54,525.67,512.02,35321842
2020-04-16,525.67,542.86,523.46,533.99,520.13,37455706
2020-04-17,555.91,562.31,545.24,559.57,545.04,33269335
2020-04-20,560.49,574.66,549.51,568.62,553.86,36030932
2020-04-21,553.17,572.37,532.14,565.67,550.98,61371628
2020-04-22,603.46,633.13,594.32,623.39,607.2,142683366
2020-04-23,625.11,633.56,618.68,626.73,610.45,65464502
2020-04-24,617.24,683.44,615.89,647.8,630.98,134986308
2020-04-27,655.58,674.32,650.55,653.63,636.66,58482901
2020-04-28,662.89,665.38,636.44,652.9,635.95,78453401
2020-04-29,660.56,664.56,649.18,652.35,635.41,37494672
2020-04-30,664.7,683.44,657.43,670.21,652.8,71345899
2020-05-04,658.32,669.75,648.01,656.13,639.09,53456868
2020-05-05,664.58,676.15,661.61,667.76,650.42,44903763
2020-05-06,669.29,678.87,660.83,667.81,650.46,40489094
2020-05-07,665.18,691.99,660.61,688.93,671.04,50026966
2020-05-08,706.32,722.28,702.71,714.0,695.46,84262770
2020-05-11,722.32,738.32,718.8,720.86,702.14,67085063
2020-05-12,715.37,717.0,669.75,676.26,658.7,100683202
2020-05-13,704.71,704.71,671.02,690.61,672.68,66430125
2020-05-14,677.94,690.73,659.97,662.69,645.48,49266771
2020-05-15,666.41,676.88,653.07,673.51,656.02,62152260
2020-05-18,678.4,683.94,659.02,664.91,647.64,62796089
2020-05-19,672.41,674.57,647.6,650.21,633.32,42315854
2020-05-20,650.71,667.72,642.87,661.65,644.47,55320985
2020-05-21,662.25,674.46,657.64,665.14,647.86,39167981
2020-05-22,670.01,672.87,658.33,660.66,643.5,37828973
2020-05-26,668.32,669.04,653.62,657.2,640.13,33216635
2020-05-27,660.41,671.02,651.64,667.12,649.8,35667956
2020-05-28,671.48,682.9,668.71,679.44,661.8,40126278
2020-05-29,677.48,679.33,670.4,675.82,658.27,40022527
2020-06-01,683.02,709.95,681.15,701.64,683.42,39943702
2020-06-02,704.25,710.71,701.85,708.73,690.32,22153960
2020-06-03,713.02,719.94,707.64,711.47,693.0,25381289
2020-06-04,712.56,733.55,711.17,729.08,710.14,34202350
2020-06-05,736.09,746.71,726.26,729.95,711.0,33076685
2020-06-08,746.89,746.89,722.25,724.32,705.51,31414953
2020-06-09,720.08,730.55,707.48,709.39,690.97,25857161
2020-06-10,712.14,728.96,710.73,725.55,706.71,22132647
2020-06-11,722.71,723.61,706.56,709.65,691.22,20385805
2020-06-12,692.25,735.17,690.87,733.23,714.19,38548899
2020-06-15,722.25,750.84,720.45,745.11,725.76,53107403
2020-06-16,758.24,760.81,731.62,746.57,727.18,51187003
2020-06-17,742.21,754.76,739.37,745.48,726.12,41782053
2020-06-18,741.63,768.4,740.98,764.2,744.35,40471557
2020-06-19,770.7,825.53,767.01,811.96,790.88,105804173
2020-06-22,818.42,832.64,800.7,805.85,784.92,60198705
2020-06-23,807.62,813.97,791.98,794.2,773.57,37962078
2020-06-24,801.12,818.1,789.95,797.4,776.69,51586221
2020-06-25,797.01,807.16,790.57,792.81,772.22,39679374
2020-06-26,797.84,808.55,792.4,803.77,782.9,30921913
2020-06-29,797.49,802.89,791.73,795.23,774.58,25621946
2020-06-30,801.63,803.47,782.5,786.44,766.02,30276420
2020-07-01,793.78,807.16,788.26,801.9,781.08,28464103
2020-07-02,804.39,815.75,800.73,812.4,794.52,28789533
2020-07-03,821.38,827.47,815.93,825.12,806.96,29434266
2020-07-06,833.01,857.47,827.05,854.61,835.8,47016185
2020-07-07,858.39,860.4,833.61,841.52,823.0,35189589
2020-07-08,841.8,846.83,826.08,829.78,811.52,26204095
2020-07-09,834.85,846.85,824.35,841.89,823.36,36418942
2020-07-10,843.85,869.74,841.89,866.72,847.65,43759967
2020-07-13,878.4,898.86,876.85,893.0,873.35,69608392
2020-07-14,892.54,896.09,870.99,884.7,865.23,67331128
2020-07-15,894.36,913.22,829.78,851.01,832.28,139669773
2020-07-16,852.39,862.54,836.45,850.73,832.01,60961724
2020-07-17,851.47,886.08,848.24,882.25,862.84,49726765
2020-07-20,885.06,891.62,876.69,886.03,866.54,36592938
2020-07-21,894.85,912.39,893.69,909.87,889.85,42173371
2020-07-22,915.15,927.61,904.86,924.85,904.49,59771457
2020-07-23,924.82,959.78,919.01,949.67,928.78,58333751
2020-07-24,949.77,998.22,949.67,990.45,968.65,120597372
2020-07-27,1005.52,1014.75,982.03,995.09,973.19,80304827
2020-07-28,995.09,1012.53,992.52,1005.01,982.89,55114422
2020-07-29,1005.1,1007.36,955.51,967.6,946.31,72663399
2020-07-30,968.69,987.47,956.23,973.23,951.82,72857444
2020-07-31,975.84,982.53,947.37,953.97,932.97,74958061
2020-08-03,946.67,949.31,924.43,927.15,906.75,46715383
2020-08-04,932.51,1000.07,923.12,992.5,970.66,92041055
2020-08-05,1000.99,1013.45,977.6,981.36,959.76,74549993
2020-08-06,995.46,1000.39,972.75,984.89,963.21,49322975
2020-08-07,982.9,995.82,978.47,990.59,968.79,32984416
2020-08-10,996.42,999.15,972.89,978.31,956.78,26958997
2020-08-11,985.21,996.84,969.31,984.75,963.08,46828306
2020-08-12,978.84,989.92,972.29,981.89,960.28,30264617
2020-08-13,982.07,987.1,973.76,979.33,957.78,24830322
2020-08-14,979.56,995.46,964.19,975.52,954.05,33224635
2020-08-17,971.46,971.46,955.35,965.16,943.92,30979066
2020-08-18,962.23,984.98,961.0,977.71,956.2,30547672
2020-08-19,988.07,994.07,979.0,983.71,962.06,34087543
2020-08-20,978.38,980.18,963.61,967.79,946.49,22537845
2020-08-21,977.46,979.3,958.54,960.77,939.63,25280895
2020-08-24,965.18,971.23,955.54,967.19,945.91,32717218
2020-08-25,971.92,974.36,959.0,960.89,939.74,19388008
2020-08-26,962.23,991.28,944.69,986.36,964.66,59870421
2020-08-27,991.3,992.22,970.65,974.04,952.61,28085062
2020-08-28,978.38,984.33,972.03,976.6,955.11,27166900
2020-08-31,1003.3,1003.3,950.85,960.24,939.11,62076132
2020-09-01,969.15,979.49,951.8,963.27,942.07,38616258
2020-09-02,965.46,986.69,962.23,982.16,960.55,26949439
2020-09-03,982.07,987.03,970.53,974.73,953.28,18586429
2020-09-04,961.56,967.74,956.32,958.65,937.56,28475945
2020-09-07,961.77,971.8,943.42,961.14,939.99,21926473
2020-09-08,965.46,978.84,960.15,972.43,951.03,27397082
2020-09-09,962.23,1000.44,960.59,997.46,975.51,55310877
2020-09-10,1007.5,1082.19,1003.92,1067.91,1044.41,140304404
2020-09-11,1066.99,1078.92,1055.5,1070.56,1047.01,59470807
2020-09-14,1072.99,1089.14,1053.14,1062.63,1039.24,44063445
2020-09-15,1066.96,1073.33,1055.98,1070.15,1046.6,27178393
2020-09-16,1070.68,1093.45,1066.32,1072.78,1049.17,33952295
2020-09-17,1070.68,1077.0,1057.69,1060.87,1037.53,25828669
2020-09-18,1068.03,1070.43,1050.63,1064.08,1040.67,33074915
2020-09-21,1061.45,1078.06,1037.15,1041.07,1018.17,33627381
2020-09-22,1050.84,1050.84,1016.01,1020.45,997.99,34792254
2020-09-23,1042.99,1050.72,1017.75,1029.51,1006.86,42988708
2020-09-24,1018.95,1027.3,1004.25,1006.62,984.47,29826318
2020-09-25,1010.22,1021.21,1000.21,1016.08,993.73,28374935
2020-09-28,1027.76,1032.84,1018.55,1022.8,1000.29,19666849
2020-09-29,1026.84,1044.84,1022.8,1036.09,1013.29,25842539
2020-09-30,1042.99,1046.22,1026.84,1031.15,1008.46,24465159
2020-10-01,1044.74,1044.74,1021.76,1026.95,1004.35,20783227
2020-10-05,1035.61,1037.98,1018.07,1020.93,998.46,18922799
2020-10-06,1026.95,1030.94,1016.06,1020.08,997.63,18412175
2020-10-07,1031.45,1065.6,1024.53,1041.84,1018.91,53170865
2020-10-08,1042.53,1046.68,1025.5,1033.41,1010.67,21077808
2020-10-09,1031.45,1039.76,1023.19,1030.74,1008.06,18545499
2020-10-12,1031.45,1041.03,1027.41,1032.4,1009.68,14226473
2020-10-13,1029.42,1054.87,1027.23,1052.54,1029.38,23112012
2020-10-14,1051.71,1063.3,1046.91,1055.68,1032.45,26742011
2020-10-15,1056.83,1056.83,1012.99,1018.3,995.89,20036197
2020-10-16,1022.22,1030.3,1002.68,1004.13,982.04,21583600
2020-10-19,1010.71,1028.54,994.6,1004.32,982.22,31200385
2020-10-20,1005.61,1012.07,993.26,994.95,973.05,18482288
2020-10-21,1000.53,1011.61,968.11,980.5,958.93,34082321
2020-10-22,981.79,984.15,965.0,972.36,950.96,30802210
2020-10-23,971.92,985.3,967.49,975.17,953.71,23422125
2020-10-26,970.05,970.05,931.54,936.43,915.82,37324416
2020-10-27,939.11,950.62,925.31,938.92,918.26,36478896
2020-10-28,942.29,949.63,926.41,928.28,907.86,29924017
2020-10-29,921.62,942.38,918.85,935.41,914.83,30655304
2020-10-30,938.46,953.04,933.06,948.15,927.29,34021563
2020-11-02,935.46,935.46,858.0,866.44,847.38,99366895
2020-11-03,872.23,881.0,846.9,853.96,835.17,88691623
2020-11-04,847.78,890.23,847.78,882.94,863.51,80180117
2020-11-05,902.21,904.98,891.62,902.23,882.38,37205373
2020-11-06,918.38,941.46,912.92,936.45,915.85,66674086
2020-11-09,951.66,954.84,939.61,946.4,925.57,35838510
2020-11-10,958.54,964.53,942.01,962.02,940.85,36934242
2020-11-11,964.07,966.84,912.89,921.71,901.43,56724780
2020-11-12,914.23,926.9,906.85,913.77,893.66,40046527
2020-11-13,914.69,939.91,914.58,921.34,901.06,45388670
2020-11-14,929.88,930.06,920.85,924.06,903.73,5226220
2020-11-17,962.23,962.23,916.08,919.88,899.64,46542562
2020-11-18,919.88,926.0,904.59,917.09,896.91,30402290
2020-11-19,917.09,927.82,908.32,910.61,890.57,27796343
2020-11-20,911.46,915.52,874.54,876.62,857.33,57471248
2020-11-23,900.39,909.15,888.96,900.25,880.44,45327567
2020-11-24,906.39,911.0,891.62,906.41,886.46,30936268
2020-11-25,913.77,919.75,896.33,898.91,879.13,32637879
2020-11-26,901.33,906.85,890.72,901.12,881.3,25838637
2020-11-27,895.54,902.74,886.73,890.6,871.0,47336811
2020-12-01,895.47,907.42,890.72,902.19,882.33,19750687
2020-12-02,903.85,905.46,893.0,903.69,883.8,22188887
2020-12-03,910.08,914.28,903.92,906.41,886.46,27785372
2020-12-04,908.69,908.69,895.31,898.42,878.65,18464552
2020-12-07,895.59,906.85,895.59,903.71,883.82,18242188
2020-12-08,905.07,929.58,899.92,920.12,899.87,43403061
2020-12-09,927.59,938.6,922.65,935.44,914.85,29175254
2020-12-10,932.97,936.15,923.46,926.23,905.85,16065507
2020-12-11,929.0,940.54,911.12,925.68,905.31,26944202
2020-12-14,926.67,929.92,916.7,918.98,898.76,17312747
2020-12-15,918.25,918.25,905.05,911.16,891.11,18551265
2020-12-16,917.46,920.67,907.17,912.18,892.1,18561011
2020-12-17,915.85,925.31,912.45,916.35,896.19,20252358
2020-12-18,913.82,925.26,906.85,919.1,898.87,18466344
2020-12-21,927.61,933.15,856.2,895.17,875.47,44135540
2020-12-22,899.46,904.03,871.52,893.79,874.12,28140001
2020-12-23,890.69,900.59,886.38,897.09,877.35,19501410
2020-12-24,898.54,922.45,898.03,920.3,900.05,20776988
2020-12-28,926.09,931.31,920.83,924.52,904.18,17221499
2020-12-29,927.15,928.68,914.95,918.41,898.2,18611939
2020-12-30,920.81,926.32,911.72,920.92,900.66,22043630
2020-12-31,920.0,928.49,913.12,916.22,896.05,18781189
2021-01-01,917.46,921.62,914.69,917.23,897.05,10015175
2021-01-04,920.74,922.49,908.23,918.78,898.56,24513534
2021-01-05,908.69,915.43,902.69,907.35,887.39,24123091
2021-01-06,907.26,907.31,879.23,883.43,863.99,46401468
2021-01-07,886.31,897.62,879.23,882.0,862.59,32325918
2021-01-08,885.16,894.57,882.43,892.4,872.76,27540187
2021-01-11,894.76,894.76,873.39,875.58,856.31,33307825
2021-01-12,878.23,904.54,876.8,903.18,883.3,41161546
2021-01-13,906.18,911.44,885.36,894.76,875.07,26619458
2021-01-14,897.62,907.72,894.87,904.82,884.91,21553242
2021-01-15,904.82,910.91,886.1,894.13,874.46,20593268
2021-01-18,899.51,921.62,887.63,915.59,895.44,35100458
2021-01-19,920.53,937.31,920.53,930.57,910.09,32006615
2021-01-20,932.88,949.77,923.65,948.24,927.38,30924537
2021-01-21,960.84,978.38,957.61,968.87,947.55,39087742
2021-01-22,974.23,976.23,939.22,945.89,925.08,30532660
2021-01-25,939.13,939.13,891.62,895.77,876.06,54207104
2021-01-27,888.39,888.39,871.31,874.54,855.3,42370131
2021-01-28,867.69,887.6,863.0,866.03,846.97,34067814
2021-01-29,874.22,882.9,844.54,850.06,831.35,43712383
2021-02-01,858.11,879.16,852.85,874.68,855.43,34180952
2021-02-02,883.43,895.31,856.06,888.76,869.2,41470034
2021-02-03,889.91,900.85,876.85,890.99,871.39,30301696
2021-02-04,887.93,895.31,879.16,888.06,868.52,25626981
2021-02-05,890.72,897.46,886.08,887.81,868.27,20248046
2021-02-08,892.1,908.69,890.26,900.59,880.78,21183400
2021-02-09,905.44,918.2,900.99,902.76,882.9,19604141
2021-02-10,901.66,915.96,889.45,911.14,891.09,21234156
2021-02-11,913.77,952.63,910.19,948.71,927.83,42539278
2021-02-12,948.61,959.0,930.11,942.2,921.46,30497029
2021-02-15,945.17,951.29,934.54,938.04,917.4,15791099
2021-02-16,941.34,959.64,939.15,950.46,929.54,21421660
2021-02-17,950.69,967.28,946.35,961.42,940.26,23742994
2021-02-18,962.23,973.03,950.27,954.24,933.24,18646877
2021-02-19,949.31,971.43,947.6,960.06,938.93,23403483
2021-02-22,959.92,964.49,920.67,926.74,906.34,23804335
2021-02-23,945.15,947.41,929.28,933.82,913.27,25644108
2021-02-24,936.84,953.11,935.07,951.15,930.22,10807663
2021-02-25,958.07,993.15,956.69,989.62,967.84,34855693
2021-02-26,977.0,984.79,955.63,962.6,941.41,37481215
2021-03-01,973.86,974.69,951.84,969.93,948.59,17680764
2021-03-02,979.3,982.99,964.12,971.92,950.53,17150760
2021-03-03,978.86,1024.48,972.47,1016.27,993.91,31924461
2021-03-04,1006.07,1010.66,995.78,1004.15,982.06,21435754
2021-03-05,994.99,1020.81,993.63,1005.47,983.34,25511666
2021-03-08,1000.76,1030.02,1000.53,1011.19,988.94,19506841
2021-03-09,1015.3,1021.67,990.66,1011.17,988.92,15154484
2021-03-10,1018.53,1022.27,1001.57,1006.97,984.81,11519358
2021-03-12,1012.99,1018.25,980.18,986.5,964.79,16864952
2021-03-15,987.63,991.72,960.15,973.26,951.84,16698099
2021-03-16,975.61,981.15,967.07,969.43,948.09,13873801
2021-03-17,968.25,970.53,939.2,948.54,927.67,19210236
2021-03-18,956.64,962.13,923.46,927.2,906.8,20647480
2021-03-19,918.85,967.23,915.06,960.84,939.7,41787429
2021-03-22,955.77,957.15,938.32,951.8,930.85,18572478
2021-03-23,951.59,973.63,948.84,963.38,942.18,17421165
2021-03-24,959.8,959.8,941.64,944.83,924.04,16822814
2021-03-25,947.92,947.92,916.08,919.05,898.83,22001648
2021-03-26,928.54,929.32,910.86,920.53,900.27,20180202
2021-03-30,926.69,945.57,919.1,936.52,915.91,20441701
2021-03-31,931.31,946.03,922.54,924.43,904.09,16250796
2021-04-01,931.31,936.84,924.45,933.08,912.55,11723312
2021-04-05,934.51,934.54,905.51,919.58,899.35,14875099
2021-04-06,924.85,925.28,908.69,915.75,895.6,14009194
2021-04-07,923.0,944.64,919.91,924.31,903.98,24266353
2021-04-08,928.08,933.15,919.77,925.47,905.1,15369188
2021-04-09,922.28,925.93,913.77,914.72,894.59,14037885
2021-04-12,904.08,905.19,876.97,882.0,862.59,20901482
2021-04-13,887.93,895.59,885.09,891.53,871.91,19411189
2021-04-15,888.99,905.0,882.85,897.29,877.55,19723716
2021-04-16,893.74,899.88,889.06,891.66,872.04,15656948
2021-04-19,878.7,884.42,872.23,877.63,858.32,18478808
2021-04-20,881.7,885.62,872.44,877.38,858.07,17203668
2021-04-22,873.27,883.52,866.1,879.8,860.44,14490954
2021-04-23,879.62,885.57,874.7,878.86,859.52,11828857
2021-04-26,886.08,905.46,882.16,894.32,874.64,20846778
2021-04-27,895.31,921.71,894.5,917.76,897.57,19992524
2021-04-28,922.01,926.69,913.84,921.75,901.47,17122437
2021-04-29,933.57,943.54,926.37,934.1,913.54,17412606
2021-04-30,926.92,939.61,917.25,920.46,900.21,19828769
2021-05-03,907.31,913.31,896.74,904.1,884.21,23640186
2021-05-04,899.92,908.14,881.93,884.51,865.05,21849830
2021-05-05,887.63,894.62,880.56,886.13,866.63,12393609
2021-05-06,886.93,893.0,879.9,891.16,871.55,14624666
2021-05-07,894.27,902.53,888.85,891.5,871.88,12288548
2021-05-10,894.85,898.45,886.52,888.94,869.38,13941237
2021-05-11,883.77,894.64,881.46,892.15,872.52,13478264
2021-05-12,890.74,892.03,880.08,882.92,863.49,13177961
2021-05-14,889.79,896.23,879.62,894.06,874.39,13291616
2021-05-17,894.06,906.13,890.88,904.7,884.79,11873078
2021-05-18,914.23,924.2,910.31,917.44,897.25,12064918
2021-05-19,913.77,930.59,910.08,921.64,901.36,16317002
2021-05-20,922.03,928.03,914.23,916.26,896.1,11422532
2021-05-21,919.31,927.43,916.54,924.18,903.84,10785605
2021-05-24,926.69,927.52,914.69,916.38,896.21,8551760
2021-05-25,921.34,921.62,904.54,905.99,886.06,14780102
2021-05-26,911.46,913.54,906.99,909.18,889.17,7480204
2021-05-27,909.29,919.77,905.58,911.97,891.9,26819294
2021-05-28,918.38,971.46,918.38,966.75,945.48,56469931
2021-05-31,970.07,1011.47,962.25,996.98,975.04,59124142
2021-06-01,999.61,1016.22,990.61,1000.95,978.92,28013832
2021-06-02,995.46,1019.68,995.46,1015.88,993.52,24630162
2021-06-03,1024.99,1038.37,1013.5,1019.75,997.31,23974257
2021-06-04,1022.13,1022.89,1008.03,1010.92,988.67,14468646
2021-06-07,1016.22,1034.68,1008.38,1027.94,1005.32,16336573
2021-06-08,1027.58,1027.83,1014.45,1022.04,999.55,9674735
2021-06-09,1024.07,1024.99,995.89,1003.76,981.67,11409161
2021-06-10,1012.25,1029.14,1004.94,1007.45,985.28,14155653
2021-06-11,1007.41,1028.22,1006.12,1021.37,1002.38,13762778
2021-06-14,1022.22,1042.18,1013.02,1036.02,1016.76,20332436
2021-06-15,1043.45,1049.87,1033.9,1038.37,1019.07,15174215
2021-06-16,1036.02,1037.01,1018.0,1020.65,1001.67,10797349
2021-06-17,1015.3,1031.45,1006.02,1022.52,1003.51,15745975
2021-06-18,1027.07,1031.45,1008.08,1027.14,1008.04,29369026
2021-06-21,1016.91,1037.22,1015.37,1032.49,1013.29,12186448
2021-06-22,1040.22,1043.45,1024.23,1027.18,1008.08,12871913
2021-06-23,1038.37,1038.65,1016.08,1017.77,998.84,16653951
2021-06-24,1018.46,1022.04,987.61,993.84,975.36,91461975
2021-06-25,993.84,993.84,960.43,971.2,953.14,55355022
2021-06-28,979.3,981.38,960.38,962.69,944.79,20277042
2021-06-29,964.3,973.3,961.81,963.52,945.6,27144063
2021-06-30,967.42,979.6,965.02,974.06,955.95,19762858
2021-07-01,977.46,979.83,966.84,968.2,950.2,12534407
2021-07-02,967.77,984.33,965.9,982.56,964.28,14086620
2021-07-05,985.97,993.86,983.69,992.32,973.86,11702287
2021-07-06,989.89,991.72,978.47,980.59,962.36,10070124
2021-07-07,981.96,981.96,968.23,973.79,955.68,10454892
2021-07-08,976.97,976.97,960.38,965.73,947.78,11185460
2021-07-09,963.61,965.32,953.5,955.86,938.08,9037675
2021-07-12,959.8,969.84,957.38,961.81,943.93,8585292
2021-07-13,969.15,970.56,963.63,969.01,950.99,6717133
2021-07-14,969.31,972.31,960.5,962.69,944.79,8532544
2021-07-15,966.84,966.84,959.23,961.0,943.13,9448356
2021-07-16,963.5,975.96,963.43,974.87,956.74,8828185
2021-07-19,969.15,980.23,965.57,968.67,950.65,8354449
2021-07-20,968.92,972.84,961.77,966.29,948.32,6741464
2021-07-22,977.92,980.18,968.3,978.7,960.5,7972397
2021-07-23,985.05,985.05,970.1,971.78,953.71,9937030
2021-07-26,972.84,978.84,955.81,958.47,940.64,12389668
2021-07-27,958.44,961.63,942.38,948.38,930.75,10824523
2021-07-28,949.77,949.77,930.5,940.24,922.75,12897848
2021-07-29,947.92,957.34,943.03,947.57,929.95,13765738
2021-07-30,949.77,954.36,937.35,939.29,921.82,11350608
2021-08-02,948.06,959.64,941.99,956.46,938.67,10925104
2021-08-03,964.53,965.0,952.63,963.5,945.58,11817299
2021-08-04,966.57,975.61,963.15,970.88,952.83,13169800
2021-08-05,975.75,994.44,971.11,984.96,966.64,21252078
2021-08-06,982.97,990.82,959.34,964.1,946.17,16620987
2021-08-09,960.38,964.44,953.69,958.6,940.78,7494143
2021-08-10,960.84,975.15,957.04,963.63,945.72,11919198
2021-08-11,967.74,978.38,961.49,977.13,958.96,9184963
2021-08-12,980.64,981.24,971.46,974.0,955.88,8137612
2021-08-13,977.13,992.18,973.28,990.22,971.8,12780901
2021-08-16,991.92,1016.68,982.14,1003.07,984.42,21935444
2021-08-17,1000.92,1008.47,991.23,998.8,980.23,12658169
2021-08-18,1003.3,1009.21,993.42,1002.68,984.03,10075860
2021-08-20,988.99,1002.38,986.23,991.42,972.98,9426282
2021-08-23,1003.3,1003.3,984.06,997.92,979.37,9854395
2021-08-24,999.17,1011.61,994.81,1007.78,989.04,11864472
2021-08-25,1008.56,1024.53,1006.12,1016.5,997.6,13380559
2021-08-26,1018.99,1036.02,1017.61,1029.35,1010.21,18589616
2021-08-27,1032.38,1035.03,1022.71,1027.94,1008.83,10480636
2021-08-30,1038.37,1050.3,1032.28,1047.72,1028.24,14027062
2021-08-31,1050.79,1053.95,1034.8,1042.14,1022.76,26485463
2021-09-01,1048.99,1058.17,1044.37,1046.27,1026.81,11145486
2021-09-02,1040.68,1065.05,1040.68,1058.87,1039.17,9956770
2021-09-03,1066.06,1105.29,1062.6,1102.29,1081.79,30664428
2021-09-06,1113.6,1144.52,1113.14,1119.41,1098.6,33641710
2021-09-07,1121.44,1134.37,1113.14,1126.47,1105.53,17349882
2021-09-08,1131.6,1132.52,1110.67,1122.07,1101.2,14301651
2021-09-09,1120.48,1125.07,1115.03,1119.41,1098.6,8963249
2021-09-13,1122.83,1122.83,1092.85,1094.47,1074.12,16311160
2021-09-14,1096.06,1104.83,1091.91,1093.04,1072.71,8908356
2021-09-15,1093.06,1105.64,1093.06,1097.59,1077.17,9071075
2021-09-16,1099.08,1124.56,1092.37,1120.61,1099.78,13448882
2021-09-17,1128.83,1133.37,1096.34,1103.24,1082.72,34882133
2021-09-20,1094.72,1116.07,1093.75,1104.99,1084.44,11779819
2021-09-21,1109.91,1115.26,1100.22,1109.77,1089.13,9915736
2021-09-22,1111.29,1126.98,1106.79,1121.68,1100.82,10995912
2021-09-23,1129.47,1152.37,1128.6,1149.09,1127.72,15748397
2021-09-24,1155.39,1156.26,1140.83,1145.77,1124.46,15192163
2021-09-27,1147.75,1167.55,1142.35,1165.03,1143.37,15373834
2021-09-28,1169.44,1183.7,1159.66,1175.92,1154.06,18035258
2021-09-29,1186.05,1186.05,1163.0,1166.6,1144.91,9719875
2021-09-30,1165.29,1169.72,1153.91,1162.63,1141.01,13590654
2021-10-01,1154.65,1172.12,1151.44,1164.69,1143.03,8958928
2021-10-04,1178.21,1188.29,1170.85,1179.66,1157.73,10918552
2021-10-05,1179.18,1205.44,1175.6,1204.15,1181.75,13533634
2021-10-06,1209.11,1209.11,1177.33,1181.37,1159.4,10258881
2021-10-07,1197.59,1199.32,1184.99,1187.16,1165.09,6336665
2021-10-08,1193.09,1238.85,1191.36,1232.78,1209.86,15772493
2021-10-11,1246.7,1255.28,1220.83,1224.2,1201.43,14768666
2021-10-12,1220.67,1238.2,1218.94,1231.19,1208.29,6682011
2021-10-13,1236.36,1255.05,1231.88,1243.72,1220.59,9959762
2021-10-14,1246.21,1254.1,1240.14,1246.23,1223.06,8623469
2021-10-18,1231.56,1266.82,1228.65,1249.56,1226.32,13594479
2021-10-19,1257.03,1269.75,1249.74,1260.75,1237.3,8833409
2021-10-20,1265.78,1265.78,1242.13,1246.23,1223.06,12710570
2021-10-21,1258.69,1258.97,1201.38,1210.28,1187.78,20831669
2021-10-22,1209.13,1229.85,1205.21,1212.54,1190.0,11027475
2021-10-25,1236.82,1236.82,1186.05,1200.73,1178.4,17198417
2021-10-26,1207.79,1231.7,1201.35,1228.07,1205.24,9750178
2021-10-27,1223.9,1235.34,1209.11,1212.54,1190.0,9896298
2021-10-28,1209.13,1217.41,1195.52,1199.25,1176.95,9886181
2021-10-29,1198.12,1198.12,1154.53,1170.48,1148.71,14233025
2021-11-01,1170.48,1179.59,1151.03,1171.19,1149.42,15481114
2021-11-02,1174.52,1175.9,1151.56,1154.12,1132.66,10569130
2021-11-03,1156.54,1162.98,1135.75,1146.18,1124.87,11989430
2021-11-04,1150.5,1156.01,1149.13,1153.22,1131.77,1705656
2021-11-08,1162.7,1162.98,1133.63,1154.65,1133.18,20337183
2021-11-09,1156.06,1167.09,1147.77,1163.76,1142.12,15682497
2021-11-10,1161.46,1180.52,1155.43,1176.78,1154.9,10253470
2021-11-11,1172.23,1186.29,1170.16,1178.92,1157.0,10722478
2021-11-12,1182.78,1199.32,1180.06,1196.72,1174.46,8712341
2021-11-15,1199.9,1200.91,1186.05,1189.65,1167.53,4803269
2021-11-16,1187.0,1188.36,1151.44,1162.01,1140.4,11337581
2021-11-17,1153.27,1153.27,1135.75,1137.14,1115.99,10202029
2021-11-18,1135.29,1148.67,1130.7,1141.43,1120.2,8505625
2021-11-22,1124.26,1130.21,1084.99,1090.87,1070.58,24124307
2021-11-23,1076.7,1108.18,1065.6,1101.07,1080.59,25326999
2021-11-24,1098.37,1112.17,1081.55,1085.17,1064.99,16820296
2021-11-25,1095.14,1154.67,1087.82,1150.5,1129.1,42401936
2021-11-26,1138.89,1143.41,1108.29,1113.41,1092.71,15763138
2021-11-29,1125.64,1153.75,1107.18,1126.75,1105.8,24325354
2021-11-30,1138.98,1142.63,1102.45,1110.09,1089.45,32172299
2021-12-01,1122.83,1141.75,1119.18,1138.52,1117.35,10104610
2021-12-02,1139.77,1152.0,1136.03,1145.83,1124.53,12720411
2021-12-03,1153.01,1153.06,1107.6,1111.41,1090.74,19222481
2021-12-06,1114.98,1119.14,1087.82,1090.34,1070.06,10332254
2021-12-07,1096.59,1109.45,1089.14,1099.22,1078.78,11235122
2021-12-08,1118.72,1122.28,1110.51,1115.95,1095.2,8744178
2021-12-09,1123.75,1142.17,1119.14,1133.65,1112.57,13213547
2021-12-10,1126.17,1138.06,1121.61,1134.81,1113.7,8364414
2021-12-13,1141.52,1141.8,1109.45,1112.05,1091.37,12901733
2021-12-14,1098.37,1110.37,1095.32,1098.44,1078.01,12991523
2021-12-15,1100.22,1109.91,1089.65,1095.23,1074.86,9366969
2021-12-16,1110.23,1114.75,1093.13,1109.4,1088.77,9761279
2021-12-17,1106.7,1111.29,1070.68,1080.12,1060.03,21049821
2021-12-20,1069.69,1069.69,1037.04,1051.0,1031.45,14325846
2021-12-21,1066.69,1082.68,1057.85,1066.64,1046.81,12836561
2021-12-22,1072.94,1094.63,1071.6,1091.95,1071.65,17658543
2021-12-23,1095.6,1098.37,1088.24,1091.56,1071.26,9072401
2021-12-24,1093.75,1103.91,1078.78,1095.05,1074.68,7886494
2021-12-27,1089.85,1097.45,1083.65,1093.87,1073.53,4017223
2021-12-28,1096.34,1109.84,1095.16,1106.86,1086.28,6374613
2021-12-29,1103.45,1116.37,1099.34,1108.75,1088.14,15425312
2021-12-30,1107.6,1109.88,1082.49,1088.72,1068.48,29333171
2021-12-31,1095.14,1100.17,1089.14,1092.9,1072.58,9477290
2022-01-03,1091.45,1111.27,1090.78,1109.38,1088.75,5421611
2022-01-04,1114.94,1135.75,1109.45,1134.41,1113.32,10847728
2022-01-05,1136.21,1143.14,1122.81,1139.72,1118.53,11643813
2022-01-06,1131.23,1132.52,1111.75,1115.21,1094.48,14447422
2022-01-07,1121.88,1134.39,1112.93,1124.21,1103.31,13112115
2022-01-10,1131.6,1133.91,1115.01,1125.14,1104.21,9246731
2022-01-11,1124.21,1142.19,1123.75,1133.24,1112.16,16205164
2022-01-12,1140.5,1165.26,1137.6,1163.49,1141.85,14800442
2022-01-13,1163.56,1172.67,1157.63,1170.04,1148.28,11856712
2022-01-14,1169.9,1184.81,1165.68,1171.75,1149.96,19930176
2022-01-17,1171.29,1183.75,1170.83,1177.86,1155.96,8036453
2022-01-18,1179.02,1182.52,1161.02,1163.81,1142.17,6215029
2022-01-19,1167.59,1173.13,1157.9,1163.72,1142.08,9755485
2022-01-20,1153.77,1158.34,1132.98,1143.34,1122.08,16494486
2022-01-21,1131.6,1154.79,1131.6,1143.53,1122.26,13338594
2022-01-24,1142.21,1155.94,1086.88,1097.4,1076.99,21868937
2022-01-25,1084.32,1102.36,1063.76,1095.25,1074.89,24510205
2022-01-27,1078.06,1087.34,1066.55,1079.03,1058.97,20020431
2022-01-28,1091.45,1096.48,1074.56,1077.99,1057.95,14667727
2022-01-31,1089.23,1110.55,1087.39,1101.42,1080.93,12143683
2022-02-01,1111.29,1117.11,1083.19,1097.77,1077.36,13200509
2022-02-02,1110.83,1110.83,1096.11,1100.01,1079.55,10017691
2022-02-03,1103.91,1108.27,1083.23,1085.79,1065.6,9572839
2022-02-04,1080.37,1083.81,1071.19,1075.89,1055.89,11061241
2022-02-07,1080.83,1087.66,1063.76,1069.34,1049.46,10714467
2022-02-08,1075.59,1089.14,1066.06,1087.32,1067.1,12060849
2022-02-09,1094.29,1101.69,1088.22,1099.98,1079.53,11486225
2022-02-10,1105.62,1105.62,1091.49,1098.85,1078.42,12464491
2022-02-11,1095.25,1100.45,1081.8,1096.71,1076.31,15943370
2022-02-14,1080.03,1086.81,1067.45,1079.24,1059.17,10719633
2022-02-15,1085.08,1118.63,1077.93,1115.88,1095.13,11212671
2022-02-16,1121.44,1122.83,1105.73,1113.58,1092.87,10392840
2022-02-17,1116.88,1132.94,1112.21,1127.67,1106.7,12853252
2022-02-18,1128.09,1133.63,1116.9,1118.86,1098.05,6775458
2022-02-21,1113.14,1124.91,1100.49,1107.55,1086.96,11107193
2022-02-22,1085.86,1105.71,1083.21,1102.52,1082.02,13494914
2022-02-23,1108.11,1110.62,1092.83,1095.62,1075.25,7310110
2022-02-24,1063.76,1079.86,1035.33,1041.03,1021.67,24846650
2022-02-25,1052.27,1065.12,1050.49,1054.04,1034.44,14570089
2022-02-28,1035.14,1092.53,1035.14,1088.93,1068.68,21297446
2022-03-02,1077.35,1108.06,1074.93,1106.93,1086.35,21471786
2022-03-03,1107.6,1114.45,1093.78,1097.59,1077.17,10186748
2022-03-04,1085.91,1091.12,1070.84,1073.24,1053.28,10805667
2022-03-07,1051.62,1067.03,1025.45,1033.55,1014.33,17983310
2022-03-08,1020.61,1036.53,1006.07,1031.68,1012.5,21289374
2022-03-09,1031.91,1092.37,1031.06,1086.42,1066.21,20414228
2022-03-10,1107.6,1109.91,1089.14,1104.02,1083.49,17980493
2022-03-11,1096.55,1112.68,1096.55,1107.21,1086.62,12257423
2022-03-14,1101.55,1118.86,1095.6,1116.3,1095.54,8340678
2022-03-15,1120.5,1120.5,1080.3,1090.73,1070.45,15925769
2022-03-16,1099.29,1111.25,1097.03,1109.15,1088.52,11149828
2022-03-17,1122.71,1152.55,1114.57,1145.3,1124.01,21422098
2022-03-21,1127.91,1146.37,1125.6,1138.7,1117.53,11999466
2022-03-22,1135.34,1169.88,1132.34,1168.13,1146.4,22557065
2022-03-23,1164.36,1183.68,1164.36,1171.84,1150.05,15462187
2022-03-24,1158.36,1192.58,1158.36,1190.05,1167.92,13168266
2022-03-25,1191.82,1207.28,1189.29,1197.98,1175.71,14222488
2022-03-28,1204.51,1213.63,1193.67,1210.03,1187.53,9891424
2022-03-29,1217.44,1217.44,1203.31,1210.31,1187.8,8684065
2022-03-30,1218.31,1240.51,1207.79,1233.57,1210.63,15811550
2022-03-31,1229.87,1232.07,1213.1,1215.94,1193.33,13223718
2022-04-01,1216.51,1229.97,1210.05,1225.67,1202.88,7922880
2022-04-04,1225.49,1234.51,1219.12,1229.3,1206.44,7929162
2022-04-05,1223.48,1232.16,1209.45,1211.92,1189.38,13149870
2022-04-06,1193.95,1215.82,1193.95,1208.69,1186.21,12257215
2022-04-07,1197.64,1202.67,1184.67,1187.37,1165.29,15496499
2022-04-08,1181.44,1211.44,1181.44,1207.12,1184.67,15152495
2022-04-11,1199.9,1217.69,1192.05,1204.61,1182.21,9254209
2022-04-12,1193.9,1201.1,1179.32,1181.92,1159.95,13217742
2022-04-13,1188.13,1196.48,1174.75,1177.59,1155.69,10354235
2022-04-18,1168.98,1181.35,1163.81,1173.99,1152.16,9974224
2022-04-19,1180.52,1231.28,1177.31,1218.73,1196.07,26141820
2022-04-20,1226.25,1261.74,1222.56,1254.56,1231.23,25072240
2022-04-21,1269.54,1287.12,1260.82,1283.94,1260.06,21708633
2022-04-22,1273.23,1293.12,1266.45,1273.19,1249.51,15054154
2022-04-25,1265.62,1273.0,1229.27,1243.74,1220.61,17063215
2022-04-26,1250.66,1289.89,1249.6,1280.96,1257.14,12227666
2022-04-27,1271.82,1305.12,1271.46,1282.21,1258.36,19338945
2022-04-28,1296.79,1315.74,1285.78,1301.36,1277.16,25614076
2022-04-29,1318.11,1318.11,1281.72,1287.7,1263.75,18214862
2022-05-02,1274.66,1294.74,1272.84,1283.18,1259.32,9467006
2022-05-04,1285.28,1287.58,1235.11,1243.12,1220.0,19247660
2022-05-05,1256.89,1259.89,1214.67,1218.77,1196.11,17210669
2022-05-06,1205.53,1227.13,1196.92,1209.43,1186.94,19649948
2022-05-09,1188.34,1198.56,1156.98,1162.2,1140.58,18083752
2022-05-10,1151.44,1166.03,1134.37,1142.05,1120.81,19511677
2022-05-11,1141.13,1146.8,1117.73,1130.35,1109.33,16643899
2022-05-12,1120.29,1123.68,1093.75,1107.32,1086.73,20490321
2022-05-13,1119.6,1143.6,1114.68,1119.88,1099.05,19308778
2022-05-16,1123.5,1144.98,1115.28,1120.15,1099.32,13437911
2022-05-17,1123.8,1172.16,1122.37,1167.2,1145.5,16551828
2022-05-18,1172.05,1186.05,1157.56,1171.45,1149.66,17276788
2022-05-19,1146.37,1159.52,1138.08,1144.45,1123.17,14699118
2022-05-20,1159.52,1220.39,1154.67,1211.18,1188.66,21793091
2022-05-23,1214.44,1224.61,1196.67,1203.08,1180.71,15252755
2022-05-24,1203.13,1217.44,1198.84,1207.21,1184.77,13527818
2022-05-25,1216.05,1226.07,1200.59,1205.44,1183.02,12714544
2022-05-26,1211.16,1216.01,1175.9,1193.95,1171.74,17882023
2022-05-27,1196.69,1202.28,1172.26,1188.41,1166.31,16521973
2022-05-30,1206.82,1234.05,1197.22,1229.8,1206.94,13853398
2022-05-31,1219.01,1236.27,1207.15,1214.97,1192.37,70620653
2022-06-01,1215.73,1225.37,1207.38,1215.36,1192.76,9776989
2022-06-02,1215.59,1261.03,1215.59,1257.26,1233.88,22126569
2022-06-03,1266.36,1300.21,1265.43,1282.74,1258.89,23939791
2022-06-06,1282.97,1298.66,1269.96,1277.22,1253.47,11093152
2022-06-07,1278.31,1288.09,1270.07,1279.62,1255.83,12358255
2022-06-08,1279.62,1283.43,1253.57,1257.15,1233.77,12479250
2022-06-09,1250.66,1293.58,1250.66,1291.62,1267.6,17278305
2022-06-10,1279.23,1287.54,1246.74,1252.63,1229.33,18093057
2022-06-13,1222.97,1233.5,1207.42,1228.93,1206.08,17620803
2022-06-14,1223.0,1233.06,1206.11,1212.87,1190.31,14714312
2022-06-15,1208.0,1217.11,1192.7,1198.19,1175.91,11195535
2022-06-16,1210.51,1227.15,1178.67,1181.44,1159.47,17111475
2022-06-17,1181.44,1211.37,1179.64,1195.28,1173.06,24457187
2022-06-20,1202.21,1207.79,1163.49,1173.62,1151.79,12066797
2022-06-21,1181.44,1196.85,1166.81,1192.56,1170.39,11720049
2022-06-22,1180.56,1180.66,1154.21,1156.33,1134.83,10617206
2022-06-23,1160.7,1165.29,1128.37,1137.57,1116.42,19446323
2022-06-24,1144.52,1158.83,1138.98,1153.77,1132.32,14240234
2022-06-27,1174.49,1174.49,1145.23,1150.36,1128.97,15474529
2022-06-28,1145.49,1169.42,1145.49,1166.53,1144.84,13572847
2022-06-29,1157.07,1198.52,1154.21,1190.74,1168.6,19205146
2022-06-30,1190.67,1207.24,1184.21,1197.89,1175.62,23112959
2022-07-01,1188.32,1196.21,1091.45,1111.61,1090.94,81997149
2022-07-04,1097.89,1126.98,1091.95,1113.92,1093.21,41857728
2022-07-05,1118.21,1137.55,1115.49,1122.94,1102.06,17647327
2022-07-06,1116.88,1126.96,1102.06,1113.07,1092.37,23943726
2022-07-07,1119.55,1122.94,1096.06,1102.11,1081.61,23301033
2022-07-08,1115.91,1115.91,1099.55,1103.63,1083.11,19010108
2022-07-11,1096.75,1120.89,1093.75,1118.63,1097.83,13847467
2022-07-12,1109.45,1125.92,1109.45,1117.04,1096.27,10778989
2022-07-13,1120.2,1123.29,1095.14,1097.24,1076.83,14224132
2022-07-14,1102.06,1123.27,1096.96,1106.28,1085.71,16970315
2022-07-15,1114.52,1114.52,1099.8,1108.43,1087.82,9603210
2022-07-18,1117.29,1119.14,1104.05,1117.87,1097.08,15160908
2022-07-19,1107.74,1129.29,1107.74,1124.72,1103.81,16439888
2022-07-20,1172.21,1173.36,1147.4,1155.13,1133.65,23924246
2022-07-21,1150.98,1153.75,1138.66,1147.43,1126.09,16523230
2022-07-22,1153.75,1161.27,1151.44,1155.18,1133.7,10969995
2022-07-25,1138.73,1138.73,1108.98,1117.01,1096.24,23110452
2022-07-26,1117.34,1127.86,1112.84,1117.52,1096.74,11303288
2022-07-27,1116.81,1120.06,1108.52,1116.46,1095.7,8655086
2022-07-28,1124.21,1138.96,1117.29,1133.95,1112.86,12496073
2022-07-29,1142.07,1161.64,1137.14,1158.11,1136.57,15130683
2022-08-01,1162.59,1194.25,1157.26,1188.29,1166.2,15700044
2022-08-02,1187.21,1203.5,1182.15,1192.82,1170.63,13917913
2022-08-03,1199.9,1204.51,1184.88,1202.83,1180.46,14250977
2022-08-04,1204.51,1208.09,1169.9,1186.93,1164.86,14467127
2022-08-05,1188.82,1190.12,1166.19,1169.44,1147.69,13942438
2022-08-08,1168.06,1192.31,1168.06,1184.74,1162.71,10165178
2022-08-10,1189.24,1195.24,1180.08,1191.82,1169.66,10724688
2022-08-11,1201.33,1204.47,1190.76,1195.79,1173.56,8198226
2022-08-12,1195.42,1218.98,1191.68,1215.13,1192.53,12650587
2022-08-16,1221.22,1226.34,1212.5,1223.57,1200.82,6607378
2022-08-17,1229.9,1235.39,1225.54,1229.97,1207.09,6595965
2022-08-18,1227.59,1231.74,1218.45,1228.19,1209.28,7410035
2022-08-19,1222.97,1228.37,1202.18,1206.29,1187.72,9460724
2022-08-22,1207.75,1214.34,1193.44,1202.95,1184.43,9471680
2022-08-23,1197.13,1224.45,1195.91,1221.5,1202.69,9678484
2022-08-24,1218.41,1232.2,1216.21,1218.24,1199.49,10369622
2022-08-25,1222.49,1228.93,1210.33,1214.69,1195.99,7871946
2022-08-26,1215.13,1222.97,1203.13,1208.21,1189.61,10742038
2022-08-29,1192.98,1225.28,1189.77,1198.82,1180.36,19838975
2022-08-30,1206.36,1220.78,1189.1,1217.41,1198.67,23139054
2022-09-01,1191.89,1202.18,1177.15,1181.62,1163.43,19909939
2022-09-02,1181.62,1188.52,1165.61,1167.83,1149.85,12999345
2022-09-05,1168.06,1191.36,1168.06,1185.96,1167.71,11327815
2022-09-06,1187.44,1202.67,1186.98,1198.45,1180.0,10899618
2022-09-07,1188.36,1197.55,1186.05,1191.48,1173.14,7488501
2022-09-08,1194.48,1198.98,1186.52,1193.16,1174.79,7057077
2022-09-09,1204.51,1204.51,1183.29,1185.73,1167.48,8314850
2022-09-12,1186.31,1205.44,1186.31,1199.0,1180.54,7435419
2022-09-13,1208.21,1213.61,1200.36,1209.01,1190.4,8888657
2022-09-14,1188.36,1204.51,1187.32,1194.52,1176.13,8678219
2022-09-15,1192.05,1201.54,1179.94,1182.69,1164.48,10365600
2022-09-16,1173.94,1178.21,1149.6,1153.38,1135.63,20217708
2022-09-19,1153.38,1164.23,1145.14,1154.88,1137.1,7580254
2022-09-20,1164.11,1171.15,1151.3,1155.06,1137.28,8411448
2022-09-21,1152.25,1168.98,1151.44,1158.25,1140.42,9207309
2022-09-22,1147.29,1155.13,1140.87,1147.33,1129.67,10308170
2022-09-23,1146.83,1151.88,1124.26,1125.83,1108.5,9528051
2022-09-26,1104.85,1115.81,1096.13,1097.15,1080.26,12479523
2022-09-27,1104.83,1119.6,1089.19,1105.87,1088.85,16154822
2022-09-28,1089.3,1097.45,1073.96,1076.43,1059.86,16997059
2022-09-29,1089.14,1092.6,1067.45,1073.13,1056.61,14671827
2022-09-30,1066.53,1108.52,1066.53,1097.33,1080.44,18613024
2022-10-03,1103.68,1115.42,1090.52,1093.52,1076.69,11852723
2022-10-04,1106.58,1115.91,1103.05,1113.69,1096.55,8948850
2022-10-06,1120.98,1130.67,1115.98,1117.8,1100.59,13352162
2022-10-07,1114.36,1127.86,1114.36,1122.53,1105.25,7714340
2022-10-10,1109.91,1115.72,1102.06,1110.28,1093.19,6329527
2022-10-11,1114.06,1114.06,1085.03,1088.17,1071.42,9215177
2022-10-12,1085.45,1099.15,1081.34,1096.18,1079.3,7417103
2022-10-13,1094.4,1104.83,1089.19,1099.66,1082.73,7328492
2022-10-14,1114.52,1115.15,1093.34,1094.08,1077.24,9106089
2022-10-17,1086.83,1114.06,1081.57,1111.64,1094.53,16729355
2022-10-18,1117.75,1136.67,1116.9,1131.25,1113.84,12415820
2022-10-19,1132.75,1166.6,1126.84,1150.93,1133.22,19247142
2022-10-20,1146.83,1162.52,1146.83,1154.03,1136.26,8717053
2022-10-21,1157.3,1161.5,1138.52,1140.64,1123.08,8243452
2022-10-24,1135.29,1154.9,1133.12,1144.45,1126.83,3370033
2022-10-25,1153.29,1153.29,1125.14,1126.77,1109.43,12233241
2022-10-27,1134.37,1139.19,1122.74,1131.21,1113.79,12513059
2022-10-28,1137.6,1169.9,1135.04,1165.82,1147.87,17609592
2022-10-31,1172.67,1181.88,1168.61,1176.64,1158.53,12419943
2022-11-01,1199.9,1199.9,1157.44,1167.53,1149.55,13963166
2022-11-02,1168.66,1176.92,1160.67,1174.82,1156.73,8981896
2022-11-03,1167.53,1181.23,1165.31,1179.2,1161.05,6693449
2022-11-04,1178.62,1199.9,1177.33,1196.55,1178.13,12575815
2022-11-07,1195.75,1204.65,1187.9,1202.95,1184.43,11789748
2022-11-09,1204.65,1210.03,1195.31,1201.75,1183.25,11254205
2022-11-10,1195.28,1198.31,1182.82,1187.21,1168.93,5966242
2022-11-11,1199.9,1216.51,1194.36,1214.58,1195.88,12310132
2022-11-14,1214.09,1219.28,1202.28,1208.69,1190.09,9043112
2022-11-15,1210.19,1212.08,1195.28,1203.27,1184.75,7086433
2022-11-16,1204.51,1207.26,1191.29,1196.37,1177.95,9716161
2022-11-17,1192.95,1205.9,1190.67,1199.46,1181.0,6661451
2022-11-18,1203.01,1204.05,1186.56,1198.82,1180.36,5303197
2022-11-21,1194.36,1194.36,1173.64,1177.24,1159.12,6390268
2022-11-22,1174.52,1185.36,1170.59,1183.77,1165.55,6611488
2022-11-23,1188.36,1189.7,1177.86,1180.08,1161.91,6413408
2022-11-24,1184.21,1197.13,1175.99,1190.25,1171.93,9389439
2022-11-25,1194.82,1211.39,1191.64,1208.02,1189.43,7349922
2022-11-28,1204.01,1255.76,1154.67,1249.53,1230.3,31527484
2022-11-29,1247.87,1260.66,1243.28,1251.68,1232.41,11058913
2022-11-30,1251.82,1267.02,1245.22,1260.52,1241.11,26164986
2022-12-01,1265.34,1271.43,1253.43,1256.8,1237.46,9485801
2022-12-02,1259.89,1268.2,1246.33,1256.27,1236.93,11589592
2022-12-05,1251.59,1253.78,1235.9,1237.95,1218.89,14828536
2022-12-06,1229.94,1244.67,1228.05,1241.53,1222.42,8594245
2022-12-07,1239.13,1243.74,1219.35,1223.21,1204.38,8462111
2022-12-08,1227.59,1229.9,1218.41,1222.63,1203.81,7757008
2022-12-09,1221.13,1227.59,1200.75,1204.1,1185.56,12655763
2022-12-12,1193.21,1210.51,1192.98,1205.95,1187.38,9479842
2022-12-13,1205.95,1215.13,1202.99,1211.44,1192.79,8333348
2022-12-14,1217.28,1217.88,1204.98,1207.05,1188.47,7268947
2022-12-15,1201.05,1206.82,1186.52,1189.91,1171.59,8688551
2022-12-16,1186.52,1208.58,1180.59,1184.02,1165.8,15837349
2022-12-19,1191.13,1201.75,1184.53,1199.58,1181.11,7729933
2022-12-20,1192.47,1211.9,1184.21,1209.96,1191.33,7467588
2022-12-21,1209.59,1215.13,1188.87,1192.75,1174.39,8527550
2022-12-22,1198.98,1202.05,1184.55,1189.65,1171.34,7451122
2022-12-23,1182.96,1195.52,1150.17,1154.76,1136.99,10257115
2022-12-26,1160.56,1173.13,1150.24,1164.85,1146.92,5990242
2022-12-27,1167.59,1176.27,1160.79,1174.38,1156.3,5763271
2022-12-28,1171.29,1176.73,1163.67,1174.26,1156.19,7459393
2022-12-29,1166.21,1176.32,1165.52,1173.73,1155.66,6930648
2022-12-30,1174.56,1189.29,1172.72,1175.53,1157.44,7289476
2023-01-02,1176.82,1190.21,1175.99,1188.78,1170.48,5316175
2023-01-03,1183.77,1187.44,1175.81,1180.08,1161.91,7658932
2023-01-04,1180.06,1181.92,1160.21,1162.31,1144.42,9264891
2023-01-05,1164.59,1170.55,1155.6,1160.23,1142.37,13637099
2023-01-06,1166.05,1175.88,1162.2,1170.78,1152.76,6349597
2023-01-09,1174.66,1200.82,1173.76,1198.42,1179.97,10722753
2023-01-10,1202.67,1202.67,1174.98,1180.7,1162.53,8047142
2023-01-11,1177.98,1180.52,1163.49,1165.82,1147.87,11509553
2023-01-12,1165.22,1168.75,1137.6,1140.64,1123.08,17688773
2023-01-13,1134.55,1141.24,1123.57,1138.8,1121.27,20618583
2023-01-16,1141.15,1144.36,1120.06,1127.95,1110.59,13623855
2023-01-17,1134.37,1145.9,1130.95,1143.97,1126.36,10751000
2023-01-18,1141.52,1149.64,1135.45,1142.07,1124.49,13448286
2023-01-19,1141.24,1145.05,1133.74,1140.85,1123.29,11940054
2023-01-20,1142.21,1142.21,1124.79,1127.28,1109.93,14930286
2023-01-23,1130.21,1138.15,1119.14,1121.58,1104.32,10954118
2023-01-24,1126.06,1127.74,1101.76,1114.96,1097.8,16488755
2023-01-25,1113.35,1114.38,1098.37,1099.55,1082.62,12385018
2023-01-27,1100.4,1101.76,1066.83,1078.69,1062.08,25830975
2023-01-30,1076.08,1094.63,1061.91,1089.02,1072.26,21772103
2023-01-31,1099.29,1101.9,1080.37,1086.3,1069.58,22691594
2023-02-01,1098.35,1098.35,1063.76,1079.86,1063.24,19347800
2023-02-02,1069.76,1083.6,1066.53,1073.89,1057.36,13662663
2023-02-03,1084.06,1084.06,1058.22,1074.83,1058.29,24699575
2023-02-06,1068.37,1071.14,1064.13,1066.73,1050.31,14837879
2023-02-07,1066.99,1074.09,1058.22,1064.17,1047.79,15135435
2023-02-08,1067.45,1089.09,1064.68,1085.42,1068.72,21160332
2023-02-09,1086.12,1094.15,1077.14,1087.32,1070.58,13172763
2023-02-10,1086.79,1086.79,1071.28,1078.36,1061.76,10790445
2023-02-13,1080.0,1084.52,1067.7,1072.23,1055.72,10352493
2023-02-14,1075.27,1099.25,1072.36,1097.49,1080.6,14321920
2023-02-15,1096.52,1124.77,1095.14,1122.34,1105.07,33503591
2023-02-16,1130.42,1137.04,1119.16,1121.47,1104.2,17264487
2023-02-17,1116.83,1129.52,1112.49,1126.15,1108.82,11809520
2023-02-20,1128.37,1130.56,1112.26,1114.25,1097.09,8836937
2023-02-21,1118.68,1129.2,1113.3,1123.34,1106.04,13311592
2023-02-22,1119.58,1121.44,1096.09,1097.86,1080.96,11024335
2023-02-23,1097.45,1105.18,1089.76,1092.6,1075.78,9851910
2023-02-24,1094.68,1105.82,1092.83,1100.08,1083.14,9434053
2023-02-27,1099.29,1102.82,1085.31,1092.76,1075.94,11199715
2023-02-28,1087.34,1092.37,1067.75,1071.86,1055.36,21994038
2023-03-01,1081.76,1082.45,1072.18,1081.71,1065.06,11551145
2023-03-02,1078.53,1085.29,1071.42,1073.47,1056.95,9333535
2023-03-03,1084.13,1104.58,1080.62,1100.86,1083.92,14643807
2023-03-06,1107.6,1118.95,1107.6,1111.61,1094.5,10171916
2023-03-08,1111.61,1116.37,1100.68,1115.61,1098.43,15782657
2023-03-09,1114.98,1115.4,1086.88,1088.79,1072.03,16235128
2023-03-10,1080.6,1081.76,1068.4,1071.93,1055.42,13334091
2023-03-13,1074.83,1081.76,1049.91,1054.3,1038.07,12771592
2023-03-14,1052.22,1063.73,1047.17,1050.35,1034.18,16027522
2023-03-15,1054.11,1060.67,1027.94,1032.4,1016.51,21728555
2023-03-16,1035.14,1040.22,1016.31,1027.25,1011.44,18363159
2023-03-17,1035.95,1039.27,1021.16,1025.96,1010.17,34014213
2023-03-20,1022.22,1024.53,1006.07,1015.88,1000.24,19524589
2023-03-21,1024.05,1049.45,1023.15,1047.47,1031.34,21400360
2023-03-22,1054.53,1057.5,1047.6,1050.65,1034.48,10920094
2023-03-23,1046.68,1047.56,1035.17,1037.36,1021.39,16249370
2023-03-24,1036.18,1038.37,1014.38,1016.82,1001.17,12375945
2023-03-27,1023.38,1040.22,1015.39,1032.63,1016.73,14054323
2023-03-28,1036.07,1041.37,1032.38,1037.45,1021.48,12576424
2023-03-29,1033.3,1035.97,1020.42,1031.31,1015.44,18804065
2023-03-31,1040.68,1081.5,1040.54,1075.78,1059.22,28171201
2023-04-03,1082.22,1084.06,1068.37,1075.96,1059.4,10293043
2023-04-05,1083.6,1083.6,1065.4,1073.38,1056.86,16262928
2023-04-06,1069.83,1086.37,1069.83,1080.58,1063.94,18435046
2023-04-10,1084.52,1084.71,1071.39,1072.92,1056.4,12961408
2023-04-11,1077.14,1080.37,1072.55,1078.23,1061.63,10542367
2023-04-12,1078.23,1092.74,1075.32,1082.98,1066.31,18179087
2023-04-13,1085.91,1091.82,1080.83,1087.06,1070.33,12378208
2023-04-17,1119.11,1119.11,1084.09,1092.58,1075.76,17929479
2023-04-18,1096.99,1096.99,1073.45,1080.07,1063.44,10405576
2023-04-19,1079.47,1088.17,1076.31,1085.45,1068.74,12273475
2023-04-20,1086.42,1088.68,1076.26,1082.7,1066.03,7007330
2023-04-21,1084.82,1089.6,1078.25,1084.06,1067.38,7647317
2023-04-24,1096.06,1098.78,1083.6,1088.22,1071.47,12936186
2023-04-25,1091.91,1098.65,1084.76,1096.55,1079.67,9236126
2023-04-26,1097.91,1101.18,1086.39,1090.11,1073.33,8617834
2023-04-27,1096.06,1100.22,1090.99,1097.01,1080.12,9167125
2023-04-28,1099.29,1118.63,1099.18,1117.06,1099.86,15565210
2023-05-02,1124.31,1128.74,1120.57,1126.54,1109.2,12981805
2023-05-03,1128.37,1128.37,1113.62,1116.88,1099.68,7061872
2023-05-04,1117.36,1131.99,1114.34,1129.75,1112.36,8635233
2023-05-05,1126.52,1135.91,1124.21,1126.87,1109.52,8746585
2023-05-08,1130.67,1146.2,1127.97,1140.78,1123.22,9153782
2023-05-09,1142.21,1147.66,1136.79,1144.31,1126.7,6464721
2023-05-10,1149.13,1153.68,1145.07,1152.18,1134.44,10872255
2023-05-11,1153.27,1158.13,1142.93,1144.66,1127.04,10557860
2023-05-12,1139.81,1147.93,1133.67,1146.53,1128.88,6955341
2023-05-15,1149.09,1155.85,1141.36,1148.79,1131.1,6833343
2023-05-16,1150.98,1153.56,1130.74,1132.43,1115.0,8717229
2023-05-17,1136.67,1137.6,1120.98,1125.74,1108.41,8798967
2023-05-18,1130.47,1133.91,1120.13,1123.31,1106.02,10525531
2023-05-19,1123.31,1128.81,1116.3,1126.96,1109.61,8050447
2023-05-22,1123.75,1138.06,1122.53,1132.98,1115.54,7434906
2023-05-23,1135.59,1138.98,1131.34,1132.77,1115.34,6092034
2023-05-24,1128.78,1137.14,1123.04,1126.17,1108.84,8112254
2023-05-25,1123.24,1130.21,1115.01,1126.04,1108.7,11487863
2023-05-26,1134.37,1157.9,1131.02,1156.75,1138.94,12626260
2023-05-29,1163.44,1167.59,1157.07,1163.26,1145.35,10010304
2023-05-30,1163.26,1171.15,1160.37,1162.96,1145.05,11342504
2023-05-31,1153.75,1158.3,1135.75,1139.86,1122.31,27107927
2023-06-01,1144.59,1146.78,1134.37,1136.79,1119.29,14592692
2023-06-02,1140.37,1145.83,1131.14,1133.07,1115.63,15800644
2023-06-05,1138.61,1146.25,1134.57,1143.25,1125.65,10908682
2023-06-06,1146.11,1148.07,1136.21,1144.22,1126.61,7493309
2023-06-07,1147.75,1153.75,1141.1,1152.9,1135.15,10312545
2023-06-08,1156.52,1161.53,1149.6,1153.59,1135.83,12071109
2023-06-09,1156.98,1157.7,1143.6,1145.42,1127.79,5877018
2023-06-12,1142.44,1148.77,1137.6,1146.43,1128.79,6391969
2023-06-13,1151.44,1164.57,1147.4,1163.37,1145.46,11248016
2023-06-14,1163.44,1179.13,1161.6,1177.68,1159.55,13277380
2023-06-15,1177.66,1182.62,1170.13,1178.0,1159.87,11813494
2023-06-16,1181.53,1191.78,1181.53,1189.47,1171.16,24171579
2023-06-19,1192.52,1192.52,1173.43,1177.66,1159.53,6798554
2023-06-20,1175.69,1183.29,1169.9,1180.1,1161.94,6921096
2023-06-21,1180.06,1185.99,1175.9,1183.42,1165.21,6961603
2023-06-22,1179.59,1187.58,1168.52,1170.13,1152.12,7619166
2023-06-23,1167.09,1169.16,1159.29,1160.56,1142.69,6628570
2023-06-26,1156.98,1160.86,1148.53,1151.7,1133.97,12641159
2023-06-27,1152.16,1158.13,1147.59,1152.11,1134.38,9689466
2023-06-28,1159.75,1171.22,1152.76,1167.36,1149.39,11354006
2023-06-30,1175.16,1179.89,1169.19,1176.94,1158.82,11151555
2023-07-03,1180.54,1210.05,1179.29,1207.15,1188.56,12154387
2023-07-04,1211.44,1211.44,1187.55,1194.71,1176.32,8061643
2023-07-05,1204.05,1204.05,1188.73,1192.75,1174.39,10248062
2023-07-06,1188.85,1220.41,1188.85,1217.78,1199.04,19117987
2023-07-07,1216.05,1229.87,1212.82,1215.41,1196.7,13375267
2023-07-10,1240.93,1271.89,1234.51,1262.23,1242.79,33240016
2023-07-11,1270.46,1278.35,1263.4,1275.91,1256.27,20069348
2023-07-12,1276.65,1293.12,1274.5,1277.32,1257.65,18733835
2023-07-13,1284.77,1291.74,1263.24,1265.89,1246.41,14682934
2023-07-14,1269.12,1274.15,1257.63,1264.83,1245.36,15124144
2023-07-17,1267.74,1299.15,1258.97,1290.68,1270.81,22220040
2023-07-18,1300.05,1309.48,1288.97,1301.64,1281.6,25867313
2023-07-19,1306.04,1318.04,1290.82,1311.51,1291.32,39122156
2023-07-20,1290.0,1315.47,1290.0,1309.93,1289.76,38717624
2023-07-21,1304.5,1307.45,1261.8,1269.38,1249.83,30249238
2023-07-24,1240.5,1257.47,1234.65,1243.7,1224.55,23727866
2023-07-25,1247.0,1252.6,1240.0,1242.9,1223.77,12026020
2023-07-26,1242.5,1273.5,1242.5,1263.1,1243.66,12911012
2023-07-27,1267.03,1268.82,1245.18,1251.35,1232.09,17226898
2023-07-28,1256.03,1271.43,1250.28,1263.93,1244.47,20827852
2023-07-31,1263.93,1276.95,1258.97,1274.62,1255.0,8551174
2023-08-01,1277.5,1279.5,1252.65,1256.6,1237.26,9536632
2023-08-02,1254.6,1256.0,1231.8,1243.18,1224.04,12748214
2023-08-03,1237.65,1250.45,1229.03,1237.95,1218.89,10168350
2023-08-04,1249.4,1258.0,1235.8,1254.78,1235.46,22885610
2023-08-07,1260.5,1264.2,1252.5,1261.93,1242.5,5982870
2023-08-08,1264.0,1267.22,1249.78,1254.32,1235.02,9844072
2023-08-09,1252.43,1264.5,1240.55,1262.6,1243.16,11486586
2023-08-10,1262.47,1275.0,1254.22,1268.22,1248.7,15470598
2023-08-11,1266.22,1279.43,1256.18,1273.57,1253.97,22179330
2023-08-14,1269.5,1291.15,1262.5,1288.62,1268.79,9575812
2023-08-16,1275.5,1291.4,1275.5,1287.57,1267.75,10203112
2023-08-17,1283.55,1289.05,1266.43,1269.0,1249.47,13673744
2023-08-18,1265.62,1288.8,1254.28,1278.4,1258.72,18639978
2023-08-21,1269.97,1277.72,1257.82,1260.0,1244.99,9221746
2023-08-22,1258.45,1268.97,1249.5,1259.7,1244.69,7713044
2023-08-23,1262.1,1271.43,1258.47,1261.1,1246.07,9517952
2023-08-24,1269.95,1269.95,1235.5,1239.9,1225.13,14140020
2023-08-25,1228.0,1252.5,1221.3,1234.18,1219.47,22222400
2023-08-28,1236.0,1242.0,1215.55,1221.88,1207.32,12580826
2023-08-29,1226.03,1226.72,1204.07,1210.18,1195.76,16876644
2023-08-30,1216.0,1221.5,1207.5,1209.03,1194.62,12168946
2023-08-31,1211.5,1212.5,1199.95,1203.5,1189.16,21638600
2023-09-01,1203.28,1212.82,1200.82,1206.32,1191.95,18112842
2023-09-04,1206.32,1211.82,1202.65,1205.35,1190.99,9347626
2023-09-05,1210.0,1216.97,1206.22,1211.8,1197.36,8675876
2023-09-06,1210.55,1218.07,1208.62,1214.35,1199.88,8200370
2023-09-07,1210.85,1219.12,1205.5,1216.0,1201.51,13652572
2023-09-08,1220.0,1228.0,1211.47,1224.1,1209.51,23109288
2023-09-11,1226.0,1238.43,1226.0,1237.3,1222.56,13271074
2023-09-12,1241.5,1241.5,1217.97,1219.43,1204.89,16255666
2023-09-13,1220.0,1231.32,1213.12,1225.53,1210.92,12803338
2023-09-14,1230.0,1232.9,1222.5,1226.65,1212.03,9209636
2023-09-15,1234.0,1234.0,1224.75,1228.93,1214.28,25468592
2023-09-18,1220.03,1225.5,1216.03,1218.22,1203.71,7516300
2023-09-20,1211.53,1213.8,1177.5,1191.07,1176.88,57081884
2023-09-21,1187.47,1195.05,1180.0,1182.4,1168.31,12226182
2023-09-22,1188.0,1191.22,1175.0,1177.47,1163.44,19176786
2023-09-25,1175.2,1180.35,1167.55,1170.22,1156.28,14254884
2023-09-26,1169.28,1175.1,1167.8,1171.25,1157.29,10087782
2023-09-27,1171.75,1185.9,1169.25,1184.45,1170.34,11722778
2023-09-28,1191.5,1191.5,1162.5,1167.05,1153.14,14518346
2023-09-29,1170.9,1184.55,1167.05,1172.5,1158.53,12342014
2023-10-03,1164.97,1167.8,1158.0,1159.07,1145.26,8859056
2023-10-04,1154.5,1159.5,1147.55,1157.07,1143.29,10286386
2023-10-05,1159.62,1164.7,1154.5,1157.05,1143.26,10953682
2023-10-06,1158.53,1162.4,1156.03,1159.0,1145.19,5431026
2023-10-09,1154.05,1155.97,1147.5,1149.12,1135.43,7576878
2023-10-10,1153.28,1158.95,1151.88,1154.2,1140.45,10236032
2023-10-11,1157.22,1174.85,1156.5,1172.53,1158.55,9814118
2023-10-12,1171.93,1179.68,1169.07,1174.7,1160.7,12554450
2023-10-13,1170.0,1178.75,1164.57,1174.65,1160.65,10150316
2023-10-16,1172.5,1177.28,1168.0,1172.03,1158.06,5929036
2023-10-17,1178.0,1179.85,1170.65,1177.62,1163.59,7928180
2023-10-18,1177.62,1183.5,1160.5,1162.0,1148.15,8918320
2023-10-19,1156.0,1160.9,1150.5,1153.07,1139.34,12032556
2023-10-20,1150.0,1157.35,1148.15,1149.55,1135.85,8913312
2023-10-23,1145.0,1153.12,1127.62,1131.6,1118.12,7853962
2023-10-25,1125.03,1140.6,1121.5,1128.97,1115.52,11620688
2023-10-26,1125.5,1129.0,1110.15,1113.25,1099.98,15222534
2023-10-27,1120.0,1136.75,1117.97,1132.9,1119.4,11771084
2023-10-30,1137.0,1162.5,1134.97,1156.25,1142.47,16813304
2023-10-31,1164.0,1164.0,1141.45,1143.95,1130.32,12808438
2023-11-01,1144.57,1158.75,1137.6,1148.7,1135.01,10309190
2023-11-02,1156.97,1162.15,1153.97,1160.1,1146.28,10562104
2023-11-03,1163.6,1167.47,1157.88,1159.85,1146.03,8850156
2023-11-06,1166.15,1170.0,1162.8,1169.5,1155.56,10647304
2023-11-07,1167.03,1169.55,1159.78,1161.9,1148.06,6960204
2023-11-08,1166.0,1170.5,1160.88,1167.95,1154.03,7884494
2023-11-09,1167.93,1167.95,1152.1,1155.28,1141.51,14513610
2023-11-10,1152.78,1158.18,1149.03,1157.45,1143.66,7734954
2023-11-13,1161.45,1162.3,1155.85,1157.3,1143.51,3854810
2023-11-15,1170.0,1180.97,1163.5,1178.22,1164.19,12220648
2023-11-16,1175.55,1187.07,1173.47,1180.35,1166.29,13134910
2023-11-17,1176.45,1186.62,1176.03,1177.78,1163.74,7758634
2023-11-20,1174.28,1179.2,1168.2,1174.68,1160.68,4490186
2023-11-21,1183.0,1194.0,1180.1,1189.45,1175.28,8214450
2023-11-22,1187.5,1197.22,1186.1,1194.1,1179.87,8534814
2023-11-23,1194.1,1200.0,1194.1,1197.75,1183.48,8531542
2023-11-24,1195.8,1201.3,1195.53,1196.95,1182.69,6749486
2023-11-28,1196.95,1199.85,1187.62,1197.2,1182.93,13792174
2023-11-29,1204.0,1205.97,1199.03,1200.35,1186.05,12531306
2023-11-30,1197.35,1200.35,1184.95,1188.72,1174.56,28439984
2023-12-01,1189.0,1198.2,1188.8,1197.15,1182.89,14342842
2023-12-04,1225.0,1225.0,1199.3,1210.1,1195.68,15590990
2023-12-05,1219.5,1220.43,1210.82,1218.88,1204.35,12693624
2023-12-06,1223.55,1236.47,1217.5,1230.55,1215.89,16422442
2023-12-07,1230.0,1230.47,1221.0,1228.53,1213.89,8142096
2023-12-08,1231.93,1238.35,1222.5,1227.88,1213.24,10204894
2023-12-11,1228.0,1233.8,1226.2,1229.68,1215.02,7066138
2023-12-12,1230.0,1232.47,1210.07,1212.03,1197.58,9197124
2023-12-13,1211.0,1219.18,1203.15,1216.97,1202.47,10031182
2023-12-14,1227.0,1237.47,1221.32,1232.07,1217.39,16972354
2023-12-15,1239.0,1250.0,1235.03,1247.8,1232.93,15932152
2023-12-18,1247.8,1267.45,1245.47,1260.5,1245.48,14165188
2023-12-19,1277.5,1286.95,1262.6,1279.05,1263.81,16820604
2023-12-20,1285.53,1299.43,1260.0,1263.57,1248.52,17736722
2023-12-21,1263.5,1286.75,1259.12,1281.28,1266.01,13765454
2023-12-22,1279.8,1290.45,1273.82,1282.53,1267.24,16541784
2023-12-26,1284.0,1295.97,1281.35,1289.03,1273.67,7465664
2023-12-27,1291.0,1299.95,1286.55,1293.43,1278.01,9204156
2023-12-28,1294.9,1306.0,1293.43,1302.78,1287.25,12302636
2023-12-29,1305.55,1307.0,1289.65,1292.47,1277.07,10864584
2024-01-01,1290.28,1303.43,1286.57,1295.12,1279.69,4030540
2024-01-02,1292.5,1307.5,1286.5,1305.85,1290.29,7448800
2024-01-03,1305.0,1317.0,1288.6,1291.65,1276.26,9037536
2024-01-04,1294.0,1304.93,1289.55,1298.32,1282.85,9612778
2024-01-05,1301.45,1309.93,1299.0,1303.85,1288.31,8086406
2024-01-08,1305.0,1315.97,1284.47,1293.68,1278.26,7734652
2024-01-09,1300.0,1303.4,1288.6,1290.25,1274.88,5403074
2024-01-10,1288.5,1329.5,1287.53,1325.05,1309.26,11102740
2024-01-11,1329.5,1362.5,1328.5,1359.9,1343.7,23725852
2024-01-12,1359.9,1373.32,1345.75,1370.72,1354.39,15012164
2024-01-15,1375.0,1396.45,1366.0,1394.12,1377.51,8610594
2024-01-16,1389.97,1396.3,1370.5,1374.62,1358.25,9069024
2024-01-17,1359.5,1386.28,1355.03,1361.57,1345.35,12197382
2024-01-18,1351.4,1371.0,1351.25,1367.95,1351.65,10279438
2024-01-19,1376.0,1376.0,1359.0,1367.45,1351.16,10422704
2024-01-23,1371.75,1371.75,1322.55,1328.57,1312.74,20055420
2024-01-24,1335.22,1349.5,1323.93,1343.88,1327.86,21919128
2024-01-25,1342.95,1364.15,1335.2,1353.07,1336.95,11808872
2024-01-29,1364.5,1452.5,1360.18,1448.05,1430.8,23893438
2024-01-30,1459.95,1459.97,1404.43,1407.62,1390.85,14093978
2024-01-31,1404.0,1434.25,1402.5,1426.62,1409.63,15130226
2024-02-01,1435.0,1443.35,1418.05,1426.65,1409.65,13349362
2024-02-02,1433.18,1474.9,1433.18,1457.7,1440.33,19652588
2024-02-05,1460.75,1470.5,1431.53,1439.03,1421.88,8814432
2024-02-06,1441.85,1441.85,1419.82,1427.8,1410.79,9047984
2024-02-07,1435.93,1449.5,1429.25,1442.15,1424.97,9296568
2024-02-08,1450.0,1459.47,1427.53,1450.12,1432.85,14694634
2024-02-09,1454.0,1471.97,1450.95,1460.75,1443.34,12556798
2024-02-12,1460.75,1461.0,1442.35,1452.35,1435.04,6674430
2024-02-13,1455.5,1479.0,1454.0,1465.1,1447.64,7715594
2024-02-14,1457.5,1483.65,1457.5,1481.38,1463.72,7117888
2024-02-15,1483.35,1484.72,1466.53,1470.6,1453.08,10006782
2024-02-16,1476.47,1477.0,1458.55,1460.57,1443.17,9767498
2024-02-19,1462.05,1479.5,1453.53,1474.0,1456.44,6729828
2024-02-20,1475.03,1475.5,1461.8,1471.03,1453.5,7117496
2024-02-21,1474.0,1488.53,1457.55,1467.7,1450.21,12720292
2024-02-22,1468.15,1484.95,1458.0,1481.75,1464.09,18493728
2024-02-23,1489.5,1497.55,1483.35,1493.62,1475.83,14438584
2024-02-26,1493.55,1494.53,1482.5,1487.32,1469.6,7513106
2024-02-27,1483.03,1499.95,1478.05,1485.65,1467.95,10826044
2024-02-28,1483.0,1491.28,1450.18,1455.62,1438.28,8647950
2024-02-29,1465.0,1478.97,1454.53,1460.8,1443.39,23628976
2024-03-01,1463.5,1500.0,1462.5,1492.12,1474.35,12132926
2024-03-04,1490.47,1512.45,1487.22,1507.4,1489.44,10024420
2024-03-05,1505.78,1507.4,1486.05,1500.2,1482.32,7107668
2024-03-06,1493.45,1509.0,1478.5,1503.0,1485.09,7805676
2024-03-07,1502.97,1503.1,1475.55,1478.93,1461.3,8315726
2024-03-11,1489.0,1489.0,1463.5,1466.6,1449.12,11277130
2024-03-12,1466.6,1488.0,1465.03,1475.43,1457.84,9432678
2024-03-13,1479.78,1483.1,1427.78,1432.18,1415.11,13522134
2024-03-14,1439.7,1448.53,1425.5,1431.47,1414.42,18571102
2024-03-15,1425.95,1433.22,1412.9,1418.22,1401.33,19223818
2024-03-18,1420.0,1441.72,1416.53,1439.47,1422.32,9169392
2024-03-19,1428.75,1437.6,1417.25,1425.25,1408.27,8275764
2024-03-20,1427.95,1445.0,1424.03,1443.75,1426.55,8488806
2024-03-21,1452.53,1457.9,1444.68,1450.97,1433.69,13006936
2024-03-22,1449.97,1460.0,1447.35,1455.03,1437.69,19527608
2024-03-26,1445.0,1452.4,1439.0,1441.57,1424.4,11415906
2024-03-27,1448.0,1500.0,1447.0,1492.85,1475.06,16326644
2024-03-28,1492.88,1505.95,1478.65,1485.85,1468.15,21854364
2024-04-01,1492.47,1493.97,1482.5,1484.78,1467.08,5013880
2024-04-02,1484.0,1494.0,1475.0,1486.95,1469.23,8910166
2024-04-03,1482.07,1484.45,1468.9,1471.6,1454.07,7008292
2024-04-04,1479.75,1479.75,1450.0,1462.93,1445.49,14490272
2024-04-05,1460.88,1470.8,1456.0,1460.1,1442.7,7442298
2024-04-08,1462.97,1490.97,1461.0,1485.97,1468.27,8357118
2024-04-09,1489.0,1489.8,1462.5,1463.65,1446.21,7071414
2024-04-10,1466.35,1487.0,1466.35,1479.57,1461.95,9138330
2024-04-12,1475.88,1486.47,1463.07,1467.15,1449.67,15551012
2024-04-15,1461.0,1482.12,1446.32,1464.82,1447.37,12902062
2024-04-16,1453.35,1471.18,1450.93,1465.75,1448.28,9366184
2024-04-18,1463.5,1486.0,1459.35,1464.32,1446.88,19005692
2024-04-19,1456.78,1474.0,1443.03,1470.12,1452.61,15741778
2024-04-22,1472.45,1482.82,1467.8,1479.85,1462.22,10350362
2024-04-23,1479.0,1493.5,1455.55,1459.32,1441.94,14605554
2024-04-24,1463.5,1468.55,1449.5,1450.18,1432.9,10462776
2024-04-25,1442.5,1467.97,1441.5,1459.97,1442.58,15943926
2024-04-26,1463.95,1465.0,1450.0,1452.55,1435.24,9413848
2024-04-29,1450.0,1467.9,1450.0,1465.03,1447.57,7247974
2024-04-30,1468.0,1483.07,1462.88,1467.0,1449.52,11474262
2024-05-02,1472.0,1477.32,1464.12,1466.55,1449.08,14512646
2024-05-03,1471.0,1474.95,1416.15,1434.0,1416.91,17226958
2024-05-06,1435.5,1440.0,1418.0,1419.53,1402.61,7394208
2024-05-07,1415.97,1420.75,1392.0,1401.47,1384.78,14517472
2024-05-08,1397.5,1432.95,1397.5,1418.55,1401.65,9439002
2024-05-09,1413.0,1423.75,1390.0,1394.12,1377.51,11009612
2024-05-10,1396.75,1410.0,1388.07,1407.43,1390.65,10505096
2024-05-13,1399.9,1406.97,1384.0,1402.7,1385.99,8456620
2024-05-14,1400.97,1427.07,1400.03,1420.07,1403.15,7188300
2024-05-15,1420.5,1429.97,1413.03,1416.28,1399.4,5046534
2024-05-16,1418.55,1427.5,1398.03,1425.35,1408.37,14711774
2024-05-17,1423.05,1437.2,1413.25,1435.7,1418.59,10916476
2024-05-21,1425.6,1441.82,1425.6,1436.12,1419.01,11176128
2024-05-22,1436.28,1468.78,1436.28,1460.65,1443.25,10281604
2024-05-23,1458.55,1492.22,1455.0,1486.05,1468.34,14608260
2024-05-24,1483.62,1488.5,1476.1,1480.25,1462.61,7094776
2024-05-27,1480.22,1484.9,1461.55,1466.25,1448.78,6629010
2024-05-28,1468.0,1478.5,1452.75,1456.2,1438.85,7820162
2024-05-29,1446.5,1458.0,1438.45,1440.78,1423.61,7383556
2024-05-30,1435.5,1440.4,1420.1,1424.85,1407.87,13206858
2024-05-31,1431.3,1442.25,1422.25,1430.4,1413.36,31069832
2024-06-03,1483.0,1514.5,1459.0,1510.32,1492.33,21527942
2024-06-04,1498.05,1498.05,1359.3,1397.28,1380.63,36709098
2024-06-05,1422.0,1431.15,1384.1,1420.75,1403.82,17464890
2024-06-06,1435.0,1443.7,1421.35,1431.6,1414.54,17855722
2024-06-07,1428.5,1472.0,1426.5,1469.95,1452.43,18558696
2024-06-10,1469.95,1493.35,1468.07,1471.4,1453.87,9251760
2024-06-11,1469.0,1473.68,1454.68,1456.68,1439.32,11774902
2024-06-12,1457.5,1476.0,1455.18,1463.32,1445.89,10081742
2024-06-13,1472.0,1472.25,1460.1,1465.25,1447.79,9181160
2024-06-14,1470.0,1479.68,1457.22,1477.55,1459.94,8157998
2024-06-18,1487.35,1487.4,1471.35,1481.03,1463.38,7196766
2024-06-19,1487.5,1487.5,1456.0,1458.65,1441.27,8725874
2024-06-20,1459.0,1482.85,1450.1,1473.7,1456.14,16113776
2024-06-21,1473.62,1474.7,1440.57,1454.2,1436.87,31170360
2024-06-24,1445.53,1449.5,1437.5,1441.47,1424.3,8878386
2024-06-25,1443.0,1455.93,1441.0,1454.15,1436.82,7045386
2024-06-26,1446.05,1518.97,1445.12,1514.03,1495.98,22014882
2024-06-27,1513.75,1537.5,1506.0,1530.55,1512.31,28383030
2024-06-28,1531.03,1581.0,1531.03,1565.4,1546.75,28957336
2024-07-01,1562.53,1579.4,1555.68,1560.15,1541.56,7724306
2024-07-02,1569.5,1573.5,1557.0,1565.18,1546.53,7749246
2024-07-03,1566.32,1575.0,1542.78,1552.43,1533.93,9049620
2024-07-04,1557.0,1567.5,1550.8,1554.03,1535.51,6837176
2024-07-05,1553.82,1598.5,1548.0,1588.62,1569.7,12269710
2024-07-08,1589.0,1608.8,1582.53,1600.9,1581.82,9500806
2024-07-09,1597.6,1600.5,1580.5,1590.28,1571.33,6960002
2024-07-10,1595.0,1597.5,1563.15,1584.22,1565.35,7134578
2024-07-11,1587.5,1604.25,1570.5,1580.65,1561.82,11940946
2024-07-12,1584.5,1605.15,1574.5,1596.72,1577.7,12924784
2024-07-15,1604.45,1605.85,1585.5,1597.22,1578.19,5329688
2024-07-16,1593.5,1600.0,1569.12,1576.25,1557.47,9386838
2024-07-18,1576.0,1593.9,1557.82,1586.68,1567.77,12298374
2024-07-19,1586.0,1589.97,1552.8,1555.15,1536.62,13140390
2024-07-22,1537.25,1537.5,1499.28,1500.68,1482.79,19674376
2024-07-23,1501.0,1505.75,1463.0,1487.9,1470.17,18052044
2024-07-24,1485.0,1509.5,1476.4,1495.7,1477.88,11913362
2024-07-25,1481.0,1500.47,1477.07,1492.4,1474.62,12519876
2024-07-26,1492.4,1512.43,1490.35,1509.03,1491.04,9859940
2024-07-29,1511.95,1527.5,1511.78,1520.1,1501.99,7538550
2024-07-30,1517.03,1525.0,1510.0,1513.15,1495.12,8228208
2024-07-31,1504.0,1510.45,1501.15,1505.43,1487.49,10057346
2024-08-01,1512.0,1518.0,1504.3,1515.3,1497.24,10764222
2024-08-02,1505.0,1509.32,1493.28,1499.32,1481.46,10268248
2024-08-05,1480.0,1483.9,1433.25,1447.32,1430.08,17046704
2024-08-06,1455.15,1477.5,1451.32,1456.05,1438.7,10236186
2024-08-07,1469.0,1472.5,1461.5,1464.82,1447.37,8174568
2024-08-08,1457.53,1465.0,1445.93,1449.12,1431.86,12387192
2024-08-09,1460.0,1476.5,1456.0,1474.3,1456.73,6249776
2024-08-12,1470.0,1473.0,1457.75,1460.62,1443.22,8184584
2024-08-13,1460.75,1470.07,1458.0,1463.62,1446.19,6265064
2024-08-14,1463.55,1472.0,1453.7,1461.85,1444.43,6267466
2024-08-16,1468.65,1480.4,1458.05,1478.2,1460.59,9416902
2024-08-19,1482.5,1498.3,1480.5,1488.4,1475.66,13797742
2024-08-20,1497.22,1503.93,1490.03,1495.95,1483.14,8411808
2024-08-21,1493.25,1507.88,1490.0,1498.68,1485.84,7769996
2024-08-22,1503.0,1506.5,1490.65,1498.12,1485.3,10445782
2024-08-23,1503.75,1511.32,1498.43,1499.97,1487.13,9249654
2024-08-26,1506.97,1523.0,1503.0,1512.6,1499.65,8816114
2024-08-27,1510.5,1513.47,1499.45,1500.45,1487.6,6251156
2024-08-28,1505.0,1507.47,1493.0,1498.3,1485.47,9610286
2024-08-29,1503.1,1537.0,1494.0,1520.93,1507.9,38335358
2024-08-30,1534.0,1539.72,1503.32,1509.62,1496.7,41620730
2024-09-02,1510.88,1526.8,1506.62,1516.25,1503.27,11240852
2024-09-03,1521.25,1523.0,1507.5,1509.12,1496.2,10923800
2024-09-04,1500.7,1517.5,1499.5,1514.55,1501.58,11983304
2024-09-05,1519.05,1525.78,1487.05,1492.97,1480.19,16264168
2024-09-06,1492.5,1497.0,1461.62,1464.82,1452.28,19394228
2024-09-09,1466.5,1469.93,1455.6,1462.45,1449.93,9010298
2024-09-10,1460.5,1472.05,1457.57,1461.53,1449.01,10768260
2024-09-11,1463.05,1468.75,1447.55,1451.5,1439.07,9760202
2024-09-12,1457.0,1486.0,1445.88,1479.8,1467.13,22349376
2024-09-13,1476.4,1483.15,1469.5,1472.62,1460.02,8711328
2024-09-16,1477.55,1480.9,1464.75,1471.35,1458.75,5481774
2024-09-17,1474.0,1477.47,1466.62,1472.3,1459.69,5935328
2024-09-18,1470.0,1482.0,1460.55,1463.45,1450.92,8574714
2024-09-19,1466.25,1476.5,1455.55,1469.68,1457.09,16955902
2024-09-20,1474.0,1495.0,1471.38,1485.93,1473.2,30897320
2024-09-23,1491.0,1501.5,1488.95,1493.38,1480.59,8832314
2024-09-24,1488.5,1500.5,1487.88,1489.38,1476.62,17137444
2024-09-25,1483.9,1496.5,1480.2,1493.95,1481.16,7069002
2024-09-26,1490.65,1504.0,1488.05,1497.95,1485.12,18818998
2024-09-27,1499.0,1533.47,1492.0,1526.18,1513.11,20597478
2024-09-30,1519.4,1524.97,1474.4,1476.57,1463.93,27008814
2024-10-01,1480.65,1487.95,1462.82,1464.82,1452.28,16431642
2024-10-03,1436.57,1449.4,1402.07,1406.97,1394.93,37757294
2024-10-04,1403.93,1417.35,1381.78,1386.53,1374.65,37072876
2024-10-07,1393.5,1396.5,1361.38,1370.72,1358.99,22181340
2024-10-08,1372.97,1401.0,1365.1,1397.35,1385.39,17020808
2024-10-09,1397.53,1400.97,1372.5,1374.6,1362.83,14310610
2024-10-10,1380.03,1386.0,1369.43,1371.05,1359.31,22358646
2024-10-11,1370.0,1383.28,1368.82,1372.1,1360.35,7980122
2024-10-14,1379.45,1380.07,1368.25,1372.53,1360.77,12221432
2024-10-15,1358.53,1371.7,1340.7,1344.03,1332.52,33762794
2024-10-16,1340.0,1364.0,1337.62,1354.07,1342.48,20034438
2024-10-17,1365.7,1368.45,1352.05,1356.43,1344.81,15543660
2024-10-18,1352.18,1368.43,1341.32,1359.3,1347.66,12082452
2024-10-21,1367.12,1374.0,1357.72,1369.2,1357.48,14067408
2024-10-22,1369.2,1376.0,1340.22,1343.35,1331.85,15831960
2024-10-23,1337.5,1357.47,1335.0,1338.53,1327.06,17214742
2024-10-24,1335.28,1343.7,1323.12,1339.8,1328.33,22155934
2024-10-25,1343.5,1344.35,1322.0,1327.85,1316.48,18597496
2024-10-28,1337.0,1353.0,1322.1,1334.35,1322.93,10824350
2024-10-29,1328.1,1343.2,1320.3,1340.0,1328.53,12008361
2024-10-30,1335.0,1350.0,1325.35,1343.9,1332.39,11984423
2024-10-31,1340.0,1343.0,1326.15,1332.05,1320.65,9331650
2024-11-01,1333.05,1341.95,1333.0,1338.65,1327.19,2127335
2024-11-04,1337.85,1340.0,1285.1,1302.15,1291.0,19796890
2024-11-05,1293.0,1309.55,1286.15,1305.3,1294.12,16267479
2024-11-06,1310.0,1328.3,1300.2,1325.35,1314.0,21625209
2024-11-07,1324.0,1324.0,1302.6,1305.65,1294.47,9611974
2024-11-08,1297.65,1301.65,1275.0,1283.75,1272.76,19814406
2024-11-11,1278.95,1286.0,1267.0,1272.7,1261.8,9056552
2024-11-12,1275.55,1289.3,1267.5,1274.25,1263.34,10671091
2024-11-13,1270.25,1275.45,1249.5,1252.05,1241.33,14633633
2024-11-14,1253.6,1272.6,1251.1,1267.6,1256.75,12612633
2024-11-18,1267.6,1272.9,1243.9,1260.75,1249.96,13620611
2024-11-19,1260.75,1281.5,1235.15,1241.65,1231.02,14183746
2024-11-21,1241.65,1243.95,1217.25,1223.0,1212.53,19433843
2024-11-22,1229.4,1268.85,1222.45,1265.4,1254.57,20471957
2024-11-25,1290.0,1304.45,1282.45,1287.0,1275.98,28923341
2024-11-26,1294.95,1297.85,1284.2,1295.7,1284.61,9247557
2024-11-27,1293.5,1303.85,1286.0,1293.2,1282.13,9572746
2024-11-28,1289.95,1296.6,1269.05,1270.8,1259.92,15027412
2024-11-29,1280.0,1299.5,1275.25,1292.2,1281.14,13202307
2024-12-02,1288.0,1311.35,1277.05,1309.15,1297.94,11024152
2024-12-03,1317.0,1326.8,1307.0,1323.3,1311.97,16869482
2024-12-04,1326.0,1328.4,1304.05,1308.95,1297.74,19608540
2024-12-05,1314.35,1329.95,1306.15,1322.05,1310.73,16858723
2024-12-06,1323.9,1323.9,1310.0,1311.55,1300.32,9037514
2024-12-09,1303.0,1315.0,1293.1,1295.15,1284.06,14650002
2024-12-10,1289.25,1294.9,1280.2,1284.85,1273.85,16043729
2024-12-11,1285.0,1290.0,1276.05,1278.2,1267.26,11724373
2024-12-12,1270.0,1278.2,1260.6,1262.9,1252.09,20906813
2024-12-13,1260.0,1275.2,1239.6,1272.85,1261.95,28630222
2024-12-16,1275.0,1281.0,1266.55,1268.3,1257.44,9486781
2024-12-17,1261.05,1263.9,1242.8,1245.3,1234.64,17462791
2024-12-18,1240.65,1259.95,1240.65,1253.25,1242.52,12670179
2024-12-19,1239.0,1244.9,1229.0,1230.45,1219.91,14244653
2024-12-20,1224.0,1239.5,1201.5,1205.3,1194.98,20312896
2024-12-23,1215.0,1227.2,1213.2,1222.3,1211.83,10052824
2024-12-24,1222.3,1233.55,1221.0,1222.75,1212.28,6734917
2024-12-26,1224.25,1227.7,1214.25,1216.55,1206.13,10016178
2024-12-27,1218.3,1227.9,1217.0,1221.05,1210.6,7000397
2024-12-30,1216.4,1223.2,1208.1,1210.7,1200.33,8818766
2024-12-31,1208.0,1219.1,1206.15,1215.45,1205.04,6405475
2025-01-01,1214.85,1226.3,1211.6,1221.25,1210.79,5892590
2025-01-02,1221.25,1244.45,1220.0,1241.8,1231.17,15486276
2025-01-03,1243.9,1262.05,1235.5,1251.15,1240.44,15521102
2025-01-06,1253.95,1262.0,1215.0,1218.0,1207.57,14816766
2025-01-07,1222.0,1244.5,1221.25,1240.85,1230.23,10070505
2025-01-08,1249.0,1271.05,1245.35,1265.5,1254.66,19346579
2025-01-09,1267.0,1269.75,1248.05,1254.75,1244.01,12794704
2025-01-10,1253.85,1256.75,1236.0,1241.9,1231.27,8120332
2025-01-13,1230.0,1245.25,1226.4,1239.85,1229.23,13764861
2025-01-14,1244.1,1253.35,1227.25,1238.75,1228.14,13095266
2025-01-15,1244.95,1257.0,1241.85,1252.2,1241.48,9578856
2025-01-16,1258.9,1275.0,1251.3,1266.45,1255.61,14117603
2025-01-17,1322.25,1326.0,1285.0,1302.35,1291.2,29366277
2025-01-20,1316.0,1316.0,1300.25,1305.45,1294.27,14040244
2025-01-21,1310.5,1313.0,1270.2,1273.7,1262.79,14562976
2025-01-22,1278.3,1282.9,1268.7,1277.1,1266.17,10273590
2025-01-23,1270.0,1277.35,1261.6,1263.65,1252.83,8720682
2025-01-24,1266.0,1273.0,1243.5,1246.3,1235.63,14235970
2025-01-27,1239.1,1240.45,1220.0,1229.35,1218.82,9536019
2025-01-28,1238.0,1244.75,1218.5,1234.4,1223.83,10568025
2025-01-29,1236.0,1242.75,1228.05,1235.5,1224.92,5928156
2025-01-30,1235.55,1257.0,1232.4,1253.05,1242.32,9269259
2025-01-31,1255.85,1267.0,1249.0,1265.1,1254.27,6584612
2025-02-01,1265.1,1270.55,1241.0,1264.6,1253.77,7118453
2025-02-03,1251.0,1256.0,1237.55,1245.9,1235.23,9252345
2025-02-04,1248.05,1288.8,1246.6,1285.2,1274.2,16691069
2025-02-05,1282.65,1290.5,1276.7,1278.2,1267.26,10112028
2025-02-06,1273.7,1288.0,1270.35,1281.55,1270.58,9956001
2025-02-07,1276.15,1283.7,1262.0,1266.7,1255.85,8764283
2025-02-10,1264.5,1266.5,1245.55,1253.65,1242.92,6970972
2025-02-11,1264.55,1264.55,1230.1,1234.85,1224.28,8859714
2025-02-12,1219.45,1226.9,1193.35,1216.55,1206.13,21131654
2025-02-13,1217.05,1228.0,1212.0,1216.1,1205.69,8511216
2025-02-14,1219.0,1224.0,1205.45,1217.25,1206.83,10298145
2025-02-17,1211.1,1227.5,1204.5,1224.9,1214.41,8166683
2025-02-18,1224.85,1229.9,1216.1,1225.4,1214.91,6673250
2025-02-19,1219.5,1232.75,1217.55,1227.45,1216.94,6217338
2025-02-20,1223.95,1239.35,1222.0,1233.0,1222.44,7795582
2025-02-21,1228.7,1240.0,1222.15,1228.15,1217.63,6904025
2025-02-24,1216.55,1223.25,1210.5,1214.55,1204.15,7172498
2025-02-25,1211.0,1221.0,1201.5,1204.0,1193.69,11552182
2025-02-27,1212.8,1215.0,1200.65,1207.1,1196.76,11509215
2025-02-28,1202.0,1217.35,1193.3,1200.1,1189.82,23007298
2025-03-03,1204.0,1206.45,1156.0,1171.25,1161.22,17944938
2025-03-04,1162.2,1174.0,1159.55,1161.9,1151.95,11377373
2025-03-05,1161.0,1183.0,1157.0,1175.6,1165.53,8664095
2025-03-06,1197.0,1213.95,1185.15,1209.6,1199.24,14468014
2025-03-07,1216.0,1254.8,1212.0,1249.8,1239.1,16474965
2025-03-10,1245.0,1258.0,1235.4,1238.4,1227.8,11931051
2025-03-11,1240.0,1249.5,1229.75,1247.3,1236.62,10089838
2025-03-12,1258.0,1263.0,1244.0,1257.05,1246.29,11977555
2025-03-13,1260.05,1264.15,1243.85,1247.9,1237.22,9505270
2025-03-17,1242.15,1257.4,1233.1,1238.85,1228.24,16640917
2025-03-18,1238.85,1238.85,1238.85,1238.85,1228.24,0
2025-03-19,1241.05,1253.25,1238.8,1247.15,1236.47,16162399
2025-03-20,1251.85,1273.0,1250.05,1269.15,1258.28,15971477
2025-03-21,1275.0,1281.0,1270.1,1276.35,1265.42,21780769
2025-03-24,1291.0,1306.0,1284.25,1302.1,1290.95,20299319
2025-03-25,1307.7,1307.7,1282.6,1285.45,1274.44,13713899
2025-03-26,1291.0,1293.8,1268.75,1273.05,1262.15,12074747
2025-03-27,1278.15,1285.0,1271.3,1278.2,1267.26,15028056
2025-03-28,1280.0,1295.75,1269.0,1275.1,1264.18,18147129
2025-04-01,1264.6,1277.9,1249.3,1252.6,1241.88,12099648
2025-04-02,1247.55,1255.55,1243.9,1251.15,1240.44,10142590
2025-04-03,1233.05,1251.8,1233.05,1248.7,1238.01,7434366
2025-04-04,1241.1,1245.45,1193.15,1204.7,1194.39,17908652
2025-04-07,1132.2,1171.25,1114.85,1165.7,1155.72,22156106
2025-04-08,1172.0,1196.6,1163.3,1182.2,1172.08,19555040
2025-04-09,1169.5,1189.8,1168.0,1185.35,1175.2,10223104
2025-04-11,1195.15,1222.65,1195.15,1218.95,1208.51,11224242
2025-04-15,1251.0,1251.0,1237.1,1240.1,1229.48,13378535
2025-04-16,1234.1,1240.9,1229.0,1239.3,1228.69,8248464
2025-04-17,1240.2,1280.2,1227.6,1274.5,1263.59,15398401
2025-04-21,1270.0,1300.9,1267.0,1295.5,1284.41,10429964
2025-04-22,1300.0,1303.9,1286.3,1291.2,1280.14,13051707
2025-04-23,1297.0,1306.0,1285.4,1300.0,1288.87,10480888
2025-04-24,1292.4,1304.5,1290.3,1301.6,1290.46,10468940
2025-04-25,1303.5,1325.2,1288.1,1300.4,1289.27,14431012
2025-04-28,1340.0,1374.6,1320.2,1368.8,1357.08,31104496
2025-04-29,1371.0,1410.9,1370.0,1399.7,1387.72,32538970
2025-04-30,1402.0,1412.4,1369.0,1405.0,1392.97,25480745
2025-05-02,1414.0,1426.7,1409.1,1419.8,1407.64,13007841
2025-05-05,1431.0,1439.5,1426.9,1431.3,1419.05,12685649
2025-05-06,1431.0,1432.0,1410.6,1420.9,1408.73,14084117
2025-05-07,1420.9,1424.4,1402.7,1406.0,1393.96,13440169
2025-05-08,1404.1,1420.8,1398.0,1407.0,1394.95,16106175
2025-05-09,1385.5,1394.8,1374.5,1377.2,1365.41,13668904
2025-05-12,1400.0,1439.0,1400.0,1436.5,1424.2,10674081
2025-05-13,1433.5,1447.7,1412.4,1415.7,1403.58,11407896
2025-05-14,1420.0,1429.9,1415.5,1424.4,1412.2,5570160
2025-05-15,1425.0,1461.4,1412.7,1454.2,1441.75,20177211
2025-05-16,1453.2,1461.0,1447.3,1456.4,1443.93,9036695
2025-05-19,1452.1,1454.6,1438.2,1440.8,1428.46,6195791
2025-05-20,1438.2,1445.0,1421.8,1424.6,1412.4,11270560
2025-05-21,1423.9,1436.2,1418.1,1429.2,1416.96,6136364
2025-05-22,1421.2,1423.8,1396.9,1409.4,1397.33,12134466
2025-05-23,1406.6,1433.8,1406.6,1426.8,1414.58,6474883
2025-05-26,1432.0,1441.0,1425.1,1434.8,1422.52,4842944
2025-05-27,1426.1,1437.0,1413.9,1422.1,1409.92,12640414
2025-05-28,1420.1,1422.6,1410.7,1412.9,1400.8,5944611
2025-05-29,1412.1,1420.0,1408.6,1417.8,1405.66,13771917
2025-05-30,1418.0,1430.6,1409.7,1420.9,1408.73,13788484
2025-06-02,1412.1,1417.5,1395.6,1413.7,1401.6,8098668
2025-06-03,1422.3,1426.5,1403.4,1405.5,1393.47,11252626
2025-06-04,1414.7,1425.7,1406.1,1423.5,1411.31,8126827
2025-06-05,1428.0,1454.7,1423.6,1442.4,1430.05,13716817
2025-06-06,1441.0,1451.5,1437.0,1443.5,1431.14,8182161
2025-06-09,1457.0,1457.5,1445.3,1448.8,1436.4,7885125
2025-06-10,1450.0,1453.9,1436.0,1438.5,1426.18,7913181
2025-06-11,1445.8,1468.6,1443.1,1448.9,1436.49,8195700
2025-06-12,1453.5,1457.0,1434.4,1441.6,1429.26,8828114
2025-06-13,1424.0,1435.5,1414.3,1427.9,1415.67,9757276
2025-06-16,1426.9,1442.4,1424.4,1437.8,1425.49,8458093
2025-06-17,1448.0,1448.0,1425.8,1431.2,1418.95,10366599
2025-06-18,1430.0,1442.8,1425.7,1430.1,1417.86,6681735
2025-06-19,1430.1,1439.9,1425.7,1433.3,1421.03,10007230
2025-06-20,1431.0,1471.0,1428.1,1466.2,1453.65,29010635
2025-06-23,1453.0,1463.8,1442.0,1456.8,1444.33,5989078
2025-06-24,1465.0,1475.0,1443.1,1450.8,1438.38,16402744
2025-06-25,1464.0,1472.4,1460.5,1467.3,1454.74,7525851
2025-06-26,1469.1,1498.8,1465.1,1495.3,1482.5,14657893
2025-06-27,1499.4,1522.0,1496.9,1515.4,1502.43,11117052
2025-06-30,1513.8,1524.8,1496.0,1500.6,1487.75,8409527
2025-07-01,1500.6,1531.4,1500.1,1528.4,1515.31,10368523
2025-07-02,1528.4,1530.0,1508.7,1518.8,1505.8,6361002
2025-07-03,1520.8,1531.9,1513.0,1517.8,1504.8,11283291
2025-07-04,1524.0,1530.0,1517.2,1527.3,1514.22,6603501
2025-07-07,1526.6,1544.8,1525.0,1541.5,1528.3,7251074
2025-07-08,1536.0,1544.9,1530.2,1537.6,1524.44,7171261
2025-07-09,1536.7,1551.0,1510.1,1519.0,1505.99,8870660
2025-07-10,1519.7,1524.7,1507.5,1517.2,1504.21,10047129
2025-07-11,1512.0,1515.0,1490.3,1495.2,1482.4,7234991
2025-07-14,1492.2,1500.0,1479.1,1483.7,1471.0,10311846
2025-07-15,1486.2,1496.5,1482.4,1485.4,1472.68,8132454
2025-07-16,1473.0,1491.0,1471.5,1485.6,1472.88,10409983
2025-07-17,1487.4,1489.6,1473.9,1476.4,1463.76,11854613
2025-07-18,1484.8,1484.8,1469.1,1476.0,1463.36,10296318
2025-07-21,1465.0,1476.0,1423.1,1428.6,1416.37,22442744
2025-07-22,1427.4,1431.9,1410.7,1412.8,1400.7,20396320
2025-07-23,1426.0,1426.0,1414.4,1424.6,1412.4,8354596
2025-07-24,1419.2,1423.0,1396.0,1402.9,1390.89,14740507
2025-07-25,1398.9,1401.0,1384.1,1391.7,1379.78,11854722
2025-07-28,1392.3,1407.8,1385.0,1387.6,1375.72,7748361
2025-07-29,1383.0,1420.2,1383.0,1417.1,1404.97,10750072
2025-07-30,1418.1,1423.3,1401.3,1410.1,1398.03,7209849
2025-07-31,1388.1,1402.6,1382.2,1390.2,1378.3,17065827
2025-08-01,1386.9,1405.9,1384.3,1393.7,1381.77,10321171
2025-08-04,1395.1,1416.1,1391.7,1411.5,1399.41,6312820
2025-08-05,1411.0,1411.0,1388.1,1391.7,1379.78,9315972
2025-08-06,1391.9,1395.9,1383.3,1392.8,1380.87,5834312
2025-08-07,1387.7,1393.7,1366.0,1389.4,1377.5,9976705
2025-08-08,1385.0,1397.2,1365.0,1367.8,1356.09,8793606
2025-08-11,1370.0,1388.0,1361.2,1386.2,1374.33,9997486
2025-08-12,1381.9,1401.9,1375.2,1380.4,1368.58,12244664
2025-08-13,1388.0,1391.8,1377.5,1382.6,1370.76,7457021
2025-08-14,1377.3,1380.7,1370.1,1373.8,1367.48,7126128
2025-08-18,1390.0,1394.9,1377.0,1381.7,1375.34,11785109
2025-08-19,1390.0,1421.0,1389.1,1420.1,1413.56,14384719
2025-08-20,1413.0,1424.9,1410.0,1413.0,1406.5,8725641
2025-08-21,1425.0,1431.9,1420.3,1424.8,1418.24,11021323
2025-08-22,1420.0,1423.4,1407.9,1409.2,1402.71,5818868
2025-08-25,1414.7,1419.5,1405.7,1412.6,1406.1,5979407
2025-08-26,1408.0,1410.0,1381.6,1384.9,1378.53,12145259
2025-08-28,1389.9,1392.2,1366.5,1385.9,1379.52,13161813
2025-08-29,1381.1,1403.5,1350.0,1357.2,1350.95,18758842
2025-09-01,1356.0,1363.2,1340.6,1353.9,1347.67,11232238
2025-09-02,1354.8,1384.5,1354.5,1366.5,1360.21,11517006
2025-09-03,1369.7,1376.5,1360.5,1372.6,1366.28,7847563
2025-09-04,1371.8,1374.0,1357.1,1359.3,1353.04,13223177
2025-09-05,1363.0,1381.0,1359.3,1375.0,1368.67,5777575
2025-09-08,1380.0,1386.0,1372.4,1378.5,1372.16,6986720
2025-09-09,1376.6,1381.2,1368.7,1376.2,1369.87,9754452
2025-09-10,1383.9,1388.5,1374.1,1377.0,1370.66,7790815
2025-09-11,1376.0,1385.5,1375.0,1383.3,1376.93,9766072
2025-09-12,1383.3,1396.3,1380.5,1395.0,1388.58,7403368
2025-09-15,1393.0,1400.8,1388.6,1399.3,1392.86,5396697
2025-09-16,1404.7,1408.0,1398.2,1405.3,1398.83,8686961
2025-09-17,1407.0,1416.2,1406.9,1413.8,1407.29,7519417
2025-09-18,1420.4,1422.0,1410.7,1415.0,1408.49,9332642
2025-09-19,1414.9,1417.0,1403.6,1407.4,1400.92,13461373
2025-09-22,1403.9,1410.7,1388.0,1390.6,1384.2,7757970
2025-09-23,1391.0,1395.0,1376.8,1389.8,1383.4,14014702
2025-09-24,1385.3,1396.0,1380.4,1383.0,1376.64,5922759
2025-09-25,1381.3,1384.5,1369.0,1372.4,1366.08,11411143
2025-09-26,1372.0,1382.7,1366.0,1377.6,1371.26,9879109
2025-09-29,1381.6,1389.0,1368.0,1372.8,1366.48,14231999
2025-09-30,1377.1,1377.1,1362.8,1364.0,1357.72,14604684
2025-10-01,1367.0,1378.6,1362.7,1368.7,1362.4,12045916
2025-10-03,1363.2,1371.6,1356.9,1363.4,1357.13,12842347
2025-10-06,1360.0,1377.4,1359.0,1375.0,1368.67,12396580
2025-10-07,1376.0,1395.9,1375.9,1384.8,1378.43,11244040
2025-10-08,1384.8,1389.0,1364.5,1367.4,1361.11,8525081
2025-10-09,1374.0,1380.0,1369.1,1377.8,1371.46,8826633
2025-10-10,1377.8,1388.0,1375.1,1381.7,1375.34,6373084
2025-10-13,1376.9,1377.7,1367.8,1375.0,1368.67,7600682
2025-10-14,1380.0,1388.0,1370.1,1375.9,1369.57,9768174
2025-10-15,1383.0,1384.0,1372.7,1374.3,1367.98,10882743
2025-10-16,1375.1,1400.5,1375.0,1398.3,1391.86,12315932
2025-10-17,1401.0,1423.3,1399.1,1416.8,1410.28,19335561
2025-10-20,1440.0,1473.8,1433.3,1466.8,1460.05,24721978
2025-10-21,1468.0,1474.0,1460.0,1465.2,1458.46,2066169
2025-10-23,1475.0,1482.9,1444.6,1448.4,1441.73,18707090
2025-10-24,1450.0,1459.8,1441.0,1451.6,1444.92,9700837
2025-10-27,1463.0,1485.0,1458.0,1484.1,1477.27,14113867
2025-10-28,1484.1,1492.0,1477.6,1486.9,1480.06,17631577
2025-10-29,1490.0,1508.3,1488.1,1504.2,1497.28,11884745
2025-10-30,1500.0,1503.1,1484.0,1488.5,1481.65,9318663
2025-10-31,1490.4,1497.5,1482.3,1486.4,1479.56,8758053
2025-11-03,1486.0,1495.0,1479.3,1484.7,1477.87,8452085
2025-11-04,1483.9,1492.8,1470.1,1473.1,1466.32,10007806
2025-11-06,1484.0,1501.6,1476.2,1496.1,1489.21,16772678
2025-11-07,1494.6,1498.4,1475.9,1478.0,1471.2,7821765
2025-11-10,1477.9,1501.0,1475.5,1489.3,1482.45,7068438
2025-11-11,1497.0,1498.8,1480.2,1493.4,1486.53,7127506
2025-11-12,1505.0,1524.7,1500.0,1511.5,1504.54,12384459
2025-11-13,1515.0,1522.1,1506.8,1510.9,1503.95,7196443
2025-11-14,1505.5,1520.9,1505.5,1518.9,1511.91,7682823
2025-11-17,1520.9,1523.7,1511.5,1518.3,1511.31,5871416
2025-11-18,1521.7,1527.8,1510.5,1519.4,1512.41,11045042
2025-11-19,1517.4,1522.3,1512.0,1518.9,1511.91,5692366
2025-11-20,1530.0,1550.9,1526.7,1549.1,1541.97,18171724
2025-11-21,1541.0,1557.8,1540.1,1546.6,1539.48,9615271
2025-11-24,1550.0,1550.0,1531.8,1535.9,1528.83,18433951
2025-11-25,1535.9,1559.6,1525.1,1539.7,1532.61,15033482
2025-11-26,1542.3,1571.6,1540.5,1569.9,1562.67,14054299
2025-11-27,1575.0,1575.5,1556.0,1563.4,1556.2,9794643
2025-11-28,1568.0,1581.3,1563.0,1567.5,1560.29,8959508
2025-12-01,1575.0,1577.5,1563.6,1566.1,1558.89,8920233
2025-12-02,1561.1,1567.5,1542.0,1546.3,1539.18,11389150
2025-12-03,1545.2,1552.4,1533.0,1538.8,1531.72,6090883
2025-12-04,1536.0,1560.5,1517.6,1535.6,1528.53,11867930
2025-12-05,1530.4,1545.8,1520.6,1540.6,1533.51,10183266
2025-12-08,1539.2,1551.0,1535.0,1543.0,1535.9,11301491
2025-12-09,1540.3,1542.5,1520.1,1529.4,1522.36,11503971
2025-12-10,1534.0,1547.5,1531.4,1536.9,1529.83,7991629
2025-12-11,1536.9,1550.0,1524.0,1545.0,1537.89,4706197
2025-12-12,1550.8,1559.8,1546.1,1556.5,1549.34,5106655
2025-12-15,1551.2,1558.6,1546.5,1556.2,1549.04,5774543
2025-12-16,1545.0,1551.7,1538.8,1542.3,1535.2,11731856
2025-12-17,1550.0,1550.0,1539.3,1544.4,1537.29,7116649
2025-12-18,1535.2,1551.5,1535.2,1544.4,1537.29,6580829
2025-12-19,1554.4,1574.2,1551.0,1565.1,1557.9,13937275
2025-12-22,1573.5,1577.5,1565.3,1575.4,1568.15,10184852
2025-12-23,1580.9,1580.9,1568.1,1570.7,1563.47,7506564
2025-12-24,1572.7,1575.7,1553.6,1558.2,1551.03,8815745
2025-12-26,1554.7,1561.0,1554.3,1559.2,1552.02,2311495
2025-12-29,1554.9,1558.1,1543.6,1545.6,1538.49,5972105
2025-12-30,1547.0,1553.6,1537.8,1539.8,1532.71,8815884
2025-12-31,1541.0,1577.0,1541.0,1570.4,1563.17,5771830
2026-01-01,1573.7,1592.5,1571.1,1575.6,1568.35,6408128
2026-01-02,1580.0,1594.6,1578.2,1592.3,1584.97,6602230
2026-01-05,1593.0,1611.8,1575.3,1578.1,1570.84,8704973
2026-01-06,1569.0,1569.0,1496.3,1507.6,1500.66,27417125
2026-01-07,1510.0,1520.0,1498.0,1504.2,1497.28,11199340
2026-01-08,1500.0,1503.9,1468.8,1470.6,1463.83,16518684
2026-01-09,1465.0,1479.9,1465.0,1475.3,1468.51,8335311
2026-01-12,1475.3,1485.3,1451.0,1483.2,1476.37,8883745
2026-01-13,1485.0,1485.8,1444.7,1452.8,1446.11,13499760
2026-01-14,1444.0,1467.0,1440.2,1458.8,1452.09,8321764
2026-01-15,1458.8,1458.8,1458.8,1458.8,1452.09,0
2026-01-16,1458.8,1480.0,1455.1,1457.9,1451.19,17167161
2026-01-19,1450.6,1450.6,1403.3,1413.6,1407.09,20392765
2026-01-20,1410.7,1416.0,1390.0,1394.0,1387.58,13189498
2026-01-21,1389.5,1412.9,1373.0,1404.6,1398.14,17352720
2026-01-22,1410.1,1419.5,1395.0,1402.5,1396.05,15721693
2026-01-23,1401.8,1407.0,1381.0,1386.1,1379.72,9837802
2026-01-27,1380.0,1391.6,1368.0,1380.5,1374.15,26302396
2026-01-28,1385.0,1409.9,1384.9,1396.7,1390.27,11121657
2026-01-29,1402.9,1402.9,1384.0,1391.0,1384.6,20846683
2026-01-30,1382.6,1398.0,1378.5,1395.4,1388.98,11239835
2026-02-02,1340.0,1392.9,1335.5,1390.4,1384.0,15711165
2026-02-03,1473.9,1489.5,1430.2,1437.1,1430.49,25456171
2026-02-04,1444.0,1464.0,1440.3,1456.8,1450.1,8333387
2026-02-05,1457.0,1461.5,1439.5,1443.4,1436.76,11763658
2026-02-06,1441.5,1452.8,1433.5,1450.8,1444.12,8277304
2026-02-09,1458.0,1465.9,1453.0,1461.6,1454.87,5775864
2026-02-10,1471.0,1471.0,1452.2,1458.5,1451.79,10259630
2026-02-11,1459.6,1470.0,1453.6,1468.7,1461.94,7106877
2026-02-12,1470.0,1473.0,1445.5,1448.9,1442.23,11135399
2026-02-13,1445.5,1450.7,1416.3,1419.6,1413.07,10755693
2026-02-16,1420.1,1439.6,1409.3,1437.1,1430.49,5896514
2026-02-17,1431.1,1431.8,1418.6,1423.0,1416.45,10731630
2026-02-18,1427.0,1442.1,1419.2,1441.3,1434.67,5521096
2026-02-19,1443.0,1443.0,1400.0,1409.5,1403.01,11884664
2026-02-20,1409.5,1427.4,1406.1,1419.4,1412.87,8177670
2026-02-23,1425.0,1434.9,1418.3,1428.0,1421.43,7758856
2026-02-24,1425.3,1433.3,1415.0,1428.8,1422.22,12529409
2026-02-25,1435.0,1440.5,1393.5,1398.5,1392.06,10728792
2026-02-26,1398.5,1412.9,1391.9,1406.8,1400.33,16683858
2026-02-27,1398.0,1410.4,1388.1,1393.9,1387.48,12031440
2026-03-02,1375.5,1378.6,1341.5,1358.0,1351.75,23728722
2026-03-04,1330.0,1352.8,1307.0,1345.0,1338.81,32495007
2026-03-05,1353.1,1399.0,1353.1,1389.4,1383.01,25957532
2026-03-06,1396.5,1424.3,1390.3,1404.8,1398.33,19311971
2026-03-09,1375.0,1429.4,1370.0,1424.0,1417.45,24870822
2026-03-10,1430.6,1431.5,1400.6,1408.8,1402.32,18071259
2026-03-11,1424.9,1434.0,1383.6,1390.2,1383.8,21848087
2026-03-12,1390.0,1410.9,1381.1,1392.2,1385.79,20939959
2026-03-13,1385.2,1400.8,1378.4,1380.7,1374.35,17265090
2026-03-16,1380.0,1397.3,1363.5,1395.1,1388.68,22837802
2026-03-17,1399.0,1405.9,1388.2,1397.6,1391.17,19007744
2026-03-18,1397.2,1412.9,1397.2,1408.1,1401.62,9559327
2026-03-19,1388.0,1415.7,1376.1,1384.8,1378.43,16498373
2026-03-20,1398.0,1430.0,1396.1,1414.4,1407.89,22994918
2026-03-23,1400.0,1415.6,1391.0,1407.8,1401.32,18979554
2026-03-24,1420.0,1422.4,1406.6,1411.8,1405.3,18620893
2026-03-25,1420.0,1430.5,1408.4,1413.1,1406.6,19041331
2026-03-27,1401.0,1404.7,1345.0,1348.1,1341.9,23266517
2026-03-30,1335.0,1365.0,1334.1,1343.9,1337.71,24393861
2026-04-01,1384.2,1384.4,1362.9,1369.2,1362.9,14404619
2026-04-02,1357.0,1358.2,1328.0,1350.5,1344.28,21280051
2026-04-06,1359.0,1359.0,1290.0,1304.7,1298.7,29274881
2026-04-07,1295.0,1308.3,1291.0,1304.6,1298.6,28388922
2026-04-08,1349.0,1350.6,1326.2,1347.8,1341.6,21817543
2026-04-09,1346.0,1350.0,1326.3,1330.0,1323.88,20725390
2026-04-10,1337.0,1352.3,1331.5,1350.2,1343.99,19364461
2026-04-13,1321.2,1327.6,1310.0,1315.1,1309.05,28753269
2026-04-15,1337.0,1347.0,1334.2,1344.1,1337.91,15313779
2026-04-16,1352.0,1353.8,1330.0,1343.3,1337.12,30211012
2026-04-17,1340.0,1368.4,1340.0,1365.0,1358.72,13869105
2026-04-20,1363.2,1373.0,1352.8,1363.3,1357.03,13614733
2026-04-21,1359.0,1369.8,1350.1,1353.3,1347.07,27293629
2026-04-22,1350.3,1366.0,1349.1,1362.1,1355.83,9525953
2026-04-23,1346.0,1355.5,1340.7,1343.4,1337.22,16385079
2026-04-24,1340.0,1345.9,1325.0,1327.8,1321.69,11744802
2026-04-27,1313.0,1371.6,1311.0,1365.8,1359.51,24673098
2026-04-28,1358.0,1395.2,1357.0,1388.9,1382.51,41027699
2026-04-29,1392.0,1433.8,1391.3,1425.4,1418.84,30542143
2026-04-30,1409.0,1437.0,1393.1,1430.8,1424.22,30957881
2026-05-01,1430.8,1430.8,1430.8,1430.8,1424.22,0
2026-05-04,1433.4,1467.4,1433.4,1463.1,1456.37,24035700
2026-05-05,1460.0,1473.4,1450.0,1463.6,1456.86,23543341
2026-05-06,1463.0,1473.3,1427.5,1437.9,1431.28,14221786
2026-05-07,1438.8,1449.5,1430.3,1436.2,1429.59,19816903
2026-05-08,1426.0,1442.8,1417.5,1435.2,1428.59,8663105
2026-05-11,1420.0,1428.0,1382.0,1388.2,1381.81,15261787
2026-05-12,1392.0,1393.5,1360.3,1364.0,1357.72,24357500
2026-05-13,1361.4,1372.4,1352.4,1358.8,1352.55,13797989
2026-05-14,1365.2,1378.0,1358.4,1361.8,1355.53,17303059
2026-05-15,1356.8,1364.8,1329.2,1336.4,1330.25,19976192
2026-05-18,1334.0,1342.0,1318.7,1335.9,1329.75,13022473
2026-05-19,1338.7,1344.0,1318.4,1322.7,1316.61,21665501
2026-05-20,1318.7,1362.9,1312.6,1359.7,1353.44,13248515
2026-05-21,1367.2,1370.9,1345.2,1349.6,1343.39,17150630
2026-05-22,1350.0,1367.4,1349.1,1354.5,1348.27,7105813
2026-05-25,1366.8,1371.1,1357.0,1367.0,1360.71,6750071
2026-05-26,1360.1,1368.5,1352.4,1356.3,1350.06,13769747
2026-05-27,1353.0,1361.0,1348.6,1350.5,1344.28,13215138
2026-05-28,1350.5,1350.5,1350.5,1350.5,1344.28,0
2026-05-29,1364.0,1369.0,1317.0,1321.2,1315.12,42634247
2026-06-01,1332.5,1335.5,1318.5,1320.0,1313.92,10700603
2026-06-02,1307.7,1327.8,1300.3,1314.6,1308.55,23302785
2026-06-03,1315.0,1324.0,1301.0,1313.2,1307.16,20012293
2026-06-04,1301.0,1311.2,1293.1,1303.7,1297.7,23474327
2026-06-05,1304.5,1306.0,1288.0,1291.0,1291.0,17785223
2026-06-08,1277.0,1282.6,1259.2,1263.3,1263.3,16494759
2026-06-09,1269.0,1274.2,1257.5,1269.2,1269.2,23620214
2026-06-10,1275.0,1300.5,1254.4,1258.8,1258.8,21012796
2026-06-11,1258.0,1276.0,1253.2,1263.0,1263.0,13117486
2026-06-12,1277.0,1297.0,1262.5,1293.0,1293.0,11988785
2026-06-15,1315.3,1325.0,1303.3,1307.0,1307.0,18633321
2026-06-16,1313.4,1333.4,1306.4,1328.8,1328.8,18513223
2026-06-17,1333.0,1334.0,1317.0,1332.7,1332.7,10029170
2026-06-18,1330.0,1333.9,1322.0,1328.1,1328.1,15494549
2026-06-19,1328.0,1338.2,1305.3,1309.5,1309.5,24887034
2026-06-22,1316.7,1344.9,1314.1,1326.5,1326.5,12931213
2026-06-23,1328.9,1333.0,1304.0,1309.5,1309.5,15400184
2026-06-24,1305.7,1322.0,1297.5,1313.6,1313.6,11030917
2026-06-25,1318.0,1328.0,1314.6,1318.1,1318.1,12694362
2026-06-26,1318.1,1318.1,1318.1,1318.1,1318.1,0
2026-06-29,1308.0,1313.7,1292.6,1301.0,1301.0,13757656
2026-06-30,1306.9,1306.9,1290.0,1293.9,1293.9,15695263
2026-07-01,1298.9,1312.2,1296.5,1308.0,1308.0,7001401
2026-07-02,1310.0,1313.2,1299.0,1303.5,1303.5,17795024
2026-07-03,1312.0,1312.0,1302.0,1304.0,1304.0,7839550
2026-07-06,1304.0,1325.6,1299.4,1321.3,1321.3,7610709
2026-07-07,1323.5,1328.0,1304.1,1308.4,1308.4,14335554
2026-07-08,1297.0,1302.3,1271.6,1275.9,1275.9,19960868
2026-07-09,1277.1,1296.5,1274.2,1279.8,1279.8,14651963
2026-07-10,1291.9,1311.1,1287.8,1307.8,1307.8,8412537
2026-07-13,1300.0,1306.4,1295.0,1296.9,1296.9,9488352
2026-07-14,1290.0,1308.0,1286.9,1293.0,1293.0,13511284
2026-07-15,1294.1,1310.9,1294.1,1295.5,1295.5,9577965
2026-07-16,1295.5,1309.4,1291.8,1296.6,1296.6,15631046
2026-07-17,1300.0,1330.3,1296.1,1327.2,1327.2,18302218
2026-07-20,1317.2,1345.9,1314.9,1323.1,1323.1,14305844
2026-07-21,1321.0,1326.9,1302.7,1303.7,1303.7,12753410
2026-07-22,1302.0,1304.6,1280.7,1288.6,1288.6,10840383
2026-07-23,1283.0,1287.3,1268.0,1272.2,1272.2,12580741
2026-07-24,1265.0,1283.4,1249.8,1278.0,1278.0,9817000
2026-07-27,1288.2,1288.7,1278.0,1280.0,1280.0,7163132
2026-07-28,1275.0,1279.2,1265.9,1267.7,1267.7,9312184
2026-07-29,1275.0,1282.4,1268.7,1275.9,1275.9,9448307
2026-07-30,1279.8,1297.0,1275.3,1292.9,1292.9,12158451
2026-07-31,1295.0,1309.7,1293.6,1307.8,1307.8,8624996
2026-08-03,1315.2,1319.0,1306.0,1319.0,1319.0,7508023
2026-08-04,1315.0,1315.0,1286.4,1290.9,1290.9,10759546
2026-08-05,1293.0,1299.0,1270.1,1280.0,1280.0,24820782
2026-08-06,1285.0,1325.2,1281.2,1325.0,1325.0,20342297
2026-08-07,1320.0,1337.0,1316.6,1334.8,1334.8,9885638
2026-08-10,1330.1,1332.9,1321.3,1327.3,1327.3,8207102
2026-08-11,1326.6,1328.7,1314.1,1323.9,1323.9,9953124
2026-08-12,1323.9,1329.0,1309.2,1329.0,1329.0,7901012
2026-08-13,1327.8,1327.8,1307.2,1317.0,1317.0,9397301
2026-08-14,1317.0,1317.5,1301.5,1310.0,1310.0,10497358
2026-08-17,1314.0,1320.8,1298.1,1316.0,1316.0,13383867
2026-08-18,1314.0,1328.6,1311.2,1322.0,1322.0,10180567
2026-08-19,1320.3,1321.6,1303.5,1311.0,1311.0,7489365
2026-08-20,1315.5,1316.5,1307.0,1313.2,1313.2,5546227
2026-08-21,1314.0,1316.0,1308.0,1316.0,1316.0,5434871
2026-08-24,1316.6,1320.0,1302.4,1309.8,1309.8,7277167
2026-08-25,1304.3,1317.1,1300.0,1317.0,1317.0,7115355
2026-08-26,1310.0,1315.6,1298.0,1298.0,1298.0,5744474
2026-08-27,1305.0,1308.4,1282.2,1282.2,1282.2,11271497
2026-08-28,1284.9,1291.8,1280.0,1287.0,1287.0,6830228
2026-08-31,1278.7,1297.6,1271.0,1277.0,1277.0,34871137
2026-09-01,1285.0,1311.8,1280.0,1309.0,1309.0,12617528
2026-09-02,1298.0,1321.9,1293.1,1313.1,1313.1,13497841
2026-09-03,1313.1,1316.8,1302.5,1302.5,1302.5,9721454
2026-09-04,1304.1,1333.0,1304.1,1322.0,1322.0,13031534
2026-09-07,1323.1,1324.2,1301.9,1309.5,1309.5,10210522
2026-09-08,1304.1,1306.8,1288.0,1294.9,1294.9,9799528
2026-09-09,1283.5,1294.7,1277.2,1279.0,1279.0,12152819
2026-09-10,1278.5,1285.3,1266.3,1274.0,1274.0,9296079
2026-09-11,1267.0,1267.4,1253.0,1257.5,1257.5,8777736
2026-09-14,1257.5,1257.5,1257.5,1257.5,1257.5,0
2026-09-15,1252.5,1259.4,1235.3,1235.3,1235.3,13754376
2026-09-16,1243.0,1255.0,1240.0,1240.0,1240.0,10023997
2026-09-17,1244.8,1253.4,1238.5,1243.9,1243.9,7752895
2026-09-18,1245.0,1247.3,1226.4,1226.4,1226.4,15122715
2026-09-21,1234.1,1249.1,1232.5,1247.4,1247.4,10007218
2026-09-22,1247.6,1251.9,1237.4,1240.4,1240.4,10684376
2026-09-23,1242.0,1252.8,1238.9,1248.0,1248.0,8352048
2026-09-24,1236.6,1241.6,1219.2,1219.2,1219.2,13923795
2026-09-25,1210.5,1227.4,1210.5,1226.0,1226.0,13138735
2026-09-28,1218.0,1219.7,1197.0,1197.6,1197.6,13602349
2026-09-29,1193.8,1198.3,1181.8,1182.0,1182.0,24191416
2026-09-30,1182.0,1196.5,1181.7,1187.0,1187.0,16376789
2026-10-01,1180.1,1183.9,1160.8,1167.7,1167.7,16771221
